announcement_id,stock_code,stock_name,title,publish_date,publish_time_ms,announcement_url,adjunct_url,column,category,org_id,raw_hash,crawled_at
1225382415,000014,沙河股份,关于召开2026年第三次临时股东会的提示性公告,2026-06-24,1782230400000,http://static.cninfo.com.cn/finalpage/2026-06-24/1225382415.PDF,finalpage/2026-06-24/1225382415.PDF,szse,01010503||010112||011901,gssz0000014,7ba63cb284c35ebe7f378e21f48d61daa11a75e2,2026-06-24T12:35:29.675004+00:00
1225382685,000020,深华发Ａ,关于召开2026年第一次临时股东会的提示性公告,2026-06-24,1782230400000,http://static.cninfo.com.cn/finalpage/2026-06-24/1225382685.PDF,finalpage/2026-06-24/1225382685.PDF,szse,01010503||010112||011901,gssz0000020,064c4a244721000dff9fb865e1e124369dc26240,2026-06-24T12:35:21.977539+00:00
1225384431,000029,深深房Ａ,关于控股股东减持股份预披露公告,2026-06-24,1782230400000,http://static.cninfo.com.cn/finalpage/2026-06-24/1225384431.PDF,finalpage/2026-06-24/1225384431.PDF,szse,01010503||010112||011501||012399,gssz0000029,e5c31dd1e484e116ce44ef58bf70ce29250b82ff,2026-06-24T12:34:26.315699+00:00
1225383483,000070,特发信息,股票交易异常波动公告,2026-06-24,1782230400000,http://static.cninfo.com.cn/finalpage/2026-06-24/1225383483.PDF,finalpage/2026-06-24/1225383483.PDF,szse,01010503||010112||012103,gssz0000070,9cc74426a0fdeb60710fcaa900b70404d6836710,2026-06-24T12:34:59.895392+00:00
1225384323,000078,ST海王,关于董事、高级管理人员增持公司股份计划的公告,2026-06-24,1782230400000,http://static.cninfo.com.cn/finalpage/2026-06-24/1225384323.PDF,finalpage/2026-06-24/1225384323.PDF,szse,01010503||010112||011501||01230350,gssz0000078,38e0ba700a26dd1a370854e6b2cded9b8c2e90f6,2026-06-24T12:34:29.577804+00:00
1225383707,000096,广聚能源,关于全资子公司对外投资设立合资公司暨战略合作协议的进展公告,2026-06-24,1782230400000,http://static.cninfo.com.cn/finalpage/2026-06-24/1225383707.PDF,finalpage/2026-06-24/1225383707.PDF,szse,01010503||010112||011705,gssz0000096,1ed211a7b311e56145677a5c42d1aa809fec3ccb,2026-06-24T12:34:50.548403+00:00
1225382686,000100,TCL科技,关于2026年回购社会公众股份首次回购实施情况的公告,2026-06-24,1782230400000,http://static.cninfo.com.cn/finalpage/2026-06-24/1225382686.PDF,finalpage/2026-06-24/1225382686.PDF,szse,01010503||010112||011513,gssz0000100,8df9890b6837c41f35e3303a674e0e024d5d0c0f,2026-06-24T12:35:21.977539+00:00
1225383842,000157,中联重科,2025年年度股东会决议公告,2026-06-24,1782230400000,http://static.cninfo.com.cn/finalpage/2026-06-24/1225383842.PDF,finalpage/2026-06-24/1225383842.PDF,szse,01010503||010112||011905,gssz0000157,3105c98ba235089944438ac465fce2d29937d0df,2026-06-24T12:34:46.804580+00:00
1225383844,000157,中联重科,H股公告：可转股债券的转股价格调整,2026-06-24,1782230400000,http://static.cninfo.com.cn/finalpage/2026-06-24/1225383844.PDF,finalpage/2026-06-24/1225383844.PDF,szse,01010503||010112||012399,gssz0000157,843da186e151261fe072b56027dcac65c9d3e303,2026-06-24T12:34:46.804580+00:00
1225383843,000157,中联重科,上海市方达（北京）律师事务所关于中联重科股份有限公司2025年年度股东会的法律意见书,2026-06-24,1782230400000,http://static.cninfo.com.cn/finalpage/2026-06-24/1225383843.PDF,finalpage/2026-06-24/1225383843.PDF,szse,01010901||010112||011999||012903,gssz0000157,c50acca893eb1ba64a25663122cc6a70b975b32d,2026-06-24T12:34:46.804580+00:00
1225383841,000157,中联重科,第七届董事会2026年度第二次临时会议决议公告,2026-06-24,1782230400000,http://static.cninfo.com.cn/finalpage/2026-06-24/1225383841.PDF,finalpage/2026-06-24/1225383841.PDF,szse,01010503||010112||01239901,gssz0000157,c5b1a278af29eb0dd06a29156a97d38d170bbe1b,2026-06-24T12:34:46.804580+00:00
1225383845,000157,中联重科,高级管理人员薪酬管理制度（2026年6月）,2026-06-24,1782230400000,http://static.cninfo.com.cn/finalpage/2026-06-24/1225383845.PDF,finalpage/2026-06-24/1225383845.PDF,szse,01010503||010112||013199,gssz0000157,aef3148dd04ea2e1ad3b870f4354428b45aa6226,2026-06-24T12:34:46.804580+00:00
1225382687,000158,常山北明,关于公司控股股东部分股份质押延期购回的公告,2026-06-24,1782230400000,http://static.cninfo.com.cn/finalpage/2026-06-24/1225382687.PDF,finalpage/2026-06-24/1225382687.PDF,szse,01010503||010112||012307,gssz0000158,e1b80f10cdf403e160a9742404c0005ea09cfc95,2026-06-24T12:35:21.977539+00:00
1225383219,000411,英特集团,2025年度第三期超短期融资券兑付公告,2026-06-24,1782230400000,http://static.cninfo.com.cn/finalpage/2026-06-24/1225383219.PDF,finalpage/2026-06-24/1225383219.PDF,szse,01010503||010112||011103,gssz0000411,3e92236a44fa89835bb8002fa89930b7a3d939b2,2026-06-24T12:35:09.581590+00:00
1225383217,000411,英特集团,2025年度股东会决议公告,2026-06-24,1782230400000,http://static.cninfo.com.cn/finalpage/2026-06-24/1225383217.PDF,finalpage/2026-06-24/1225383217.PDF,szse,01010503||010112||011905,gssz0000411,4c5fbd5062c9bfa0c41952c4f739bbff9017b8e9,2026-06-24T12:35:09.581590+00:00
1225383218,000411,英特集团,北京大成（杭州）律师事务所关于浙江英特集团股份有限公司的法律意见书,2026-06-24,1782230400000,http://static.cninfo.com.cn/finalpage/2026-06-24/1225383218.PDF,finalpage/2026-06-24/1225383218.PDF,szse,01010901||010112||012903,gssz0000411,04b6a970bbc8c24cadec67ba85528d60bc8723e7,2026-06-24T12:35:09.581590+00:00
1225383364,000415,渤海租赁,关于股份回购实施结果暨股份变动的公告,2026-06-24,1782230400000,http://static.cninfo.com.cn/finalpage/2026-06-24/1225383364.PDF,finalpage/2026-06-24/1225383364.PDF,szse,01010503||010112||011513,gssz0000415,1851fc1c26e88f4b426f850233e97cd9881f20bd,2026-06-24T12:35:04.882885+00:00
1225382488,000419,通程控股,通程控股关于收到全部股权转让款的公告,2026-06-24,1782230400000,http://static.cninfo.com.cn/finalpage/2026-06-24/1225382488.PDF,finalpage/2026-06-24/1225382488.PDF,szse,01010503||010112||011507,gssz0000419,9df29f954cb8e1c61bb1e7ef4796872a8ada9fb0,2026-06-24T12:35:28.451467+00:00
1225383956,000422,湖北宜化,关于召开2026年第三次临时股东会的通知,2026-06-24,1782230400000,http://static.cninfo.com.cn/finalpage/2026-06-24/1225383956.PDF,finalpage/2026-06-24/1225383956.PDF,szse,01010503||010112||011901,gssz0000422,518f11f8b3a42e6aef21d5259506e9709ef3c133,2026-06-24T12:34:44.623653+00:00
1225383957,000422,湖北宜化,关于向参股公司提供财务资助的公告,2026-06-24,1782230400000,http://static.cninfo.com.cn/finalpage/2026-06-24/1225383957.PDF,finalpage/2026-06-24/1225383957.PDF,szse,01010503||010112||011713,gssz0000422,77f910c31547620debe750819e2aef0ea768ccb1,2026-06-24T12:34:44.623653+00:00
1225384068,000422,湖北宜化,北京德恒律师事务所关于湖北宜化化工股份有限公司向不特定对象发行可转换公司债券并在深圳证券交易所上市的法律意见,2026-06-24,1782230400000,http://static.cninfo.com.cn/finalpage/2026-06-24/1225384068.PDF,finalpage/2026-06-24/1225384068.PDF,szse,01010901||010112||012903,gssz0000422,eae0c52bbdd5a5a3b3668135750f1d292aedf272,2026-06-24T12:34:40.990928+00:00
1225383958,000422,湖北宜化,华泰联合证券有限责任公司关于湖北宜化化工股份有限公司提供财务资助的核查意见,2026-06-24,1782230400000,http://static.cninfo.com.cn/finalpage/2026-06-24/1225383958.PDF,finalpage/2026-06-24/1225383958.PDF,szse,010109||010112||0129,gssz0000422,8faa256787eeed219c62622eb93328c2a3850d30,2026-06-24T12:34:44.623653+00:00
1225384062,000422,湖北宜化,向不特定对象发行可转换公司债券募集说明书提示性公告,2026-06-24,1782230400000,http://static.cninfo.com.cn/finalpage/2026-06-24/1225384062.PDF,finalpage/2026-06-24/1225384062.PDF,szse,01010503||010112||010999,gssz0000422,79e25f5c6bc6d6b511f3879673210dedf2e3e6d1,2026-06-24T12:34:40.991934+00:00
1225384065,000422,湖北宜化,向不特定对象发行可转换公司债券发行公告,2026-06-24,1782230400000,http://static.cninfo.com.cn/finalpage/2026-06-24/1225384065.PDF,finalpage/2026-06-24/1225384065.PDF,szse,01010503||010112||010907||010999,gssz0000422,2f9db92041d6037e858fca0e8f7bb4e47baeea21,2026-06-24T12:34:40.991934+00:00
1225384066,000422,湖北宜化,向不特定对象发行可转换公司债券网上路演公告,2026-06-24,1782230400000,http://static.cninfo.com.cn/finalpage/2026-06-24/1225384066.PDF,finalpage/2026-06-24/1225384066.PDF,szse,01010503||010112||010999,gssz0000422,9c0a3b9af0d558816cf8bfdfdfe39a261cacce2c,2026-06-24T12:34:40.990928+00:00
1225384069,000422,湖北宜化,湖北宜化化工股份有限公司向不特定对象发行可转换公司债券信用评级报告,2026-06-24,1782230400000,http://static.cninfo.com.cn/finalpage/2026-06-24/1225384069.PDF,finalpage/2026-06-24/1225384069.PDF,szse,01010503||01010907||010112||010999||0129,gssz0000422,da414ef4dd4f16ae861810c87b61052fbdfc0768,2026-06-24T12:34:40.990928+00:00
1225384063,000422,湖北宜化,湖北宜化化工股份有限公司向不特定对象发行可转换公司债券募集说明书,2026-06-24,1782230400000,http://static.cninfo.com.cn/finalpage/2026-06-24/1225384063.PDF,finalpage/2026-06-24/1225384063.PDF,szse,01010501||010112||010905,gssz0000422,30c1d97603b55933365b70e11162b870f71438e4,2026-06-24T12:34:40.991934+00:00
1225384064,000422,湖北宜化,湖北宜化化工股份有限公司向不特定对象发行可转换公司债券募集说明书摘要,2026-06-24,1782230400000,http://static.cninfo.com.cn/finalpage/2026-06-24/1225384064.PDF,finalpage/2026-06-24/1225384064.PDF,szse,01010501||010112||010905,gssz0000422,289ccfb3128184924c5581cefa4d772f20e49dd9,2026-06-24T12:34:40.991934+00:00
1225384067,000422,湖北宜化,申万宏源证券承销保荐有限责任公司关于湖北宜化化工股份有限公司向不特定对象发行可转换公司债券之发行保荐书,2026-06-24,1782230400000,http://static.cninfo.com.cn/finalpage/2026-06-24/1225384067.PDF,finalpage/2026-06-24/1225384067.PDF,szse,01010701||010112||012911,gssz0000422,6a6b759b8dd13fd4e865bede2cce5a77f721490e,2026-06-24T12:34:40.990928+00:00
1225383955,000422,湖北宜化,第十一届董事会第五次会议决议公告,2026-06-24,1782230400000,http://static.cninfo.com.cn/finalpage/2026-06-24/1225383955.PDF,finalpage/2026-06-24/1225383955.PDF,szse,01010503||010112||01239901,gssz0000422,6afbb9cb34b66786e6fda10e964dec805f227ee4,2026-06-24T12:34:44.623653+00:00
1225382422,000426,兴业银锡,关于召开2025年年度股东会的提示性公告,2026-06-24,1782230400000,http://static.cninfo.com.cn/finalpage/2026-06-24/1225382422.PDF,finalpage/2026-06-24/1225382422.PDF,szse,01010503||010112||011901,gssz0000426,11bf5256f10a0988e13a63e67befe5b3f25f2507,2026-06-24T12:35:29.675004+00:00
1225382431,000430,张家界,张家界旅游集团股份有限公司关于子公司大庸古城开业运营的自愿性信息披露公告,2026-06-24,1782230400000,http://static.cninfo.com.cn/finalpage/2026-06-24/1225382431.PDF,finalpage/2026-06-24/1225382431.PDF,szse,01010503||010112||012399,gssz0000430,8dea32dff8d677857c74b47eaac7ff6977082501,2026-06-24T12:35:29.675004+00:00
1225383960,000517,荣安地产,荣安地产股份有限公司关于取消2026年第一次临时股东会部分提案暨股东会补充通知的公告,2026-06-24,1782230400000,http://static.cninfo.com.cn/finalpage/2026-06-24/1225383960.PDF,finalpage/2026-06-24/1225383960.PDF,szse,01010503||010112||011901||011903,gssz0000517,1da470f65ba8c3111eb8a66bee8725fbef332fbe,2026-06-24T12:34:44.623653+00:00
1225383961,000517,荣安地产,荣安地产股份有限公司关于董事会换届延期的公告,2026-06-24,1782230400000,http://static.cninfo.com.cn/finalpage/2026-06-24/1225383961.PDF,finalpage/2026-06-24/1225383961.PDF,szse,01010503||010112||012303,gssz0000517,5ce858656d6cc101157a8867b1d1e72fa81a3f77,2026-06-24T12:34:44.622624+00:00
1225383959,000517,荣安地产,荣安地产股份有限公司第十二届董事会第十二次临时会议决议公告,2026-06-24,1782230400000,http://static.cninfo.com.cn/finalpage/2026-06-24/1225383959.PDF,finalpage/2026-06-24/1225383959.PDF,szse,01010503||010112||01239901,gssz0000517,a16f8b4000c2ab3f15f4bf75f90492d0a08f4682,2026-06-24T12:34:44.623653+00:00
1225384230,000524,岭南控股,关于筹划发行股份及支付现金购买资产并募集配套资金事项的停牌公告,2026-06-24,1782230400000,http://static.cninfo.com.cn/finalpage/2026-06-24/1225384230.PDF,finalpage/2026-06-24/1225384230.PDF,szse,01010503||010112||010799||011701||012399,gssz0000524,42c811adab1942efb2a921691f5ead3726ee6c6d,2026-06-24T12:34:33.204719+00:00
1225383247,000526,学大教育,关于2023年限制性股票激励计划预留授予第二个解除限售期解除限售股份上市流通的提示性公告,2026-06-24,1782230400000,http://static.cninfo.com.cn/finalpage/2026-06-24/1225383247.PDF,finalpage/2026-06-24/1225383247.PDF,szse,01010503||010112||011303||012325,gssz0000526,eb7cf931182a07657fb8fd4c7d6b30480b3f9a7b,2026-06-24T12:35:08.313770+00:00
1225384294,000532,华金资本,2025年度权益分派实施公告,2026-06-24,1782230400000,http://static.cninfo.com.cn/finalpage/2026-06-24/1225384294.PDF,finalpage/2026-06-24/1225384294.PDF,szse,01010503||010112||011301,gssz0000532,9fcbada2d87da0cdf148b36091d51c0dba5e0f27,2026-06-24T12:34:30.955169+00:00
1225384260,000536,华映科技,关于持股5%以上股东部分股份被司法处置实施完毕的公告,2026-06-24,1782230400000,http://static.cninfo.com.cn/finalpage/2026-06-24/1225384260.PDF,finalpage/2026-06-24/1225384260.PDF,szse,01010501||010112||012399,gssz0000536,2b3e7c566fc5e8e829cada9b4adca90221466428,2026-06-24T12:34:30.956175+00:00
1225382702,000545,金浦钛业,关于公司控股股东所持公司股份被轮候冻结的公告,2026-06-24,1782230400000,http://static.cninfo.com.cn/finalpage/2026-06-24/1225382702.PDF,finalpage/2026-06-24/1225382702.PDF,szse,01010503||010112||012307,gssz0000545,3de37c95c2f0d24fd83de47ec1a1533291d9c9f5,2026-06-24T12:35:21.976540+00:00
1225382872,000551,创元科技,关于职工代表董事辞职及选举职工代表董事的公告,2026-06-24,1782230400000,http://static.cninfo.com.cn/finalpage/2026-06-24/1225382872.PDF,finalpage/2026-06-24/1225382872.PDF,szse,01010503||010112||012303,gssz0000551,be06bfb39519979974a698ea53b2588e668e2ac3,2026-06-24T12:35:19.000077+00:00
1225383353,000552,甘肃能化,国泰海通证券股份有限公司关于甘肃能化股份有限公司变更注册地址的临时受托管理事务报告,2026-06-24,1782230400000,http://static.cninfo.com.cn/finalpage/2026-06-24/1225383353.PDF,finalpage/2026-06-24/1225383353.PDF,szse,01010501||01010503||01010701||010109||010112||012301||0129||013999,gssz0000552,e247346f2f7a8fb9245b8f1d627818cbcda3dfdb,2026-06-24T12:35:04.882885+00:00
1225384434,000554,泰山石油,2025年年度股东会决议公告,2026-06-24,1782230400000,http://static.cninfo.com.cn/finalpage/2026-06-24/1225384434.PDF,finalpage/2026-06-24/1225384434.PDF,szse,01010503||010112||011905,gssz0000554,85c01f92aed994145598c1bc124453c08697c2ca,2026-06-24T12:34:26.314186+00:00
1225384432,000554,泰山石油,关于董事会完成换届选举并聘任高级管理人员、证券事务代表、内部审计部门负责人的公告,2026-06-24,1782230400000,http://static.cninfo.com.cn/finalpage/2026-06-24/1225384432.PDF,finalpage/2026-06-24/1225384432.PDF,szse,01010503||010112||012303||012399,gssz0000554,ba30c7e5d54e0748c4f6a27d8e730b685aa09d55,2026-06-24T12:34:26.315699+00:00
1225384436,000554,泰山石油,关于选举职工董事的公告,2026-06-24,1782230400000,http://static.cninfo.com.cn/finalpage/2026-06-24/1225384436.PDF,finalpage/2026-06-24/1225384436.PDF,szse,01010503||010112||012303,gssz0000554,ea1a37f66023217211732ff1091c6e279fdc431c,2026-06-24T12:34:26.314186+00:00
1225384435,000554,泰山石油,北京市海问律师事务所关于中国石化山东泰山石油股份有限公司2025年年度股东会的法律意见书,2026-06-24,1782230400000,http://static.cninfo.com.cn/finalpage/2026-06-24/1225384435.PDF,finalpage/2026-06-24/1225384435.PDF,szse,01010901||010112||011999||012903,gssz0000554,4e456683aaa66e62a9f71aff6e030422ef01242b,2026-06-24T12:34:26.314186+00:00
1225384433,000554,泰山石油,第十二届董事会第一次临时会议决议公告,2026-06-24,1782230400000,http://static.cninfo.com.cn/finalpage/2026-06-24/1225384433.PDF,finalpage/2026-06-24/1225384433.PDF,szse,01010503||010112||01239901,gssz0000554,50ff0744ed0e272621ceda07fa21aaba6bb88463,2026-06-24T12:34:26.315699+00:00
1225383438,000561,烽火电子,关于公司向关联方借款暨关联交易的公告,2026-06-24,1782230400000,http://static.cninfo.com.cn/finalpage/2026-06-24/1225383438.PDF,finalpage/2026-06-24/1225383438.PDF,szse,01010503||010112||011709||011719,gssz0000561,24f083b4ce114be22088668f67d3682a8a7367d0,2026-06-24T12:35:01.291849+00:00
1225383437,000561,烽火电子,关于召开公司2026年第一次临时股东会的通知,2026-06-24,1782230400000,http://static.cninfo.com.cn/finalpage/2026-06-24/1225383437.PDF,finalpage/2026-06-24/1225383437.PDF,szse,01010503||010112||011901,gssz0000561,2397b3fcd9e8a6e48526a6ec5c2730a386dccf61,2026-06-24T12:35:01.291849+00:00
1225383436,000561,烽火电子,第十届董事会第十一次会议决议公告,2026-06-24,1782230400000,http://static.cninfo.com.cn/finalpage/2026-06-24/1225383436.PDF,finalpage/2026-06-24/1225383436.PDF,szse,01010503||010112||01239901,gssz0000561,ad81a6f6c0892c533c04edf2f02c5d6c0b7e5fc4,2026-06-24T12:35:01.291849+00:00
1225383439,000561,烽火电子,西部证券股份有限公司关于陕西烽火电子股份有限公司向关联方借款暨关联交易的核查意见,2026-06-24,1782230400000,http://static.cninfo.com.cn/finalpage/2026-06-24/1225383439.PDF,finalpage/2026-06-24/1225383439.PDF,szse,010109||010112||0129,gssz0000561,2093877ef6d5f6fbce6e97c32867d02aca3834e9,2026-06-24T12:35:01.291849+00:00
1225384146,000566,海南海药,2026年第二次临时股东会决议公告,2026-06-24,1782230400000,http://static.cninfo.com.cn/finalpage/2026-06-24/1225384146.PDF,finalpage/2026-06-24/1225384146.PDF,szse,01010503||010112||011905,gssz0000566,7f9a58f1dc2a515b46acbf75160ebc64d31b2b47,2026-06-24T12:34:39.702893+00:00
1225384147,000566,海南海药,上海市锦天城（深圳）律师事务所关于海南海药股份有限公司2026年第二次临时股东会的法律意见书,2026-06-24,1782230400000,http://static.cninfo.com.cn/finalpage/2026-06-24/1225384147.PDF,finalpage/2026-06-24/1225384147.PDF,szse,01010901||010112||011999||012903,gssz0000566,6010f075ee53809b3ae57363b444c3ed5b3ffbc7,2026-06-24T12:34:39.702893+00:00
1225384149,000566,海南海药,公司章程（2026年06月),2026-06-24,1782230400000,http://static.cninfo.com.cn/finalpage/2026-06-24/1225384149.PDF,finalpage/2026-06-24/1225384149.PDF,szse,01010503||010112||013101,gssz0000566,ed0a83520d872bfd50714ca73ebe48a87190064d,2026-06-24T12:34:35.336199+00:00
1225384148,000566,海南海药,关于董事辞职的公告,2026-06-24,1782230400000,http://static.cninfo.com.cn/finalpage/2026-06-24/1225384148.PDF,finalpage/2026-06-24/1225384148.PDF,szse,01010503||010112||012303,gssz0000566,5e31e665d778512bc5c014b005c856373fc070a2,2026-06-24T12:34:35.336199+00:00
1225382874,000571,新大洲A,关于新增累计诉讼情况的公告,2026-06-24,1782230400000,http://static.cninfo.com.cn/finalpage/2026-06-24/1225382874.PDF,finalpage/2026-06-24/1225382874.PDF,szse,01010503||010112||012309,gssz0000571,3d787ee02c704fd7bddcb9d424abd1f60ce44437,2026-06-24T12:35:19.000077+00:00
1225382873,000571,新大洲A,股票交易异常波动公告,2026-06-24,1782230400000,http://static.cninfo.com.cn/finalpage/2026-06-24/1225382873.PDF,finalpage/2026-06-24/1225382873.PDF,szse,01010503||010112||012103,gssz0000571,15fda0f472dac6d8c745646baedac4bb82cb7dfa,2026-06-24T12:35:19.000077+00:00
1225383633,000603,盛达资源,关于子公司为公司提供担保的进展公告,2026-06-24,1782230400000,http://static.cninfo.com.cn/finalpage/2026-06-24/1225383633.PDF,finalpage/2026-06-24/1225383633.PDF,szse,01010503||010112||011711,gssz0000603,dfdf0c00c7013f0be99fa5c16599c1bc495ab482,2026-06-24T12:34:53.355869+00:00
1225384070,000608,阳光股份,关于上海新业中心签署租赁合同的公告,2026-06-24,1782230400000,http://static.cninfo.com.cn/finalpage/2026-06-24/1225384070.PDF,finalpage/2026-06-24/1225384070.PDF,szse,01010503||010112||012327,gssz0000608,0de99222bd8ab0cfc10dd4e9853d1b43ca144687,2026-06-24T12:34:40.990928+00:00
1225383372,000632,ST三木,关于子公司部分债务逾期暨担保进展的公告,2026-06-24,1782230400000,http://static.cninfo.com.cn/finalpage/2026-06-24/1225383372.PDF,finalpage/2026-06-24/1225383372.PDF,szse,01010503||010112||011709||011711,gssz0000632,2d86fc100af1aef059ca379848f7a473dfa699c6,2026-06-24T12:35:04.882885+00:00
1225383994,000635,英 力 特,宁夏英力特化工股份有限公司违规经营投资责任追究工作管理规定,2026-06-24,1782230400000,http://static.cninfo.com.cn/finalpage/2026-06-24/1225383994.PDF,finalpage/2026-06-24/1225383994.PDF,szse,01010503||010112||013199,gssz0000635,c24f8c115618a4b51e4b37f5e1cefb91736b325b,2026-06-24T12:34:44.622624+00:00
1225383993,000635,英 力 特,第十届董事会第六次会议决议公告,2026-06-24,1782230400000,http://static.cninfo.com.cn/finalpage/2026-06-24/1225383993.PDF,finalpage/2026-06-24/1225383993.PDF,szse,01010503||010112||01239901,gssz0000635,0300ce85502e84fe032ee85d69568de877bbe2d2,2026-06-24T12:34:44.622624+00:00
1225384058,000663,永安林业,2026年第二次临时股东会决议公告,2026-06-24,1782230400000,http://static.cninfo.com.cn/finalpage/2026-06-24/1225384058.PDF,finalpage/2026-06-24/1225384058.PDF,szse,01010503||010112||011905,gssz0000663,8850ee6ef03edd924d5bd91fedb313aa41f47cbf,2026-06-24T12:34:40.991934+00:00
1225384061,000663,永安林业,关于回购并注销业绩补偿股份的债权人通知暨减资公告,2026-06-24,1782230400000,http://static.cninfo.com.cn/finalpage/2026-06-24/1225384061.PDF,finalpage/2026-06-24/1225384061.PDF,szse,01010503||010112||011513,gssz0000663,180cdd3a44de9afa478fc516cdc2591cc77dd67a,2026-06-24T12:34:40.991934+00:00
1225384060,000663,永安林业,关于福建省永安林业(集团)股份有限公司召开2026年第二次临时股东会之法律意见书,2026-06-24,1782230400000,http://static.cninfo.com.cn/finalpage/2026-06-24/1225384060.PDF,finalpage/2026-06-24/1225384060.PDF,szse,01010503||01010901||010112||011901||011999||012903,gssz0000663,71cbc43bbeb20b5528209dd19b7327b8bbba3bef,2026-06-24T12:34:40.991934+00:00
1225384059,000663,永安林业,福建省永安林业（集团）股份有限公司董事、高级管理人员薪酬管理制度,2026-06-24,1782230400000,http://static.cninfo.com.cn/finalpage/2026-06-24/1225384059.PDF,finalpage/2026-06-24/1225384059.PDF,szse,01010503||010112||013105||013199,gssz0000663,fe402dc2a17adb3f7531b3af14e97eb376744953,2026-06-24T12:34:40.991934+00:00
1225383314,000665,湖北广电,上市公司独立董事提名人声明与承诺（李军）,2026-06-24,1782230400000,http://static.cninfo.com.cn/finalpage/2026-06-24/1225383314.PDF,finalpage/2026-06-24/1225383314.PDF,szse,01010503||010112||012303,gssz0000665,b1cf358811f3bcad842cd553adb25e2c7358109c,2026-06-24T12:35:06.108610+00:00
1225383317,000665,湖北广电,上市公司独立董事提名人声明与承诺（胡学进）,2026-06-24,1782230400000,http://static.cninfo.com.cn/finalpage/2026-06-24/1225383317.PDF,finalpage/2026-06-24/1225383317.PDF,szse,01010503||010112||012303,gssz0000665,92c702a7331cdb1045b10bca062a565faf025b56,2026-06-24T12:35:06.107610+00:00
1225383316,000665,湖北广电,上市公司独立董事提名人声明与承诺（薛玮）,2026-06-24,1782230400000,http://static.cninfo.com.cn/finalpage/2026-06-24/1225383316.PDF,finalpage/2026-06-24/1225383316.PDF,szse,01010503||010112||012303,gssz0000665,40d7d35748e465975b6244e2cb3eeaba72ae2e75,2026-06-24T12:35:06.107610+00:00
1225383315,000665,湖北广电,上市公司独立董事提名人声明与承诺（赵阳）,2026-06-24,1782230400000,http://static.cninfo.com.cn/finalpage/2026-06-24/1225383315.PDF,finalpage/2026-06-24/1225383315.PDF,szse,01010503||010112||012303,gssz0000665,e8882886439a943f8a44b0b9cf5014778f863fd1,2026-06-24T12:35:06.107610+00:00
1225383322,000665,湖北广电,信息披露暂缓、豁免管理制度（2026年6月）,2026-06-24,1782230400000,http://static.cninfo.com.cn/finalpage/2026-06-24/1225383322.PDF,finalpage/2026-06-24/1225383322.PDF,szse,01010503||010112||013199,gssz0000665,2bb88385f8c3c3a77af8c4f5b33c17f1ffdb6330,2026-06-24T12:35:06.107610+00:00
1225383327,000665,湖北广电,信息披露管理制度（2026年6月）,2026-06-24,1782230400000,http://static.cninfo.com.cn/finalpage/2026-06-24/1225383327.PDF,finalpage/2026-06-24/1225383327.PDF,szse,01010503||010112||013199,gssz0000665,ddfa31d156ce7473375188e8a1a64bb0a62b6dc7,2026-06-24T12:35:06.107610+00:00
1225383319,000665,湖北广电,关于修订《公司章程》的公告,2026-06-24,1782230400000,http://static.cninfo.com.cn/finalpage/2026-06-24/1225383319.PDF,finalpage/2026-06-24/1225383319.PDF,szse,01010503||010112||012301,gssz0000665,31050a84cfc7457a6223474cd25d57d4fd20e64a,2026-06-24T12:35:06.107610+00:00
1225383318,000665,湖北广电,关于制定和修订公司部分治理制度的公告,2026-06-24,1782230400000,http://static.cninfo.com.cn/finalpage/2026-06-24/1225383318.PDF,finalpage/2026-06-24/1225383318.PDF,szse,01010501||010112||012399,gssz0000665,6d22e54535922a70e163946ff7ad0eaecd92b34b,2026-06-24T12:35:06.107610+00:00
1225383308,000665,湖北广电,关于召开2026年第二次临时股东会的通知,2026-06-24,1782230400000,http://static.cninfo.com.cn/finalpage/2026-06-24/1225383308.PDF,finalpage/2026-06-24/1225383308.PDF,szse,01010503||010112||011901,gssz0000665,84aa6d5840f2472c9a0e3dc0db37f85475fdd363,2026-06-24T12:35:08.311766+00:00
1225383309,000665,湖北广电,关于董事会换届选举的公告,2026-06-24,1782230400000,http://static.cninfo.com.cn/finalpage/2026-06-24/1225383309.PDF,finalpage/2026-06-24/1225383309.PDF,szse,01010503||010112||012303,gssz0000665,3826b1ac69852e0d1adfe9c385b94e119db81c54,2026-06-24T12:35:08.311766+00:00
1225383333,000665,湖北广电,关联交易管理制度（2026年6月）,2026-06-24,1782230400000,http://static.cninfo.com.cn/finalpage/2026-06-24/1225383333.PDF,finalpage/2026-06-24/1225383333.PDF,szse,01010503||010112||013199,gssz0000665,8c79ce591ac429ebc10edc19c2a5cfa872e88f73,2026-06-24T12:35:06.106603+00:00
1225383339,000665,湖北广电,内幕信息知情人登记管理制度（2026年6月）,2026-06-24,1782230400000,http://static.cninfo.com.cn/finalpage/2026-06-24/1225383339.PDF,finalpage/2026-06-24/1225383339.PDF,szse,01010503||010112||013199,gssz0000665,265c13a2dd646fda8bcb42775034075800d4dbbd,2026-06-24T12:35:06.106603+00:00
1225383330,000665,湖北广电,募集资金管理办法（2026年6月）,2026-06-24,1782230400000,http://static.cninfo.com.cn/finalpage/2026-06-24/1225383330.PDF,finalpage/2026-06-24/1225383330.PDF,szse,01010503||010112||013199,gssz0000665,426884f90ff630e70495df3111d0fdcc7341e3b1,2026-06-24T12:35:06.107610+00:00
1225383331,000665,湖北广电,可转换公司债券持有人会议规则（2026年6月）,2026-06-24,1782230400000,http://static.cninfo.com.cn/finalpage/2026-06-24/1225383331.PDF,finalpage/2026-06-24/1225383331.PDF,szse,01010503||010112||013199,gssz0000665,d9f6d7d2d78f10225870de356266cb83f7de0050,2026-06-24T12:35:06.107610+00:00
1225383328,000665,湖北广电,对外投资决策管理制度（2026年6月）,2026-06-24,1782230400000,http://static.cninfo.com.cn/finalpage/2026-06-24/1225383328.PDF,finalpage/2026-06-24/1225383328.PDF,szse,01010503||010112||013199,gssz0000665,af2386e62abf4980afdcc7eed6cb43853f8d6bf6,2026-06-24T12:35:06.107610+00:00
1225383329,000665,湖北广电,对外担保管理制度（2026年6月）,2026-06-24,1782230400000,http://static.cninfo.com.cn/finalpage/2026-06-24/1225383329.PDF,finalpage/2026-06-24/1225383329.PDF,szse,01010503||010112||013199,gssz0000665,43e0687e0941dc60f8294249f01666d9bf9980ee,2026-06-24T12:35:06.107610+00:00
1225383335,000665,湖北广电,年报信息披露重大差错责任追究制度（2026年6月）,2026-06-24,1782230400000,http://static.cninfo.com.cn/finalpage/2026-06-24/1225383335.PDF,finalpage/2026-06-24/1225383335.PDF,szse,01010503||010112||013199,gssz0000665,de298ab0ef7d62c9573a421b70e82f95c2e016a0,2026-06-24T12:35:06.106603+00:00
1225383324,000665,湖北广电,投资者关系管理制度（2026年6月）,2026-06-24,1782230400000,http://static.cninfo.com.cn/finalpage/2026-06-24/1225383324.PDF,finalpage/2026-06-24/1225383324.PDF,szse,01010503||010112||013199,gssz0000665,b5f98050c3c87ab7e1d914ab9a995a0259f97fa2,2026-06-24T12:35:06.107610+00:00
1225383312,000665,湖北广电,独立董事候选人声明与承诺（李军）,2026-06-24,1782230400000,http://static.cninfo.com.cn/finalpage/2026-06-24/1225383312.PDF,finalpage/2026-06-24/1225383312.PDF,szse,01011199||010112||012303,gssz0000665,167130a998a4dff06aa675f35eb806a908d397de,2026-06-24T12:35:06.108610+00:00
1225383310,000665,湖北广电,独立董事候选人声明与承诺（胡学进）,2026-06-24,1782230400000,http://static.cninfo.com.cn/finalpage/2026-06-24/1225383310.PDF,finalpage/2026-06-24/1225383310.PDF,szse,01011199||010112||012303,gssz0000665,292d1caf7f5ed70b43579fb57a3f5e0a833c5119,2026-06-24T12:35:08.311766+00:00
1225383313,000665,湖北广电,独立董事候选人声明与承诺（薛玮）,2026-06-24,1782230400000,http://static.cninfo.com.cn/finalpage/2026-06-24/1225383313.PDF,finalpage/2026-06-24/1225383313.PDF,szse,01011199||010112||012303,gssz0000665,2d2ba839f29ff02e7b300bfff54c5e08d2fa6906,2026-06-24T12:35:06.108610+00:00
1225383311,000665,湖北广电,独立董事候选人声明与承诺（赵阳）,2026-06-24,1782230400000,http://static.cninfo.com.cn/finalpage/2026-06-24/1225383311.PDF,finalpage/2026-06-24/1225383311.PDF,szse,01011199||010112||012303,gssz0000665,bb1f76bb0cdc3a0a6ab7fe5c11cd3214fbfc12f5,2026-06-24T12:35:06.108610+00:00
1225383332,000665,湖北广电,独立董事制度（2026年6月）,2026-06-24,1782230400000,http://static.cninfo.com.cn/finalpage/2026-06-24/1225383332.PDF,finalpage/2026-06-24/1225383332.PDF,szse,01010503||010112||013105||013199,gssz0000665,b93949e984b884a73c12afed5d3c2f343e6d168e,2026-06-24T12:35:06.107610+00:00
1225383307,000665,湖北广电,第十届董事会第三十七次会议决议公告,2026-06-24,1782230400000,http://static.cninfo.com.cn/finalpage/2026-06-24/1225383307.PDF,finalpage/2026-06-24/1225383307.PDF,szse,01010503||010112||01239901,gssz0000665,144cf2670dbc71267a1e98a96e1a3c4275224e0b,2026-06-24T12:35:08.311766+00:00
1225383321,000665,湖北广电,董事、高级管理人员离职管理制度（2026年6月）,2026-06-24,1782230400000,http://static.cninfo.com.cn/finalpage/2026-06-24/1225383321.PDF,finalpage/2026-06-24/1225383321.PDF,szse,01010503||010112||013105||013199,gssz0000665,9645de71a13d863a2df457f131ca922f8f0ef533,2026-06-24T12:35:06.107610+00:00
1225383323,000665,湖北广电,董事会战略委员会工作细则（2026年6月）,2026-06-24,1782230400000,http://static.cninfo.com.cn/finalpage/2026-06-24/1225383323.PDF,finalpage/2026-06-24/1225383323.PDF,szse,01010503||010112||013105||013199,gssz0000665,97685703ba7d1e18ae243b0d2670a68a3bb7c846,2026-06-24T12:35:06.107610+00:00
1225383320,000665,湖北广电,董事会提名委员会工作细则（2026年6月）,2026-06-24,1782230400000,http://static.cninfo.com.cn/finalpage/2026-06-24/1225383320.PDF,finalpage/2026-06-24/1225383320.PDF,szse,01010503||010112||013105||013199,gssz0000665,13ee71333541c4011b42a07429eae7d140d5d943,2026-06-24T12:35:06.107610+00:00
1225383326,000665,湖北广电,董事会薪酬与考核委员会工作细则（2026年6月）,2026-06-24,1782230400000,http://static.cninfo.com.cn/finalpage/2026-06-24/1225383326.PDF,finalpage/2026-06-24/1225383326.PDF,szse,01010503||010112||013105||013199,gssz0000665,a26f48445c5c610449e3c25456231e1b766880aa,2026-06-24T12:35:06.107610+00:00
1225383336,000665,湖北广电,董事和高级管理人员所持本公司股份及其变动管理规则（2026年6月）,2026-06-24,1782230400000,http://static.cninfo.com.cn/finalpage/2026-06-24/1225383336.PDF,finalpage/2026-06-24/1225383336.PDF,szse,01010501||010112||012399,gssz0000665,953a14191c8cea5261511818bb904456492ff1b7,2026-06-24T12:35:06.106603+00:00
1225383337,000665,湖北广电,重大信息内部保密制度（2026年6月）,2026-06-24,1782230400000,http://static.cninfo.com.cn/finalpage/2026-06-24/1225383337.PDF,finalpage/2026-06-24/1225383337.PDF,szse,01010503||010112||013199,gssz0000665,6e7c98a1316f643e18c954b961e9d2b67823c4ce,2026-06-24T12:35:06.106603+00:00
1225383325,000665,湖北广电,重大信息内部报告制度（2026年6月）,2026-06-24,1782230400000,http://static.cninfo.com.cn/finalpage/2026-06-24/1225383325.PDF,finalpage/2026-06-24/1225383325.PDF,szse,01010503||010112||013199,gssz0000665,c69a75635e72e783d3206828d31c1f6eb3503000,2026-06-24T12:35:06.107610+00:00
1225383338,000665,湖北广电,银行间债券市场债务融资工具信息披露管理制度（2026年6月）,2026-06-24,1782230400000,http://static.cninfo.com.cn/finalpage/2026-06-24/1225383338.PDF,finalpage/2026-06-24/1225383338.PDF,szse,01010503||010112||013199,gssz0000665,723b6ecca1639e4d1ef4e6c2e56c7f3e6efbf381,2026-06-24T12:35:06.106603+00:00
1225383334,000665,湖北广电,防范大股东及关联方占用公司资金专项制度（2026年6月）,2026-06-24,1782230400000,http://static.cninfo.com.cn/finalpage/2026-06-24/1225383334.PDF,finalpage/2026-06-24/1225383334.PDF,szse,01010503||010112||013199,gssz0000665,a67ba9b70be87501dd1b04762e0321d8dca5a864,2026-06-24T12:35:06.106603+00:00
1225383375,000681,视觉中国,2025年度股东会决议公告,2026-06-24,1782230400000,http://static.cninfo.com.cn/finalpage/2026-06-24/1225383375.PDF,finalpage/2026-06-24/1225383375.PDF,szse,01010503||010112||011905,gssz0000681,a0a78da1cd5d255e964ad249f0e2cf8c5a64eb24,2026-06-24T12:35:02.749451+00:00
1225383379,000681,视觉中国,公司章程,2026-06-24,1782230400000,http://static.cninfo.com.cn/finalpage/2026-06-24/1225383379.PDF,finalpage/2026-06-24/1225383379.PDF,szse,01010503||010112||013101,gssz0000681,831f41ae5b71d06c7827db288443e73649db2c34,2026-06-24T12:35:02.749451+00:00
1225383377,000681,视觉中国,关于回购注销2023年限制性股票激励计划剩余部分限制性股票减少注册资本暨通知债权人的公告,2026-06-24,1782230400000,http://static.cninfo.com.cn/finalpage/2026-06-24/1225383377.PDF,finalpage/2026-06-24/1225383377.PDF,szse,01010503||010112||011513||012301||012325,gssz0000681,b5d41d3d84d6f41977e2a627043c23ff014fdf86,2026-06-24T12:35:02.749451+00:00
1225383376,000681,视觉中国,北京植德律师事务所关于视觉（中国）文化发展股份有限公司2025年年度股东会的法律意见书,2026-06-24,1782230400000,http://static.cninfo.com.cn/finalpage/2026-06-24/1225383376.PDF,finalpage/2026-06-24/1225383376.PDF,szse,01010901||010112||011999||012903,gssz0000681,96bb368a5f602058d539ec3417d39a294369a37c,2026-06-24T12:35:02.749451+00:00
1225383380,000681,视觉中国,董事、高级管理人员薪酬管理制度,2026-06-24,1782230400000,http://static.cninfo.com.cn/finalpage/2026-06-24/1225383380.PDF,finalpage/2026-06-24/1225383380.PDF,szse,01010503||010112||013105||013199,gssz0000681,8096ffe727c0e92483c954a923543ef0249d1400,2026-06-24T12:35:02.749451+00:00
1225383378,000681,视觉中国,董事会议事规则,2026-06-24,1782230400000,http://static.cninfo.com.cn/finalpage/2026-06-24/1225383378.PDF,finalpage/2026-06-24/1225383378.PDF,szse,01010503||010112||013105||013199,gssz0000681,a6900033c8dd5d6d5dd98f1771ebe8bd4e0541db,2026-06-24T12:35:02.749451+00:00
1225385944,000686,东北证券,东北证券股份有限公司2026年面向专业投资者公开发行公司债券（第三期）在深圳证券交易所上市的公告,2026-06-24,1782296168000,http://static.cninfo.com.cn/finalpage/2026-06-24/1225385944.PDF,finalpage/2026-06-24/1225385944.PDF,szse,01010501||010112||013901,gssz0000686,f7917d95e873b1d2cc25455c7dd88ff4c61e1b0a,2026-06-24T12:34:16.038001+00:00
1225383990,000688,国城矿业,关于股东部分股份解押及质押的公告,2026-06-24,1782230400000,http://static.cninfo.com.cn/finalpage/2026-06-24/1225383990.PDF,finalpage/2026-06-24/1225383990.PDF,szse,01010503||010112||012307,gssz0000688,66865783ec56c81897efa4346e607d6533a78ae0,2026-06-24T12:34:44.622624+00:00
1225383502,000697,炼石航空,2025年度股东会决议公告,2026-06-24,1782230400000,http://static.cninfo.com.cn/finalpage/2026-06-24/1225383502.PDF,finalpage/2026-06-24/1225383502.PDF,szse,01010503||010112||011905,gssz0000697,f4b5e22bd735b31d438697a6bd43e2d589580c67,2026-06-24T12:34:58.879887+00:00
1225383503,000697,炼石航空,北京中伦（成都）律师事务所关于炼石航空2025年度股东会法律意见书,2026-06-24,1782230400000,http://static.cninfo.com.cn/finalpage/2026-06-24/1225383503.PDF,finalpage/2026-06-24/1225383503.PDF,szse,01010901||010112||011999||012903,gssz0000697,d471633499d5911cc81bbc01e6c13ad46bda9e0a,2026-06-24T12:34:58.879887+00:00
1225383442,000708,中信特钢,中信证券股份有限公司、五矿证券有限公司关于中信泰富特钢集团股份有限公司可转换公司债券回售事项的核查意见,2026-06-24,1782230400000,http://static.cninfo.com.cn/finalpage/2026-06-24/1225383442.PDF,finalpage/2026-06-24/1225383442.PDF,szse,010109||010112||0129,gssz0000708,979339dae995a3ba2f7d794a124609ac8f27450c,2026-06-24T12:35:01.291849+00:00
1225383443,000708,中信特钢,关于中信泰富特钢集团股份有限公司可转换公司债券回售的法律意见书,2026-06-24,1782230400000,http://static.cninfo.com.cn/finalpage/2026-06-24/1225383443.PDF,finalpage/2026-06-24/1225383443.PDF,szse,01010901||010112||012903,gssz0000708,c13131b42d7ac185a4c240731cc091083cfc8915,2026-06-24T12:35:01.291849+00:00
1225383440,000708,中信特钢,关于中特转债回售期间暂停转股的公告,2026-06-24,1782230400000,http://static.cninfo.com.cn/finalpage/2026-06-24/1225383440.PDF,finalpage/2026-06-24/1225383440.PDF,szse,01010503||010112||010915||010917,gssz0000708,48f8e25c8187b9f02c495e6cebd59beee4627a83,2026-06-24T12:35:01.291849+00:00
1225383441,000708,中信特钢,关于中特转债回售的公告,2026-06-24,1782230400000,http://static.cninfo.com.cn/finalpage/2026-06-24/1225383441.PDF,finalpage/2026-06-24/1225383441.PDF,szse,01010503||010112||010917,gssz0000708,25b03e3dab4302913ad6d6c33ebed143235951bb,2026-06-24T12:35:01.291849+00:00
1225382487,000716,黑芝麻,关于为下属全资子公司提供担保的进展公告,2026-06-24,1782230400000,http://static.cninfo.com.cn/finalpage/2026-06-24/1225382487.PDF,finalpage/2026-06-24/1225382487.PDF,szse,01010503||010112||011711,gssz0000716,5a9c0d0a50d55b08ac739dc6e7dece1bfb2b0c1f,2026-06-24T12:35:28.452465+00:00
1225382689,000717,中南股份,关于召开2026年第二次临时股东会的通知,2026-06-24,1782230400000,http://static.cninfo.com.cn/finalpage/2026-06-24/1225382689.PDF,finalpage/2026-06-24/1225382689.PDF,szse,01010503||010112||011901,gssz0000717,a2580ca08400cd3a00d7c6ffd3fda897c2f888a6,2026-06-24T12:35:21.976540+00:00
1225382690,000717,中南股份,关于调整2026年度日常关联交易计划的公告,2026-06-24,1782230400000,http://static.cninfo.com.cn/finalpage/2026-06-24/1225382690.PDF,finalpage/2026-06-24/1225382690.PDF,szse,01010503||010112||011719,gssz0000717,1f7c5703b6c0d4a259403adf510127ff34f48785,2026-06-24T12:35:21.976540+00:00
1225382688,000717,中南股份,第十届董事会2026年第三次临时会议决议公告,2026-06-24,1782230400000,http://static.cninfo.com.cn/finalpage/2026-06-24/1225382688.PDF,finalpage/2026-06-24/1225382688.PDF,szse,01010503||010112||01239901,gssz0000717,a9b70d2f3ba83938d34fd06a63d8ebb1765264b7,2026-06-24T12:35:21.976540+00:00
1225383193,000719,中原传媒,2025年年度权益分派实施公告,2026-06-24,1782230400000,http://static.cninfo.com.cn/finalpage/2026-06-24/1225383193.PDF,finalpage/2026-06-24/1225383193.PDF,szse,01010503||010112||011301,gssz0000719,6b12d0bb235db8c13961bcf6085a5c5b2e760118,2026-06-24T12:35:10.758672+00:00
1225382419,000723,美锦能源,关于美锦转债预计触发转股价格向下修正条件的提示性公告,2026-06-24,1782230400000,http://static.cninfo.com.cn/finalpage/2026-06-24/1225382419.PDF,finalpage/2026-06-24/1225382419.PDF,szse,01010503||010112||010915,gssz0000723,f12320a640fe940cd3d98b4ab78ceca3409c9190,2026-06-24T12:35:29.675004+00:00
1225383365,000733,振华科技,2025年年度权益分派实施公告,2026-06-24,1782230400000,http://static.cninfo.com.cn/finalpage/2026-06-24/1225383365.PDF,finalpage/2026-06-24/1225383365.PDF,szse,01010503||010112||011301,gssz0000733,dc092fe77cd6bce8a43cd7dd529e9c4097d55f53,2026-06-24T12:35:04.882885+00:00
1225382638,000735,罗 牛 山,关于召开2026年第一次临时股东会的提示性公告,2026-06-24,1782230400000,http://static.cninfo.com.cn/finalpage/2026-06-24/1225382638.PDF,finalpage/2026-06-24/1225382638.PDF,szse,01010503||010112||011901,gssz0000735,a2d0a98d54af8cd50b308463a82afda30c6e81d0,2026-06-24T12:35:22.810246+00:00
1225382540,000761,本钢板材,中诚信国际信用评级有限责任公司关于关注本钢板材股份有限公司本钢转债临近到期的公告,2026-06-24,1782230400000,http://static.cninfo.com.cn/finalpage/2026-06-24/1225382540.PDF,finalpage/2026-06-24/1225382540.PDF,szse,01010501||010112||012399,gssz0000761,0e6ea27ea4593421c455429f0424f480f7a023f9,2026-06-24T12:35:26.367156+00:00
1225384405,000783,长江证券,股票交易异常波动公告,2026-06-24,1782230400000,http://static.cninfo.com.cn/finalpage/2026-06-24/1225384405.PDF,finalpage/2026-06-24/1225384405.PDF,szse,01010503||010112||012103,gssz0000783,cebe3e710a334ca44ba6d1d34ffde8c0aad7c43c,2026-06-24T12:34:28.346486+00:00
1225383147,000788,北大医药,关于获得《药品注册证书》的公告,2026-06-24,1782230400000,http://static.cninfo.com.cn/finalpage/2026-06-24/1225383147.PDF,finalpage/2026-06-24/1225383147.PDF,szse,01010503||010112||012305,gssz0000788,233a215f9e0d8515325e2b5671b546ccfaded221,2026-06-24T12:35:12.013729+00:00
1225384261,000797,中国武夷,关于收到控股子公司福州复寅49%股权司法拍卖执行款暨诉讼事项进展的公告,2026-06-24,1782230400000,http://static.cninfo.com.cn/finalpage/2026-06-24/1225384261.PDF,finalpage/2026-06-24/1225384261.PDF,szse,01010503||010112||012309,gssz0000797,40f0ce4af4d5908e6236f61472cd8bb915e238fb,2026-06-24T12:34:30.956175+00:00
1225384628,000803,山高环能,关于举办业绩说明会的公告,2026-06-24,1782258148000,http://static.cninfo.com.cn/finalpage/2026-06-24/1225384628.PDF,finalpage/2026-06-24/1225384628.PDF,szse,01010503||010112||012399,gssz0000803,5305716243bc229bf76faa7d565192aabdee2667,2026-06-24T12:34:22.213097+00:00
1225383570,000819,岳阳兴长,公司章程,2026-06-24,1782230400000,http://static.cninfo.com.cn/finalpage/2026-06-24/1225383570.PDF,finalpage/2026-06-24/1225383570.PDF,szse,01010503||010112||013101,gssz0000819,fc2d9f19ec7eca186b3994314998bf7d0f578c4d,2026-06-24T12:34:54.483341+00:00
1225383569,000819,岳阳兴长,关于回购注销部分限制性股票暨通知债权人的公告,2026-06-24,1782230400000,http://static.cninfo.com.cn/finalpage/2026-06-24/1225383569.PDF,finalpage/2026-06-24/1225383569.PDF,szse,01010503||010112||011513,gssz0000819,53e0e170c09bbcf09d17cdebdc3f7baba7586488,2026-06-24T12:34:54.483341+00:00
1225383568,000819,岳阳兴长,浙江天册（深圳）律师事务所关于岳阳兴长石化股份有限公司第七十三次（2025年度）股东会的法律意见书,2026-06-24,1782230400000,http://static.cninfo.com.cn/finalpage/2026-06-24/1225383568.PDF,finalpage/2026-06-24/1225383568.PDF,szse,01010901||010112||011999||012903,gssz0000819,9bba4a5dc976d56571939b7e3eb369df024c8ec2,2026-06-24T12:34:54.483341+00:00
1225383567,000819,岳阳兴长,第七十三次（2025年度）股东会决议公告,2026-06-24,1782230400000,http://static.cninfo.com.cn/finalpage/2026-06-24/1225383567.PDF,finalpage/2026-06-24/1225383567.PDF,szse,01010503||010112||011905,gssz0000819,3656a8e9f0e6d8fd9c956ff319b14b2fcf542c17,2026-06-24T12:34:54.483341+00:00
1225382538,000823,超声电子,超声电子关于超声转债摘牌的公告,2026-06-24,1782230400000,http://static.cninfo.com.cn/finalpage/2026-06-24/1225382538.PDF,finalpage/2026-06-24/1225382538.PDF,szse,01010503||010112||010999,gssz0000823,c1466fd695f4f5a6a5113e0a0f268b347d10318e,2026-06-24T12:35:26.367156+00:00
1225382539,000823,超声电子,超声电子关于超声转债赎回结果的公告,2026-06-24,1782230400000,http://static.cninfo.com.cn/finalpage/2026-06-24/1225382539.PDF,finalpage/2026-06-24/1225382539.PDF,szse,01010503||010112||010919,gssz0000823,c7fc091f8bc1889569599c0b8286de13a5112017,2026-06-24T12:35:26.367156+00:00
1225384023,000826,*ST启环,关于公司预重整事项进展暨收到预重整延期决定书的公告,2026-06-24,1782230400000,http://static.cninfo.com.cn/finalpage/2026-06-24/1225384023.PDF,finalpage/2026-06-24/1225384023.PDF,szse,01010503||010112||012399,gssz0000826,fcf1e4bbdb3d435aee51baea63cd83c0e51ca1cc,2026-06-24T12:34:42.413458+00:00
1225384024,000826,*ST启环,关于持股5%以上股东部分股份拍卖流拍的公告,2026-06-24,1782230400000,http://static.cninfo.com.cn/finalpage/2026-06-24/1225384024.PDF,finalpage/2026-06-24/1225384024.PDF,szse,01010503||010112||011501,gssz0000826,d305361cfa35bc49a2e041b63b8e2aedc23a3b33,2026-06-24T12:34:42.413458+00:00
1225382440,000886,海南高速,关于部分股东偿还垫付股份的公告,2026-06-24,1782230400000,http://static.cninfo.com.cn/finalpage/2026-06-24/1225382440.PDF,finalpage/2026-06-24/1225382440.PDF,szse,01010501||010112||012399,gssz0000886,fc235debf06d66063bbb683de3af99ea56166c47,2026-06-24T12:35:29.675004+00:00
1225384411,000887,中鼎股份,关于向不特定对象发行可转换公司债券提交募集说明书（注册稿）等申请文件的提示性公告,2026-06-24,1782230400000,http://static.cninfo.com.cn/finalpage/2026-06-24/1225384411.PDF,finalpage/2026-06-24/1225384411.PDF,szse,01010501||01010503||010112||010905||010999,gssz0000887,fd1e38c1b5f334a569183773016dc05bb5d77cea,2026-06-24T12:34:28.346486+00:00
1225384412,000887,中鼎股份,关于安徽中鼎密封件股份有限公司申请向不特定对象发行可转换公司债券的审核问询函之回复（修订稿）,2026-06-24,1782230400000,http://static.cninfo.com.cn/finalpage/2026-06-24/1225384412.PDF,finalpage/2026-06-24/1225384412.PDF,szse,01010503||010112||010999,gssz0000887,2672cb4de1d05df2940d030ed1e5d30f00cf4123,2026-06-24T12:34:28.346486+00:00
1225384415,000887,中鼎股份,兴业证券股份有限公司关于安徽中鼎密封件股份有限公司向不特定对象发行可转换公司债券之上市保荐书,2026-06-24,1782230400000,http://static.cninfo.com.cn/finalpage/2026-06-24/1225384415.PDF,finalpage/2026-06-24/1225384415.PDF,szse,01010701||010112||012911,gssz0000887,cd88f345699f6838381ff1cd278c0e0ff7c0f88e,2026-06-24T12:34:28.346486+00:00
1225384413,000887,中鼎股份,兴业证券股份有限公司关于安徽中鼎密封件股份有限公司向不特定对象发行可转换公司债券之发行保荐书,2026-06-24,1782230400000,http://static.cninfo.com.cn/finalpage/2026-06-24/1225384413.PDF,finalpage/2026-06-24/1225384413.PDF,szse,01010701||010112||012911,gssz0000887,5c26dd72092aa9732771cf376306f49235674f09,2026-06-24T12:34:28.346486+00:00
1225384414,000887,中鼎股份,向不特定对象发行可转换公司债券募集说明书（注册稿）,2026-06-24,1782230400000,http://static.cninfo.com.cn/finalpage/2026-06-24/1225384414.PDF,finalpage/2026-06-24/1225384414.PDF,szse,01010501||010112||010905,gssz0000887,bca776ff42878487becdc052310374e9d260b827,2026-06-24T12:34:28.346486+00:00
1225382754,000900,现代投资,关于为控股子公司提供担保的进展公告,2026-06-24,1782230400000,http://static.cninfo.com.cn/finalpage/2026-06-24/1225382754.PDF,finalpage/2026-06-24/1225382754.PDF,szse,01010503||010112||011705||011711,gssz0000900,19ef41e11499653923b9d1016622ba7679d456d5,2026-06-24T12:35:21.153394+00:00
1225384759,000900,现代投资,现代投资股份有限公司公司债券2025年度受托管理事务报告,2026-06-24,1782287768000,http://static.cninfo.com.cn/finalpage/2026-06-24/1225384759.PDF,finalpage/2026-06-24/1225384759.PDF,szse,01010501||010112||013999,gssz0000900,7fd596491547f466355a85b33924d8f3d631cf79,2026-06-24T12:34:20.949861+00:00
1225382414,000935,四川双马,关于控股股东所持部分股份解除质押的公告,2026-06-24,1782230400000,http://static.cninfo.com.cn/finalpage/2026-06-24/1225382414.PDF,finalpage/2026-06-24/1225382414.PDF,szse,01010503||010112||012307,gssz0000935,48bb266746a7585678d6b2d5e34c0231257823e8,2026-06-24T12:35:29.675004+00:00
1225383461,000948,南天信息,关于诉讼进展暨收到执行款项的公告,2026-06-24,1782230400000,http://static.cninfo.com.cn/finalpage/2026-06-24/1225383461.PDF,finalpage/2026-06-24/1225383461.PDF,szse,01010503||010112||012309,gssz0000948,ce476d8cf5f88a8ce425b8807aff53edef1c9cb8,2026-06-24T12:34:59.897108+00:00
1225382961,000949,新乡化纤,2026年度向特定对象发行A股股票募集资金使用可行性分析报告,2026-06-24,1782230400000,http://static.cninfo.com.cn/finalpage/2026-06-24/1225382961.PDF,finalpage/2026-06-24/1225382961.PDF,szse,01010503||010112||010799||012399,gssz0000949,1bb5195b77d7ddf6c1bb8609bb23c1fe7729c847,2026-06-24T12:35:17.789264+00:00
1225382960,000949,新乡化纤,2026年度向特定对象发行A股股票的论证分析报告,2026-06-24,1782230400000,http://static.cninfo.com.cn/finalpage/2026-06-24/1225382960.PDF,finalpage/2026-06-24/1225382960.PDF,szse,01010503||010112||010799,gssz0000949,07c43c1de54a6e289fa47d7403e96e4e30ab2c52,2026-06-24T12:35:17.789264+00:00
1225382959,000949,新乡化纤,2026年度向特定对象发行A股股票预案,2026-06-24,1782230400000,http://static.cninfo.com.cn/finalpage/2026-06-24/1225382959.PDF,finalpage/2026-06-24/1225382959.PDF,szse,01010503||010112||010701,gssz0000949,2513269b8530cb2cd136649c11e7e136ea94423f,2026-06-24T12:35:17.789264+00:00
1225382964,000949,新乡化纤,关于2026年度向特定对象发行A股股票不存在直接或通过利益相关方向参与认购的投资者提供财务资助或补偿的公告,2026-06-24,1782230400000,http://static.cninfo.com.cn/finalpage/2026-06-24/1225382964.PDF,finalpage/2026-06-24/1225382964.PDF,szse,01010503||010112||011705||011713,gssz0000949,0d35a789c61ba652b95545ec8e38cbb8ecd6a56b,2026-06-24T12:35:17.789264+00:00
1225382963,000949,新乡化纤,关于2026年度向特定对象发行股票摊薄即期回报的风险提示与填补措施及相关主体承诺的公告,2026-06-24,1782230400000,http://static.cninfo.com.cn/finalpage/2026-06-24/1225382963.PDF,finalpage/2026-06-24/1225382963.PDF,szse,01010503||010112||010799||012109||012399,gssz0000949,a848a9932914c5716fcccc9f039c8e37093ea1f8,2026-06-24T12:35:17.789264+00:00
1225382962,000949,新乡化纤,关于2026年度向特定对象发行股票预案披露的提示性公告,2026-06-24,1782230400000,http://static.cninfo.com.cn/finalpage/2026-06-24/1225382962.PDF,finalpage/2026-06-24/1225382962.PDF,szse,01010503||010112||010799,gssz0000949,005ca7055278eeea72acb61832ff5a298ad8419c,2026-06-24T12:35:17.789264+00:00
1225382965,000949,新乡化纤,关于公司最近五年被证券监管部门和交易所采取监管措施或处罚及整改情况的公告,2026-06-24,1782230400000,http://static.cninfo.com.cn/finalpage/2026-06-24/1225382965.PDF,finalpage/2026-06-24/1225382965.PDF,szse,01010503||010112||012399,gssz0000949,1296409b2296996cfb9a66361709f849fcd2e8a5,2026-06-24T12:35:16.651380+00:00
1225382967,000949,新乡化纤,关于召开2026年第二次临时股东会的通知,2026-06-24,1782230400000,http://static.cninfo.com.cn/finalpage/2026-06-24/1225382967.PDF,finalpage/2026-06-24/1225382967.PDF,szse,01010503||010112||011901,gssz0000949,ddd41f2c4a62fa1faeeeaddefa3df3df0079c864,2026-06-24T12:35:16.651380+00:00
1225382968,000949,新乡化纤,关于本次向特定对象发行A股股票涉及关联交易的公告,2026-06-24,1782230400000,http://static.cninfo.com.cn/finalpage/2026-06-24/1225382968.PDF,finalpage/2026-06-24/1225382968.PDF,szse,01010503||010112||011719,gssz0000949,c3eeae0e49f876e15c260a20c0a67f7587134244,2026-06-24T12:35:16.651380+00:00
1225382970,000949,新乡化纤,前次募集资金使用情况报告的鉴证报告,2026-06-24,1782230400000,http://static.cninfo.com.cn/finalpage/2026-06-24/1225382970.PDF,finalpage/2026-06-24/1225382970.PDF,szse,01010503||01010903||010112||012315||0129,gssz0000949,500446bc21346a80331f31ded79864a36dcd87bf,2026-06-24T12:35:16.651380+00:00
1225382969,000949,新乡化纤,新乡化纤：关于前次募集资金使用情况的专项报告,2026-06-24,1782230400000,http://static.cninfo.com.cn/finalpage/2026-06-24/1225382969.PDF,finalpage/2026-06-24/1225382969.PDF,szse,01010503||010112||012315,gssz0000949,2bef660f8e9cbd522fa93574f83f966f86b0ef7f,2026-06-24T12:35:16.651380+00:00
1225382966,000949,新乡化纤,第十二届董事会第二次会议决议公告,2026-06-24,1782230400000,http://static.cninfo.com.cn/finalpage/2026-06-24/1225382966.PDF,finalpage/2026-06-24/1225382966.PDF,szse,01010503||010112||01239901,gssz0000949,c4d884154a500773425ef8512ef04464bf4524ba,2026-06-24T12:35:16.651380+00:00
1225383572,000959,首钢股份,北京国枫律师事务所关于北京首钢股份有限公司2025年年度股东会的法律意见书,2026-06-24,1782230400000,http://static.cninfo.com.cn/finalpage/2026-06-24/1225383572.PDF,finalpage/2026-06-24/1225383572.PDF,szse,01010901||010112||011999||012903,gssz0000959,1652d680d2bbcc6a9e5770730af24ce570be98f4,2026-06-24T12:34:54.483341+00:00
1225383571,000959,首钢股份,北京首钢股份有限公司2025年度股东会决议公告,2026-06-24,1782230400000,http://static.cninfo.com.cn/finalpage/2026-06-24/1225383571.PDF,finalpage/2026-06-24/1225383571.PDF,szse,01010503||010112||011905,gssz0000959,5fd5ed36b7302126e16b1d5af5a77a3304fa3c31,2026-06-24T12:34:54.483341+00:00
1225383573,000959,首钢股份,北京首钢股份有限公司独立董事届满离任公告,2026-06-24,1782230400000,http://static.cninfo.com.cn/finalpage/2026-06-24/1225383573.PDF,finalpage/2026-06-24/1225383573.PDF,szse,01010503||010112||012303,gssz0000959,862a9051112f955ce7bde5880366e0f255758879,2026-06-24T12:34:54.483341+00:00
1225382944,000968,蓝焰控股,关于全资子公司取得山西省沁水盆地法中区块矿产资源勘查许可证的公告,2026-06-24,1782230400000,http://static.cninfo.com.cn/finalpage/2026-06-24/1225382944.PDF,finalpage/2026-06-24/1225382944.PDF,szse,01010503||010112||012399,gssz0000968,8aeadca15d5aa1809d7e1050d3e148f7d5f10fbc,2026-06-24T12:35:17.789264+00:00
1225383626,000978,桂林旅游,关于控股子公司收到减免部分费用批复的公告,2026-06-24,1782230400000,http://static.cninfo.com.cn/finalpage/2026-06-24/1225383626.PDF,finalpage/2026-06-24/1225383626.PDF,szse,01010501||010112||012399,gssz0000978,734394b5008ac4542b89dd51e022a411e177072e,2026-06-24T12:34:53.355869+00:00
1225383685,001202,炬申股份,公司章程（2026年6月修订）,2026-06-24,1782230400000,http://static.cninfo.com.cn/finalpage/2026-06-24/1225383685.PDF,finalpage/2026-06-24/1225383685.PDF,szse,01010503||010112||013101,gfbj0839749,4e8deddc84061b93593b64d22669f09da0c017b8,2026-06-24T12:34:51.853618+00:00
1225383686,001202,炬申股份,关于全资子公司注销分公司的进展公告,2026-06-24,1782230400000,http://static.cninfo.com.cn/finalpage/2026-06-24/1225383686.PDF,finalpage/2026-06-24/1225383686.PDF,szse,01010503||010112||012305,gfbj0839749,5a4862852c838779f1a1671536d717c6b0ab3452,2026-06-24T12:34:51.853618+00:00
1225383676,001202,炬申股份,关于公司担保额度内部分配调整的公告,2026-06-24,1782230400000,http://static.cninfo.com.cn/finalpage/2026-06-24/1225383676.PDF,finalpage/2026-06-24/1225383676.PDF,szse,01010503||010112||011711,gfbj0839749,9f4852ef23d884d3b9148e06b9140a3bb3d2c926,2026-06-24T12:34:51.853618+00:00
1225383679,001202,炬申股份,关于公司独立董事任期届满辞职暨补选独立董事并调整第四届董事会专门委员会的公告,2026-06-24,1782230400000,http://static.cninfo.com.cn/finalpage/2026-06-24/1225383679.PDF,finalpage/2026-06-24/1225383679.PDF,szse,01010503||010112||012303,gfbj0839749,e484d9fe5afc65facdb2f76a53b336d1aab40666,2026-06-24T12:34:51.853618+00:00
1225383675,001202,炬申股份,关于召开2026年第二次临时股东会的通知,2026-06-24,1782230400000,http://static.cninfo.com.cn/finalpage/2026-06-24/1225383675.PDF,finalpage/2026-06-24/1225383675.PDF,szse,01010503||010112||011901,gfbj0839749,46522eeb2704857167b7c5f0c1edf06ee96c991f,2026-06-24T12:34:51.853618+00:00
1225383684,001202,炬申股份,关于增加经营范围、修订《公司章程》并办理工商登记的公告,2026-06-24,1782230400000,http://static.cninfo.com.cn/finalpage/2026-06-24/1225383684.PDF,finalpage/2026-06-24/1225383684.PDF,szse,01010503||010112||012301,gfbj0839749,784757ac456c0906ab1f52f31f2a703df9cc2251,2026-06-24T12:34:51.853618+00:00
1225383678,001202,炬申股份,关于对全资子公司担保的进展公告,2026-06-24,1782230400000,http://static.cninfo.com.cn/finalpage/2026-06-24/1225383678.PDF,finalpage/2026-06-24/1225383678.PDF,szse,01010503||010112||011711,gfbj0839749,a36e641e9c8da5269a16883df4727decccd0489e,2026-06-24T12:34:51.853618+00:00
1225383677,001202,炬申股份,关于申请综合授信额度调整的公告,2026-06-24,1782230400000,http://static.cninfo.com.cn/finalpage/2026-06-24/1225383677.PDF,finalpage/2026-06-24/1225383677.PDF,szse,01010503||010112||011709,gfbj0839749,243924bbf843229220845f82dc0360ef13a52ba3,2026-06-24T12:34:51.853618+00:00
1225383692,001202,炬申股份,关联交易管理制度（2026年6月修订）,2026-06-24,1782230400000,http://static.cninfo.com.cn/finalpage/2026-06-24/1225383692.PDF,finalpage/2026-06-24/1225383692.PDF,szse,01010503||010112||013199,gfbj0839749,c74bd0870747a48669754fc9c85c456e6b079706,2026-06-24T12:34:51.852587+00:00
1225383690,001202,炬申股份,内幕信息知情人登记管理制度（2026年6月修订）,2026-06-24,1782230400000,http://static.cninfo.com.cn/finalpage/2026-06-24/1225383690.PDF,finalpage/2026-06-24/1225383690.PDF,szse,01010503||010112||013199,gfbj0839749,bcae511bb0367078a03f7a5e721f6fc51a99418c,2026-06-24T12:34:51.852587+00:00
1225383687,001202,炬申股份,内部审计管理制度（2026年6月修订）,2026-06-24,1782230400000,http://static.cninfo.com.cn/finalpage/2026-06-24/1225383687.PDF,finalpage/2026-06-24/1225383687.PDF,szse,01010503||010112||013199,gfbj0839749,14407f22e0d71f4c10f8dde38dc3269a93ba17c8,2026-06-24T12:34:51.853618+00:00
1225383688,001202,炬申股份,募集资金管理制度（2026年6月修订）,2026-06-24,1782230400000,http://static.cninfo.com.cn/finalpage/2026-06-24/1225383688.PDF,finalpage/2026-06-24/1225383688.PDF,szse,01010503||010112||013199,gfbj0839749,441358e6a0f9c1663634a8f383446630262c6958,2026-06-24T12:34:51.852587+00:00
1225383689,001202,炬申股份,委托理财管理制度（2026年6月修订）,2026-06-24,1782230400000,http://static.cninfo.com.cn/finalpage/2026-06-24/1225383689.PDF,finalpage/2026-06-24/1225383689.PDF,szse,01010503||010112||013199,gfbj0839749,dd6c97c35d0a408044a46b5a542e7e79fa48dc61,2026-06-24T12:34:51.852587+00:00
1225383691,001202,炬申股份,对外投资管理制度（2026年6月修订）,2026-06-24,1782230400000,http://static.cninfo.com.cn/finalpage/2026-06-24/1225383691.PDF,finalpage/2026-06-24/1225383691.PDF,szse,01010503||010112||013199,gfbj0839749,eb1ad3657a9ee29affb8f9d5158c5ed0a3d4f30a,2026-06-24T12:34:51.852587+00:00
1225383701,001202,炬申股份,对外担保管理制度（2026年6月修订）,2026-06-24,1782230400000,http://static.cninfo.com.cn/finalpage/2026-06-24/1225383701.PDF,finalpage/2026-06-24/1225383701.PDF,szse,01010503||010112||013199,gfbj0839749,aa1fb37a2229cf732985d8a17c96b83322cc2aa5,2026-06-24T12:34:50.548403+00:00
1225383695,001202,炬申股份,对外捐赠制度（2026年6月）,2026-06-24,1782230400000,http://static.cninfo.com.cn/finalpage/2026-06-24/1225383695.PDF,finalpage/2026-06-24/1225383695.PDF,szse,01010503||010112||013199,gfbj0839749,6fa5180a7b43eea4180dbe9837421337f7771eff,2026-06-24T12:34:51.852587+00:00
1225383694,001202,炬申股份,对外提供财务资助管理制度（2026年6月）,2026-06-24,1782230400000,http://static.cninfo.com.cn/finalpage/2026-06-24/1225383694.PDF,finalpage/2026-06-24/1225383694.PDF,szse,01010503||010112||013199,gfbj0839749,25505b63b2b351726d9d666b8023bea08b088f13,2026-06-24T12:34:51.852587+00:00
1225383693,001202,炬申股份,独立董事专门会议工作制度（2026年6月修订）,2026-06-24,1782230400000,http://static.cninfo.com.cn/finalpage/2026-06-24/1225383693.PDF,finalpage/2026-06-24/1225383693.PDF,szse,01010503||010112||013105||013199,gfbj0839749,82a32c7051d9a42104528dc5c5b0f244a613f325,2026-06-24T12:34:51.852587+00:00
1225383681,001202,炬申股份,独立董事候选人声明与承诺（李爱菊）,2026-06-24,1782230400000,http://static.cninfo.com.cn/finalpage/2026-06-24/1225383681.PDF,finalpage/2026-06-24/1225383681.PDF,szse,01011199||010112||012303,gfbj0839749,428d52290b4c784e9c4c23e8a25d7db57f0d8951,2026-06-24T12:34:51.853618+00:00
1225383682,001202,炬申股份,独立董事候选人声明与承诺（郭莉）,2026-06-24,1782230400000,http://static.cninfo.com.cn/finalpage/2026-06-24/1225383682.PDF,finalpage/2026-06-24/1225383682.PDF,szse,01011199||010112||012303,gfbj0839749,47029e4877c59edd9470c8ba52c5d2a161659859,2026-06-24T12:34:51.853618+00:00
1225383699,001202,炬申股份,独立董事工作制度（2026年6月修订）,2026-06-24,1782230400000,http://static.cninfo.com.cn/finalpage/2026-06-24/1225383699.PDF,finalpage/2026-06-24/1225383699.PDF,szse,01010503||010112||013105||013199,gfbj0839749,728df165f78d4b80bafd6a17221c903d689d12ce,2026-06-24T12:34:50.549401+00:00
1225383680,001202,炬申股份,独立董事提名人声明与承诺（李爱菊）,2026-06-24,1782230400000,http://static.cninfo.com.cn/finalpage/2026-06-24/1225383680.PDF,finalpage/2026-06-24/1225383680.PDF,szse,01010503||010112||012303,gfbj0839749,f28bd80c668d607e77458062f76c9c24b7aa3e9a,2026-06-24T12:34:51.853618+00:00
1225383683,001202,炬申股份,独立董事提名人声明与承诺（郭莉）,2026-06-24,1782230400000,http://static.cninfo.com.cn/finalpage/2026-06-24/1225383683.PDF,finalpage/2026-06-24/1225383683.PDF,szse,01010503||010112||012303,gfbj0839749,b659602f29d0d37e4374629a5d1e6c7192833537,2026-06-24T12:34:51.853618+00:00
1225383674,001202,炬申股份,第四届董事会第九次会议决议公告,2026-06-24,1782230400000,http://static.cninfo.com.cn/finalpage/2026-06-24/1225383674.PDF,finalpage/2026-06-24/1225383674.PDF,szse,01010503||010112||01239901,gfbj0839749,3eeb2a41208182d734fc346b635768a2528b7cc8,2026-06-24T12:34:51.853618+00:00
1225383696,001202,炬申股份,股东会议事规则（2026年6月修订）,2026-06-24,1782230400000,http://static.cninfo.com.cn/finalpage/2026-06-24/1225383696.PDF,finalpage/2026-06-24/1225383696.PDF,szse,01010503||010112||013103||013199,gfbj0839749,feaf82ecef9d2fca00b4cde57849c18a4297a8b9,2026-06-24T12:34:50.549401+00:00
1225383700,001202,炬申股份,董事会审计委员会实施细则（2026年6月修订）,2026-06-24,1782230400000,http://static.cninfo.com.cn/finalpage/2026-06-24/1225383700.PDF,finalpage/2026-06-24/1225383700.PDF,szse,01010503||010112||013105||013199,gfbj0839749,af9385fb3ca681f6ac5530b35851303b8b731c6b,2026-06-24T12:34:50.549401+00:00
1225383697,001202,炬申股份,董事会议事规则（2026年6月修订）,2026-06-24,1782230400000,http://static.cninfo.com.cn/finalpage/2026-06-24/1225383697.PDF,finalpage/2026-06-24/1225383697.PDF,szse,01010503||010112||013105||013199,gfbj0839749,b62300f016429b9d9b28fca295eacf67fbee60ed,2026-06-24T12:34:50.549401+00:00
1225383698,001202,炬申股份,董事和高级管理人员所持本公司股份及其变动管理制度（2026年6月修订）,2026-06-24,1782230400000,http://static.cninfo.com.cn/finalpage/2026-06-24/1225383698.PDF,finalpage/2026-06-24/1225383698.PDF,szse,01010503||010112||013105||013199,gfbj0839749,ef478ccebf4ecec92ce2f9e3769784089f23d37f,2026-06-24T12:34:50.549401+00:00
1225383574,001203,大中矿业,关于“大中转债”回售的第二次提示性公告,2026-06-24,1782230400000,http://static.cninfo.com.cn/finalpage/2026-06-24/1225383574.PDF,finalpage/2026-06-24/1225383574.PDF,szse,01010503||010112||010917,9900023231,cc13a4bd42bbffa8abb741a8fa2ee2beb6fa2ab2,2026-06-24T12:34:54.483341+00:00
1225383371,001212,中旗新材,关于股东部分股份质押的公告,2026-06-24,1782230400000,http://static.cninfo.com.cn/finalpage/2026-06-24/1225383371.PDF,finalpage/2026-06-24/1225383371.PDF,szse,01010503||010112||012307,nssc1000239,5427fb1d193ea83c36c079a5e9b85f4c85a396bb,2026-06-24T12:35:04.882885+00:00
1225382876,001213,中铁特货,中铁特货物流股份有限公司2026年第一次临时股东会决议公告,2026-06-24,1782230400000,http://static.cninfo.com.cn/finalpage/2026-06-24/1225382876.PDF,finalpage/2026-06-24/1225382876.PDF,szse,01010503||010112||011905,nssc1000059,29ccc5c9f282644ea71c2f4af236e3da05c80bc8,2026-06-24T12:35:19.000077+00:00
1225382878,001213,中铁特货,中铁特货物流股份有限公司关于选举副董事长、董事会战略委员会委员的公告,2026-06-24,1782230400000,http://static.cninfo.com.cn/finalpage/2026-06-24/1225382878.PDF,finalpage/2026-06-24/1225382878.PDF,szse,01010503||010112||012303,nssc1000059,d2864db5d3574a34315694ab9c4eb8fd9a16e8dc,2026-06-24T12:35:19.000077+00:00
1225382875,001213,中铁特货,中铁特货物流股份有限公司第三届董事会第十次会议决议公告,2026-06-24,1782230400000,http://static.cninfo.com.cn/finalpage/2026-06-24/1225382875.PDF,finalpage/2026-06-24/1225382875.PDF,szse,01010503||010112||01239901,nssc1000059,e1f297338705733e023ca305f0184836501e4fa3,2026-06-24T12:35:19.000077+00:00
1225382877,001213,中铁特货,北京国枫律师事务所关于中铁特货物流股份有限公司2026年第一次临时股东会的法律意见书,2026-06-24,1782230400000,http://static.cninfo.com.cn/finalpage/2026-06-24/1225382877.PDF,finalpage/2026-06-24/1225382877.PDF,szse,01010901||010112||011999||012903,nssc1000059,40e331812a7d254d8f828b9091564b6d99f2bca8,2026-06-24T12:35:19.000077+00:00
1225384044,001248,华润新能源,首次公开发行股票并在主板上市网上摇号中签结果公告,2026-06-24,1782230400000,http://static.cninfo.com.cn/finalpage/2026-06-24/1225384044.PDF,finalpage/2026-06-24/1225384044.PDF,szse,01010501||01010701||010112||01021120,9900062481,9364f4a2c41c6ec6c815adb3f89d50b827746e8b,2026-06-24T12:34:40.991934+00:00
1225384045,001248,华润新能源,首次公开发行股票并在主板上市网下发行初步配售结果公告,2026-06-24,1782230400000,http://static.cninfo.com.cn/finalpage/2026-06-24/1225384045.PDF,finalpage/2026-06-24/1225384045.PDF,szse,01010501||01010701||010112||01021110,9900062481,53536652d7cd0fce9a1782e2c24385d5cf28d855,2026-06-24T12:34:40.991934+00:00
1225383352,001266,宏英智能,上海宏英智能科技股份有限公司章程（2026年6月）,2026-06-24,1782230400000,http://static.cninfo.com.cn/finalpage/2026-06-24/1225383352.PDF,finalpage/2026-06-24/1225383352.PDF,szse,01010503||010112||013101,9900048786,124f1b491e6dbaa0da948d16b3dec7e57800cfe2,2026-06-24T12:35:04.882885+00:00
1225383348,001266,宏英智能,上海市锦天城律师事务所关于上海宏英智能科技股份有限公司2023年股票期权与限制性股票激励计划部分事项调整及注销部分股票期权与回购注销部分限制性股票事项之法律意见书,2026-06-24,1782230400000,http://static.cninfo.com.cn/finalpage/2026-06-24/1225383348.PDF,finalpage/2026-06-24/1225383348.PDF,szse,01010503||01010901||010112||012325||012903,9900048786,15326b392c894a89ebbd314b73c26fe369d6937a,2026-06-24T12:35:04.884391+00:00
1225383350,001266,宏英智能,关于变更注册资本及修改《公司章程》并办理工商变更登记的公告,2026-06-24,1782230400000,http://static.cninfo.com.cn/finalpage/2026-06-24/1225383350.PDF,finalpage/2026-06-24/1225383350.PDF,szse,01010503||010112||012301,9900048786,79b9ae8f899ac99921a1cc5a28aac31117e4ebd5,2026-06-24T12:35:04.882885+00:00
1225383343,001266,宏英智能,关于召开2026年第二次临时股东会的通知,2026-06-24,1782230400000,http://static.cninfo.com.cn/finalpage/2026-06-24/1225383343.PDF,finalpage/2026-06-24/1225383343.PDF,szse,01010503||010112||011901,9900048786,92126f1b025c6ff4b829bef8178ed1ec16893631,2026-06-24T12:35:04.884391+00:00
1225383346,001266,宏英智能,关于回购注销公司2023年股票期权与限制性股票激励计划部分限制性股票的公告,2026-06-24,1782230400000,http://static.cninfo.com.cn/finalpage/2026-06-24/1225383346.PDF,finalpage/2026-06-24/1225383346.PDF,szse,01010503||010112||011513||012325,9900048786,86b965601b7c9657dcf8a20be188803f14f8de95,2026-06-24T12:35:04.884391+00:00
1225383344,001266,宏英智能,关于对外担保的进展公告,2026-06-24,1782230400000,http://static.cninfo.com.cn/finalpage/2026-06-24/1225383344.PDF,finalpage/2026-06-24/1225383344.PDF,szse,01010503||010112||011711,9900048786,d5da4f05a8c5b7d0a407e99b6c345985b5766699,2026-06-24T12:35:04.884391+00:00
1225383345,001266,宏英智能,关于注销公司2023年股票期权与限制性股票激励计划部分股票期权的公告,2026-06-24,1782230400000,http://static.cninfo.com.cn/finalpage/2026-06-24/1225383345.PDF,finalpage/2026-06-24/1225383345.PDF,szse,01010503||010112||012325,9900048786,bd635ccc709bc6188d1a9bcd737584070f25b080,2026-06-24T12:35:04.884391+00:00
1225383349,001266,宏英智能,关于调整公司2023年股票期权与限制性股票激励计划相关事项的公告,2026-06-24,1782230400000,http://static.cninfo.com.cn/finalpage/2026-06-24/1225383349.PDF,finalpage/2026-06-24/1225383349.PDF,szse,01010503||010112||012325,9900048786,d92b43fa53dc95cdde932083c88e7d7fbc4e06f9,2026-06-24T12:35:04.882885+00:00
1225383342,001266,宏英智能,第二届董事会第十七次会议决议公告,2026-06-24,1782230400000,http://static.cninfo.com.cn/finalpage/2026-06-24/1225383342.PDF,finalpage/2026-06-24/1225383342.PDF,szse,01010503||010112||01239901,9900048786,73370f48afc2b651ce412e2e6fff2c25ed0a0121,2026-06-24T12:35:04.884391+00:00
1225383351,001266,宏英智能,董事、高级管理人员薪酬管理制度（2026年6月）,2026-06-24,1782230400000,http://static.cninfo.com.cn/finalpage/2026-06-24/1225383351.PDF,finalpage/2026-06-24/1225383351.PDF,szse,01010503||010112||013105||013199,9900048786,97f267b0082c417d5c473ee3da638e8fb852e571,2026-06-24T12:35:04.882885+00:00
1225383347,001266,宏英智能,董事会薪酬与考核委员会关于公司2023年股票期权与限制性股票激励计划相关事项的核查意见,2026-06-24,1782230400000,http://static.cninfo.com.cn/finalpage/2026-06-24/1225383347.PDF,finalpage/2026-06-24/1225383347.PDF,szse,01010503||010112||012325||01239901,9900048786,7425b3ad420a33cd8749b1fd2701c138256d7ac2,2026-06-24T12:35:04.884391+00:00
1225383512,001268,联合精密,关于子公司为公司提供担保的公告,2026-06-24,1782230400000,http://static.cninfo.com.cn/finalpage/2026-06-24/1225383512.PDF,finalpage/2026-06-24/1225383512.PDF,szse,01010503||010112||011711,nssc1000056,a7a834e89bb857cf225140b874e8c7383823a7de,2026-06-24T12:34:58.878887+00:00
1225383500,001269,欧晶科技,关于不向下修正欧晶转债转股价格的公告,2026-06-24,1782230400000,http://static.cninfo.com.cn/finalpage/2026-06-24/1225383500.PDF,finalpage/2026-06-24/1225383500.PDF,szse,01010503||010112||010915,gfbj0836724,9d8e121690a03c430830fdc12b9c2ef373003b58,2026-06-24T12:34:58.879887+00:00
1225383501,001269,欧晶科技,第四届董事会第二十次会议决议公告,2026-06-24,1782230400000,http://static.cninfo.com.cn/finalpage/2026-06-24/1225383501.PDF,finalpage/2026-06-24/1225383501.PDF,szse,01010503||010112||01239901,gfbj0836724,ecf90090197d71534304716bc34d957e21400b7a,2026-06-24T12:34:58.879887+00:00
1225382639,001298,好上好,2026年第三次临时股东会决议公告,2026-06-24,1782230400000,http://static.cninfo.com.cn/finalpage/2026-06-24/1225382639.PDF,finalpage/2026-06-24/1225382639.PDF,szse,01010503||010112||011905,9900047340,87d4aaf388ec67712e9529bf5b8fb37c15d31a05,2026-06-24T12:35:22.810246+00:00
1225382640,001298,好上好,北京市中闻（深圳）律师事务所关于深圳市好上好信息科技股份有限公司2026年第三次临时股东会的法律意见书,2026-06-24,1782230400000,http://static.cninfo.com.cn/finalpage/2026-06-24/1225382640.PDF,finalpage/2026-06-24/1225382640.PDF,szse,01010901||010112||011999||012903,9900047340,468304986daca350a85c9e0e71e7f277706f2f9e,2026-06-24T12:35:22.810246+00:00
1225383534,001301,尚太科技,关于2023年限制性股票激励计划部分限制性股票回购注销完成的公告,2026-06-24,1782230400000,http://static.cninfo.com.cn/finalpage/2026-06-24/1225383534.PDF,finalpage/2026-06-24/1225383534.PDF,szse,01010503||010112||011513||012325,9900047767,dff0ccd95e863d93c355c3fe89ab88adff762932,2026-06-24T12:34:58.878887+00:00
1225383535,001301,尚太科技,关于可转换公司债券转股价格调整的公告,2026-06-24,1782230400000,http://static.cninfo.com.cn/finalpage/2026-06-24/1225383535.PDF,finalpage/2026-06-24/1225383535.PDF,szse,01010503||010112||010915||010999,9900047767,83e867939f8681a65b584ad99c60172d704ebadd,2026-06-24T12:34:54.484377+00:00
1225383102,001308,康冠科技,2026年第二次临时股东会决议公告,2026-06-24,1782230400000,http://static.cninfo.com.cn/finalpage/2026-06-24/1225383102.PDF,finalpage/2026-06-24/1225383102.PDF,szse,01010503||010112||011905,nssc1000504,41221d9b9d55ce3e49ef302e21a5c48ffbe36800,2026-06-24T12:35:12.823419+00:00
1225383103,001308,康冠科技,广东信达律师事务所关于深圳市康冠科技股份有限公司2026年第二次临时股东会法律意见书,2026-06-24,1782230400000,http://static.cninfo.com.cn/finalpage/2026-06-24/1225383103.PDF,finalpage/2026-06-24/1225383103.PDF,szse,01010901||010112||011999||012903,nssc1000504,ab6086e46d3c9859caa63c05e4a920cf31ee6050,2026-06-24T12:35:12.823419+00:00
1225382753,001330,博纳影业,关于参加新疆辖区上市公司2026年投资者网上集体接待日活动的公告,2026-06-24,1782230400000,http://static.cninfo.com.cn/finalpage/2026-06-24/1225382753.PDF,finalpage/2026-06-24/1225382753.PDF,szse,01010503||010112||012399,9900036065,6ff5f144d721ae5b23ea961ab5583cf52d222acf,2026-06-24T12:35:21.153394+00:00
1225384150,001391,国货航,2025年度权益分派实施公告,2026-06-24,1782230400000,http://static.cninfo.com.cn/finalpage/2026-06-24/1225384150.PDF,finalpage/2026-06-24/1225384150.PDF,szse,01010503||010112||011301,9900057395,5ee3854b2994903a140632a857fad738614575d5,2026-06-24T12:34:35.336199+00:00
1225383094,001965,招商公路,2026年第二次临时股东会决议公告,2026-06-24,1782230400000,http://static.cninfo.com.cn/finalpage/2026-06-24/1225383094.PDF,finalpage/2026-06-24/1225383094.PDF,szse,01010503||010112||011905,GD008065,0c3cc4c5511ae57a9f921ca808d498d6b6dd483a,2026-06-24T12:35:12.824426+00:00
1225383095,001965,招商公路,北京市北斗鼎铭律师事务所关于招商局公路网络科技控股股份有限公司2026年第二次临时股东会的法律意见书,2026-06-24,1782230400000,http://static.cninfo.com.cn/finalpage/2026-06-24/1225383095.PDF,finalpage/2026-06-24/1225383095.PDF,szse,01010901||010112||011999||012903,GD008065,05fc439de7840c829810cea72a12924afecf63f8,2026-06-24T12:35:12.824426+00:00
1225383096,001965,招商公路,招商局公路网络科技控股股份有限公司关联交易管理制度,2026-06-24,1782230400000,http://static.cninfo.com.cn/finalpage/2026-06-24/1225383096.PDF,finalpage/2026-06-24/1225383096.PDF,szse,01010503||010112||013199,GD008065,a1a20477f5e78b45e1da49d68cc24ebff32299aa,2026-06-24T12:35:12.824426+00:00
1225383097,001965,招商公路,招商局公路网络科技控股股份有限公司董事、高级管理人员薪酬管理制度,2026-06-24,1782230400000,http://static.cninfo.com.cn/finalpage/2026-06-24/1225383097.PDF,finalpage/2026-06-24/1225383097.PDF,szse,01010503||010112||013105||013199,GD008065,d3c20515542a99f8e1fc8af2f7a9412c6a755fdb,2026-06-24T12:35:12.824426+00:00
1225383509,002001,新 和 成,关于回购公司股份方案的公告,2026-06-24,1782230400000,http://static.cninfo.com.cn/finalpage/2026-06-24/1225383509.PDF,finalpage/2026-06-24/1225383509.PDF,szse,01010503||010112||011513,gssz0002001,2489824baef51cb09ee4625c4e653e007e8749c4,2026-06-24T12:34:58.879887+00:00
1225383511,002001,新 和 成,关于调整第五期员工持股计划管理委员会委员的公告,2026-06-24,1782230400000,http://static.cninfo.com.cn/finalpage/2026-06-24/1225383511.PDF,finalpage/2026-06-24/1225383511.PDF,szse,01010503||010112||012399,gssz0002001,30d01c58a4c78fa0848e04dcb74fca432e1f9817,2026-06-24T12:34:58.878887+00:00
1225383510,002001,新 和 成,第九届董事会第二十次会议决议公告,2026-06-24,1782230400000,http://static.cninfo.com.cn/finalpage/2026-06-24/1225383510.PDF,finalpage/2026-06-24/1225383510.PDF,szse,01010503||010112||01239901,gssz0002001,681a004722be0b8773faa6cd4c95ba36173e0a6d,2026-06-24T12:34:58.878887+00:00
1225384174,002030,达安基因,关于2026年度董事及高级管理人员薪酬方案的公告,2026-06-24,1782230400000,http://static.cninfo.com.cn/finalpage/2026-06-24/1225384174.PDF,finalpage/2026-06-24/1225384174.PDF,szse,01010503||010112||012399,gssz0002030,e2392468039e4c9772bc34de354a599ffa650964,2026-06-24T12:34:35.334695+00:00
1225384173,002030,达安基因,关于召开2026年第一次临时股东会的通知,2026-06-24,1782230400000,http://static.cninfo.com.cn/finalpage/2026-06-24/1225384173.PDF,finalpage/2026-06-24/1225384173.PDF,szse,01010503||010112||011901,gssz0002030,3b012dafe04a04716e8c89275b315fad15cb1014,2026-06-24T12:34:35.334695+00:00
1225384172,002030,达安基因,第九届董事会2026年第三次临时会议决议公告,2026-06-24,1782230400000,http://static.cninfo.com.cn/finalpage/2026-06-24/1225384172.PDF,finalpage/2026-06-24/1225384172.PDF,szse,01010503||010112||01239901,gssz0002030,b8e51f22b45bbf609730954ead1168daead60681,2026-06-24T12:34:35.334695+00:00
1225384175,002030,达安基因,董事及高级管理人员薪酬管理制度,2026-06-24,1782230400000,http://static.cninfo.com.cn/finalpage/2026-06-24/1225384175.PDF,finalpage/2026-06-24/1225384175.PDF,szse,01010503||010112||013105||013199,gssz0002030,312b98b2c4dfd53cc0bd18f9d53cd811ad70aca6,2026-06-24T12:34:35.334695+00:00
1225383783,002049,紫光国微,会计师事务所选聘制度（2026年6月制定）,2026-06-24,1782230400000,http://static.cninfo.com.cn/finalpage/2026-06-24/1225383783.PDF,finalpage/2026-06-24/1225383783.PDF,szse,01010503||010112||013199,gssz0002049,fef4d09bd88e37efd3e0bd56368484c2b08704bd,2026-06-24T12:34:49.315375+00:00
1225383785,002049,紫光国微,公司章程（2026年6月修订）,2026-06-24,1782230400000,http://static.cninfo.com.cn/finalpage/2026-06-24/1225383785.PDF,finalpage/2026-06-24/1225383785.PDF,szse,01010503||010112||013101,gssz0002049,5bf7f1df31117040000b5bb0c21bebbe751cfc98,2026-06-24T12:34:49.314864+00:00
1225383780,002049,紫光国微,关于变更注册资本及修订《公司章程》的公告,2026-06-24,1782230400000,http://static.cninfo.com.cn/finalpage/2026-06-24/1225383780.PDF,finalpage/2026-06-24/1225383780.PDF,szse,01010503||010112||012301,gssz0002049,7d85a165f09ecc293a0dff9c50eb66a7d6f1a01e,2026-06-24T12:34:49.315375+00:00
1225383778,002049,紫光国微,关于召开2026年第三次临时股东会的通知,2026-06-24,1782230400000,http://static.cninfo.com.cn/finalpage/2026-06-24/1225383778.PDF,finalpage/2026-06-24/1225383778.PDF,szse,01010503||010112||011901,gssz0002049,f29d3747add52b594cef283d2f26b5582f789c2e,2026-06-24T12:34:49.315375+00:00
1225383779,002049,紫光国微,关于注销部分回购股份的公告,2026-06-24,1782230400000,http://static.cninfo.com.cn/finalpage/2026-06-24/1225383779.PDF,finalpage/2026-06-24/1225383779.PDF,szse,01010503||010112||011513,gssz0002049,132e0326aab50eee81f69e45ceb5753c18363c29,2026-06-24T12:34:49.315375+00:00
1225383782,002049,紫光国微,投资者投诉处理工作制度（2026年6月修订）,2026-06-24,1782230400000,http://static.cninfo.com.cn/finalpage/2026-06-24/1225383782.PDF,finalpage/2026-06-24/1225383782.PDF,szse,01010503||010112||013199,gssz0002049,32aa2865f9a28a8e7a1890f2f9f12a9567713f3a,2026-06-24T12:34:49.315375+00:00
1225383784,002049,紫光国微,独立董事年报工作制度（2026年6月修订）,2026-06-24,1782230400000,http://static.cninfo.com.cn/finalpage/2026-06-24/1225383784.PDF,finalpage/2026-06-24/1225383784.PDF,szse,01010503||010112||013105||013199,gssz0002049,c79c387b7e2839c4758e282c71f4d92a33824684,2026-06-24T12:34:49.314864+00:00
1225383777,002049,紫光国微,第八届董事会第四十三次会议决议公告,2026-06-24,1782230400000,http://static.cninfo.com.cn/finalpage/2026-06-24/1225383777.PDF,finalpage/2026-06-24/1225383777.PDF,szse,01010503||010112||01239901,gssz0002049,e05a0cd74db47910c39140802b938b773ca1df10,2026-06-24T12:34:49.315375+00:00
1225383781,002049,紫光国微,董事会审计委员会年度财务报告审议工作规程（2026年6月修订）,2026-06-24,1782230400000,http://static.cninfo.com.cn/finalpage/2026-06-24/1225383781.PDF,finalpage/2026-06-24/1225383781.PDF,szse,01010503||010112||013105||013199,gssz0002049,18f9138dcc12818ef2c47d022a78639f69939cbb,2026-06-24T12:34:49.315375+00:00
1225382945,002053,云南能投,云南能源投资股份有限公司关于长田风电场项目及中寨风电场项目获得云南省发展和改革委员会核准批复的公告,2026-06-24,1782230400000,http://static.cninfo.com.cn/finalpage/2026-06-24/1225382945.PDF,finalpage/2026-06-24/1225382945.PDF,szse,01010503||010112||011705,gssz0002053,f62d8136b65f90b365fc10edc5b45d817914db32,2026-06-24T12:35:17.789264+00:00
1225383566,002055,ST得润,关于担保事项涉及诉讼的进展公告,2026-06-24,1782230400000,http://static.cninfo.com.cn/finalpage/2026-06-24/1225383566.PDF,finalpage/2026-06-24/1225383566.PDF,szse,01010503||010112||011711||012309,9900000123,f3754f3f8a747293204685dcac8d03c704013205,2026-06-24T12:34:54.483341+00:00
1225382997,002068,黑猫股份,股票交易异常波动公告,2026-06-24,1782230400000,http://static.cninfo.com.cn/finalpage/2026-06-24/1225382997.PDF,finalpage/2026-06-24/1225382997.PDF,szse,01010503||010112||012103,9900000622,926219749858441774353ff0a424137076069451,2026-06-24T12:35:16.651380+00:00
1225383740,002074,国轩高科,关于公司对外担保进展的公告,2026-06-24,1782230400000,http://static.cninfo.com.cn/finalpage/2026-06-24/1225383740.PDF,finalpage/2026-06-24/1225383740.PDF,szse,01010503||010112||011711,9900001001,b3a20ade41932003ddd266cd914cd59342bbee68,2026-06-24T12:34:50.547402+00:00
1225382870,002079,苏州固锝,2025年度分红派息实施公告,2026-06-24,1782230400000,http://static.cninfo.com.cn/finalpage/2026-06-24/1225382870.PDF,finalpage/2026-06-24/1225382870.PDF,szse,01010503||010112||011301,9900001221,6809ae0cdc8aadbca6110a2ec2390987d4681511,2026-06-24T12:35:19.000077+00:00
1225383209,002080,中材科技,2025年股票期权激励计划首次授予激励对象名单（截至首次授权日）,2026-06-24,1782230400000,http://static.cninfo.com.cn/finalpage/2026-06-24/1225383209.PDF,finalpage/2026-06-24/1225383209.PDF,szse,01010503||010112||012325,9900001282,445784eb7f2646796a5bc288d7efc44d3d4ccfef,2026-06-24T12:35:09.582611+00:00
1225383214,002080,中材科技,中审众环会计师事务所（特殊普通合伙）关于中材科技股份有限公司向特定对象发行股票申请文件的审核问询函的回复,2026-06-24,1782230400000,http://static.cninfo.com.cn/finalpage/2026-06-24/1225383214.PDF,finalpage/2026-06-24/1225383214.PDF,szse,010109||01010903||010112||0129,9900001282,83f062798a982a1c897d5c4c1cbd89dddae59c57,2026-06-24T12:35:09.581590+00:00
1225383216,002080,中材科技,中材科技股份有限公司2025年度向特定对象发行A股股票并在主板上市募集说明书（修订稿）,2026-06-24,1782230400000,http://static.cninfo.com.cn/finalpage/2026-06-24/1225383216.PDF,finalpage/2026-06-24/1225383216.PDF,szse,01010501||010112||010705,9900001282,0eef18a9f6ed189ab2a5cccabdac6cfa5ca55eaf,2026-06-24T12:35:09.581590+00:00
1225383211,002080,中材科技,中材科技股份有限公司与华泰联合证券有限责任公司关于中材科技股份有限公司向特定对象发行股票申请文件的审核问询函的回复报告（四次修订稿）,2026-06-24,1782230400000,http://static.cninfo.com.cn/finalpage/2026-06-24/1225383211.PDF,finalpage/2026-06-24/1225383211.PDF,szse,01010701||010109||010112||0129,9900001282,5f78e4088c9d9c2f3875ffce36c0a254a78df056,2026-06-24T12:35:09.581590+00:00
1225383204,002080,中材科技,中材科技股份有限公司董事会薪酬与考核委员会关于公司2025年股票期权激励计划相关事项的核查意见,2026-06-24,1782230400000,http://static.cninfo.com.cn/finalpage/2026-06-24/1225383204.PDF,finalpage/2026-06-24/1225383204.PDF,szse,01010503||010112||012325||01239901,9900001282,e0e1e855f7e9a78cb86b0ad2d34037620ecdccfe,2026-06-24T12:35:09.582611+00:00
1225383210,002080,中材科技,关于2025年度向特定对象发行股票的审核问询函回复及募集说明书等申请文件更新的提示性公告,2026-06-24,1782230400000,http://static.cninfo.com.cn/finalpage/2026-06-24/1225383210.PDF,finalpage/2026-06-24/1225383210.PDF,szse,01010503||010112||010799||012399,9900001282,836f7963e4505c09f1da03c9c0b03694ab9f3380,2026-06-24T12:35:09.582611+00:00
1225383207,002080,中材科技,关于召开2026年第二次临时股东会的通知,2026-06-24,1782230400000,http://static.cninfo.com.cn/finalpage/2026-06-24/1225383207.PDF,finalpage/2026-06-24/1225383207.PDF,szse,01010503||010112||011901,9900001282,a250c38406b7af52fb94a7b86c64defef6b6e371,2026-06-24T12:35:09.582611+00:00
1225383208,002080,中材科技,关于向2025年股票期权激励计划激励对象首次授予股票期权的公告,2026-06-24,1782230400000,http://static.cninfo.com.cn/finalpage/2026-06-24/1225383208.PDF,finalpage/2026-06-24/1225383208.PDF,szse,01010503||010112||012325,9900001282,ad44434831234e2b3897b1c21dde30c94dd1ee90,2026-06-24T12:35:09.582611+00:00
1225383203,002080,中材科技,关于调整2025年股票期权激励计划相关事项的公告,2026-06-24,1782230400000,http://static.cninfo.com.cn/finalpage/2026-06-24/1225383203.PDF,finalpage/2026-06-24/1225383203.PDF,szse,01010503||010112||012325,9900001282,05277a6ede77c6a4e40628ef7928d3412269a3d0,2026-06-24T12:35:09.582611+00:00
1225383205,002080,中材科技,北京市嘉源律师事务所关于中材科技股份有限公司2025年股票期权激励计划首次授予事项的法律意见书,2026-06-24,1782230400000,http://static.cninfo.com.cn/finalpage/2026-06-24/1225383205.PDF,finalpage/2026-06-24/1225383205.PDF,szse,01010503||01010901||010112||012325||012903,9900001282,3684781da9ecbe6f8c3497231de9529837aa2265,2026-06-24T12:35:09.582611+00:00
1225383213,002080,中材科技,北京植德律师事务所关于中材科技股份有限公司申请向特定对象发行股票的补充法律意见书之六,2026-06-24,1782230400000,http://static.cninfo.com.cn/finalpage/2026-06-24/1225383213.PDF,finalpage/2026-06-24/1225383213.PDF,szse,01010901||010112||012903,9900001282,7ed1d4c4f840477d6b82b83b59295d28b5275efe,2026-06-24T12:35:09.581590+00:00
1225383215,002080,中材科技,华泰联合证券有限责任公司关于中材科技股份有限公司2025年度向特定对象发行A股股票并在主板上市之上市保荐书,2026-06-24,1782230400000,http://static.cninfo.com.cn/finalpage/2026-06-24/1225383215.PDF,finalpage/2026-06-24/1225383215.PDF,szse,01010701||010112||012911,9900001282,672149cbf804317597c48b0a24a5f8667fcd0d0d,2026-06-24T12:35:09.581590+00:00
1225383212,002080,中材科技,华泰联合证券有限责任公司关于中材科技股份有限公司2025年度向特定对象发行A股股票并在主板上市之发行保荐书,2026-06-24,1782230400000,http://static.cninfo.com.cn/finalpage/2026-06-24/1225383212.PDF,finalpage/2026-06-24/1225383212.PDF,szse,01010701||010112||012911,9900001282,22d6060419a83d1225fe969415c774af7f929f96,2026-06-24T12:35:09.581590+00:00
1225383206,002080,中材科技,第七届董事会第三十一次临时会议决议公告,2026-06-24,1782230400000,http://static.cninfo.com.cn/finalpage/2026-06-24/1225383206.PDF,finalpage/2026-06-24/1225383206.PDF,szse,01010503||010112||01239901,9900001282,010936cfe89aac748f1602d0b5feb002c8b04d74,2026-06-24T12:35:09.582611+00:00
1225383947,002085,万丰奥威,关于以公开摘牌方式收购控股子公司少数股东股权暨交易进展的公告,2026-06-24,1782230400000,http://static.cninfo.com.cn/finalpage/2026-06-24/1225383947.PDF,finalpage/2026-06-24/1225383947.PDF,szse,01010503||010112||011701,9900001341,481f7ae9d004fdb2f50546682b669d326dbeb749,2026-06-24T12:34:45.828932+00:00
1225383948,002085,万丰奥威,关于公司董事会换届选举的公告,2026-06-24,1782230400000,http://static.cninfo.com.cn/finalpage/2026-06-24/1225383948.PDF,finalpage/2026-06-24/1225383948.PDF,szse,01010503||010112||012303,9900001341,e4a463eee7e3baf2d7443813e289448aaa533270,2026-06-24T12:34:45.828932+00:00
1225383946,002085,万丰奥威,关于召开2026年第二次临时股东会的通知,2026-06-24,1782230400000,http://static.cninfo.com.cn/finalpage/2026-06-24/1225383946.PDF,finalpage/2026-06-24/1225383946.PDF,szse,01010503||010112||011901,9900001341,e34be4e644787a5cfa67e8c941179c275eae80fc,2026-06-24T12:34:45.828932+00:00
1225383953,002085,万丰奥威,独立董事候选人声明与承诺（章勇坚）,2026-06-24,1782230400000,http://static.cninfo.com.cn/finalpage/2026-06-24/1225383953.PDF,finalpage/2026-06-24/1225383953.PDF,szse,01011199||010112||012303,9900001341,befa70db8575071d07cb2ed70ea9a075c7c037c7,2026-06-24T12:34:45.828932+00:00
1225383952,002085,万丰奥威,独立董事候选人声明与承诺（胡立君）,2026-06-24,1782230400000,http://static.cninfo.com.cn/finalpage/2026-06-24/1225383952.PDF,finalpage/2026-06-24/1225383952.PDF,szse,01011199||010112||012303,9900001341,e63e820a2427ae61b31e80c3b36ebdc697a56331,2026-06-24T12:34:45.828932+00:00
1225383951,002085,万丰奥威,独立董事候选人声明与承诺（董铁牛）,2026-06-24,1782230400000,http://static.cninfo.com.cn/finalpage/2026-06-24/1225383951.PDF,finalpage/2026-06-24/1225383951.PDF,szse,01011199||010112||012303,9900001341,9b0878cdd4be80e299d6ce35de97d4ac7b007173,2026-06-24T12:34:45.828932+00:00
1225383954,002085,万丰奥威,独立董事提名人声明与承诺（章勇坚）,2026-06-24,1782230400000,http://static.cninfo.com.cn/finalpage/2026-06-24/1225383954.PDF,finalpage/2026-06-24/1225383954.PDF,szse,01010503||010112||012303,9900001341,c8b5b3b5723c9f1a2528333b5a5841513dffa23c,2026-06-24T12:34:44.623653+00:00
1225383949,002085,万丰奥威,独立董事提名人声明与承诺（胡立君）,2026-06-24,1782230400000,http://static.cninfo.com.cn/finalpage/2026-06-24/1225383949.PDF,finalpage/2026-06-24/1225383949.PDF,szse,01010503||010112||012303,9900001341,882937a805e64f39dbe050cbbb052306b28cf3de,2026-06-24T12:34:45.828932+00:00
1225383950,002085,万丰奥威,独立董事提名人声明与承诺（董铁牛）,2026-06-24,1782230400000,http://static.cninfo.com.cn/finalpage/2026-06-24/1225383950.PDF,finalpage/2026-06-24/1225383950.PDF,szse,01010503||010112||012303,9900001341,84787173ab7640f996e26babad2d2f99ef7e18cc,2026-06-24T12:34:45.828932+00:00
1225383945,002085,万丰奥威,第八届董事会第二十二次会议决议公告,2026-06-24,1782230400000,http://static.cninfo.com.cn/finalpage/2026-06-24/1225383945.PDF,finalpage/2026-06-24/1225383945.PDF,szse,01010503||010112||01239901,9900001341,4aa8fa0e42b3378400f81ebb8735c6b8bd0e4e72,2026-06-24T12:34:45.828932+00:00
1225383962,002097,山河智能,关于持股5%以上股东权益变动触及1%整数倍的公告,2026-06-24,1782230400000,http://static.cninfo.com.cn/finalpage/2026-06-24/1225383962.PDF,finalpage/2026-06-24/1225383962.PDF,szse,01010503||010112||011501,9900001621,4afea7913c865233861154f740e6efc1c5bcff9f,2026-06-24T12:34:44.622624+00:00
1225383991,002138,顺络电子,关于公司之控股公司核心员工持股2026年度退出方案实施涉及关联交易的公告,2026-06-24,1782230400000,http://static.cninfo.com.cn/finalpage/2026-06-24/1225383991.PDF,finalpage/2026-06-24/1225383991.PDF,szse,01010503||010112||011719,9900003163,29454b23785131a62a50a84b6a02f1d2a0e90d8c,2026-06-24T12:34:44.622624+00:00
1225383992,002138,顺络电子,第七届董事会第二十三次会议决议公告,2026-06-24,1782230400000,http://static.cninfo.com.cn/finalpage/2026-06-24/1225383992.PDF,finalpage/2026-06-24/1225383992.PDF,szse,01010503||010112||01239901,9900003163,be6cfe6459742893f4ddc4ce76658ec12c890412,2026-06-24T12:34:44.622624+00:00
1225382416,002162,悦心健康,关于控股股东部分股份解除质押的公告,2026-06-24,1782230400000,http://static.cninfo.com.cn/finalpage/2026-06-24/1225382416.PDF,finalpage/2026-06-24/1225382416.PDF,szse,01010503||010112||012307,9900003445,1a2f83af8af2ef697ecc317130301d79f0d92941,2026-06-24T12:35:29.675004+00:00
1225383634,002167,东方锆业,股票交易异常波动的公告,2026-06-24,1782230400000,http://static.cninfo.com.cn/finalpage/2026-06-24/1225383634.PDF,finalpage/2026-06-24/1225383634.PDF,szse,01010503||010112||012103,9900003562,d6a8307c57d8686135ea221d3e9a7a4311c88128,2026-06-24T12:34:53.355869+00:00
1225385026,002183,怡 亚 通,深圳市怡亚通供应链股份有限公司公司债券2025年度受托管理事务报告,2026-06-24,1782290288000,http://static.cninfo.com.cn/finalpage/2026-06-24/1225385026.PDF,finalpage/2026-06-24/1225385026.PDF,szse,01010501||010112||013999,9900003828,a8c1c280d4c58822485243e4bd5d702aa464e700,2026-06-24T12:34:20.024089+00:00
1225382813,002195,岩山科技,关于使用闲置自有资金进行投资理财的进展公告,2026-06-24,1782230400000,http://static.cninfo.com.cn/finalpage/2026-06-24/1225382813.PDF,finalpage/2026-06-24/1225382813.PDF,szse,01010503||010112||011705,9900003909,75113d387182cf7d6041bb1486080402b54a9a76,2026-06-24T12:35:21.152390+00:00
1225383425,002201,九鼎新材,关于担保的进展公告,2026-06-24,1782230400000,http://static.cninfo.com.cn/finalpage/2026-06-24/1225383425.PDF,finalpage/2026-06-24/1225383425.PDF,szse,01010503||010112||011711,9900003944,a19ee853dd5a60c53a1bdd177b9e2ff16b3d3ae1,2026-06-24T12:35:01.292851+00:00
1225383104,002210,飞马国际,关于为子公司提供担保的进展公告,2026-06-24,1782230400000,http://static.cninfo.com.cn/finalpage/2026-06-24/1225383104.PDF,finalpage/2026-06-24/1225383104.PDF,szse,01010503||010112||011711,9900004061,59ce2668d9aafbc1766841ae6828c0d016b44c9a,2026-06-24T12:35:12.823419+00:00
1225383911,002213,大为股份,关于为子公司提供担保的进展公告,2026-06-24,1782230400000,http://static.cninfo.com.cn/finalpage/2026-06-24/1225383911.PDF,finalpage/2026-06-24/1225383911.PDF,szse,01010503||010112||011711,9900004184,7de3d0a9209cc347b9d411ecf902dd3c8734efa5,2026-06-24T12:34:46.803581+00:00
1225383341,002219,新里程,关于为下属医院提供担保的进展公告,2026-06-24,1782230400000,http://static.cninfo.com.cn/finalpage/2026-06-24/1225383341.PDF,finalpage/2026-06-24/1225383341.PDF,szse,01010503||010112||011711,9900004301,e208f5a5193cedfcf6ef82d0fc51ac5a97355eff,2026-06-24T12:35:04.884391+00:00
1225383153,002240,盛新锂能,关于为全资子公司的银行综合授信提供担保的公告,2026-06-24,1782230400000,http://static.cninfo.com.cn/finalpage/2026-06-24/1225383153.PDF,finalpage/2026-06-24/1225383153.PDF,szse,01010503||010112||011709||011711,9900004687,d1f453639a3ac0c32e0a491cd1c5dd0bbeb520bc,2026-06-24T12:35:12.012690+00:00
1225383100,002242,九阳股份,关于2026年第一次临时股东会决议公告,2026-06-24,1782230400000,http://static.cninfo.com.cn/finalpage/2026-06-24/1225383100.PDF,finalpage/2026-06-24/1225383100.PDF,szse,01010503||010112||011905,9900004732,4f7b9899e6e6e8cbb0241c9836cd5b0f1ca1edb6,2026-06-24T12:35:12.823419+00:00
1225383101,002242,九阳股份,国浩律师（上海）事务所关于九阳股份有限公司2026年第一次临时股东会的法律意见书,2026-06-24,1782230400000,http://static.cninfo.com.cn/finalpage/2026-06-24/1225383101.PDF,finalpage/2026-06-24/1225383101.PDF,szse,01010901||010112||011999||012903,9900004732,e1bd468eb9d2d4d0e73fc85da023bcd7558fb30b,2026-06-24T12:35:12.823419+00:00
1225383154,002244,滨江集团,关于竞得土地使用权的公告,2026-06-24,1782230400000,http://static.cninfo.com.cn/finalpage/2026-06-24/1225383154.PDF,finalpage/2026-06-24/1225383154.PDF,szse,01010503||010112||011701,9900004730,6d424170abeb9ff18c69a3607952240fd4d660fd,2026-06-24T12:35:12.012690+00:00
1225382972,002264,新 华 都,关于为下属公司提供担保的进展公告,2026-06-24,1782230400000,http://static.cninfo.com.cn/finalpage/2026-06-24/1225382972.PDF,finalpage/2026-06-24/1225382972.PDF,szse,01010503||010112||011711,9900005062,c2e91bd9262db0e3dd66d7e0f3ae77a8a3439c29,2026-06-24T12:35:16.651380+00:00
1225382444,002273,水晶光电,关于公司购买设备资产暨关联交易的公告,2026-06-24,1782230400000,http://static.cninfo.com.cn/finalpage/2026-06-24/1225382444.PDF,finalpage/2026-06-24/1225382444.PDF,szse,01010503||010112||011701||011719,9900005282,decc11c8317a9693846cdec12dac1744a8056e79,2026-06-24T12:35:29.674000+00:00
1225382445,002273,水晶光电,第七届董事会独立董事专门会议2026年第二次会议决议,2026-06-24,1782230400000,http://static.cninfo.com.cn/finalpage/2026-06-24/1225382445.PDF,finalpage/2026-06-24/1225382445.PDF,szse,01010503||010112||012399||01239901,9900005282,13445f1c7406e7864e58525e3cedb1586ead776d,2026-06-24T12:35:29.674000+00:00
1225382443,002273,水晶光电,第七届董事会第九次会议决议公告,2026-06-24,1782230400000,http://static.cninfo.com.cn/finalpage/2026-06-24/1225382443.PDF,finalpage/2026-06-24/1225382443.PDF,szse,01010503||010112||01239901,9900005282,1d37e67132ae4c9abacb7baffca41d2ca164f09f,2026-06-24T12:35:29.674000+00:00
1225384768,002276,万马股份,浙江万马股份有限公司2021年面向合格投资者公开发行公司债券（第一期）受托管理事务报告（2025年度),2026-06-24,1782287769000,http://static.cninfo.com.cn/finalpage/2026-06-24/1225384768.PDF,finalpage/2026-06-24/1225384768.PDF,szse,01010501||010112||013999,9900007107,1dc200bde6323fd82f0be120bc2044ab58e05e47,2026-06-24T12:34:20.949861+00:00
1225383632,002286,保龄宝,关于通过药品GMP符合性检查的公告,2026-06-24,1782230400000,http://static.cninfo.com.cn/finalpage/2026-06-24/1225383632.PDF,finalpage/2026-06-24/1225383632.PDF,szse,01010501||010112||012399,9900007927,d979f5295d9dce8fd17c02699e395b9786519d3b,2026-06-24T12:34:53.355869+00:00
1225382651,002304,洋河股份,关于与专业机构共同投资暨关联交易的进展公告,2026-06-24,1782230400000,http://static.cninfo.com.cn/finalpage/2026-06-24/1225382651.PDF,finalpage/2026-06-24/1225382651.PDF,szse,01010503||010112||011705||011719,9900008689,d8cc1c32707c34b915e760cae49fd5f50f4068cd,2026-06-24T12:35:22.810246+00:00
1225382684,002314,南山控股,关于对外担保的进展公告,2026-06-24,1782230400000,http://static.cninfo.com.cn/finalpage/2026-06-24/1225382684.PDF,finalpage/2026-06-24/1225382684.PDF,szse,01010503||010112||011711,9900009112,30f68fd96a27f23d6f7275fbe5299db1b7e8f38f,2026-06-24T12:35:21.977539+00:00
1225383623,002326,永太科技,关于子公司新增建设项目的公告,2026-06-24,1782230400000,http://static.cninfo.com.cn/finalpage/2026-06-24/1225383623.PDF,finalpage/2026-06-24/1225383623.PDF,szse,01010501||010112||012399,9900009510,b9e34dd9030f89772a4024d873d3277dc3405ba6,2026-06-24T12:34:53.355869+00:00
1225383624,002326,永太科技,第七届董事会第八次会议决议公告,2026-06-24,1782230400000,http://static.cninfo.com.cn/finalpage/2026-06-24/1225383624.PDF,finalpage/2026-06-24/1225383624.PDF,szse,01010503||010112||01239901,9900009510,e328ceab71a7195920297da121e22d19a13e44f6,2026-06-24T12:34:53.355869+00:00
1225382417,002330,得利斯,关于为子公司提供担保的进展公告,2026-06-24,1782230400000,http://static.cninfo.com.cn/finalpage/2026-06-24/1225382417.PDF,finalpage/2026-06-24/1225382417.PDF,szse,01010503||010112||011711,9900009828,4cfa9290e8834d118d8b617322da509e00f9117d,2026-06-24T12:35:29.675004+00:00
1225383786,002346,柘中股份,关于为子公司提供担保的进展公告,2026-06-24,1782230400000,http://static.cninfo.com.cn/finalpage/2026-06-24/1225383786.PDF,finalpage/2026-06-24/1225383786.PDF,szse,01010503||010112||011711,9900010348,fa7092ec20a42e5c5841f424d31b32775f7c233a,2026-06-24T12:34:49.314864+00:00
1225382971,002382,蓝帆医疗,关于公司向银行申请授信提供担保的进展公告,2026-06-24,1782230400000,http://static.cninfo.com.cn/finalpage/2026-06-24/1225382971.PDF,finalpage/2026-06-24/1225382971.PDF,szse,01010503||010112||011709||011711,9900011548,da831997a3f2d3e4c9d19776cb9bc8a3d5dc1f1a,2026-06-24T12:35:16.651380+00:00
1225385291,002386,天原股份,宜宾天原集团股份有限公司2026年跟踪评级报告,2026-06-24,1782292328000,http://static.cninfo.com.cn/finalpage/2026-06-24/1225385291.PDF,finalpage/2026-06-24/1225385291.PDF,szse,01010501||010112||013999,9900011649,724295969f738009448ec50101a21a16fe00d7b8,2026-06-24T12:34:18.796287+00:00
1225384841,002386,天原股份,宜宾天原集团股份有限公司公司债券受托管理事务报告（2025年度）,2026-06-24,1782288128000,http://static.cninfo.com.cn/finalpage/2026-06-24/1225384841.PDF,finalpage/2026-06-24/1225384841.PDF,szse,01010501||010112||013999,9900011649,148ee232bdf91232fe87ee148b509aa600896b07,2026-06-24T12:34:20.949861+00:00
1225383625,002388,新亚制程,关于为子公司申请银行授信提供担保的公告,2026-06-24,1782230400000,http://static.cninfo.com.cn/finalpage/2026-06-24/1225383625.PDF,finalpage/2026-06-24/1225383625.PDF,szse,01010503||010112||011709||011711,9900011729,13ae54da01514d4897733e4c7c2ecb8712fdab69,2026-06-24T12:34:53.355869+00:00
1225382703,002396,星网锐捷,关于召开2026年第一次临时股东会的提示性公告,2026-06-24,1782230400000,http://static.cninfo.com.cn/finalpage/2026-06-24/1225382703.PDF,finalpage/2026-06-24/1225382703.PDF,szse,01010503||010112||011901,9900012131,2bf824e4babe5df2d573aed6a4ffc747541102f8,2026-06-24T12:35:21.976540+00:00
1225383246,002402,和而泰,关于实际控制人部分股份质押及解除质押的公告,2026-06-24,1782230400000,http://static.cninfo.com.cn/finalpage/2026-06-24/1225383246.PDF,finalpage/2026-06-24/1225383246.PDF,szse,01010503||010112||012307,9900012348,38c330e5cff0e442f6b23fafe8881c2a9bcac6d8,2026-06-24T12:35:08.313770+00:00
1225383368,002410,广联达,2026年度第一次临时股东会决议公告,2026-06-24,1782230400000,http://static.cninfo.com.cn/finalpage/2026-06-24/1225383368.PDF,finalpage/2026-06-24/1225383368.PDF,szse,01010503||010112||011905,9900012609,4370497952afca3db360c4f2c76922afc214bb5f,2026-06-24T12:35:04.882885+00:00
1225383367,002410,广联达,关于召开2026年第二次临时股东会的通知,2026-06-24,1782230400000,http://static.cninfo.com.cn/finalpage/2026-06-24/1225383367.PDF,finalpage/2026-06-24/1225383367.PDF,szse,01010503||010112||011901,9900012609,cbd93cf4c4911be969dee1434d464254323db689,2026-06-24T12:35:04.882885+00:00
1225383369,002410,广联达,北京市君合律师事务所关于广联达科技股份有限公司2026年第一次临时股东会的法律意见书,2026-06-24,1782230400000,http://static.cninfo.com.cn/finalpage/2026-06-24/1225383369.PDF,finalpage/2026-06-24/1225383369.PDF,szse,01010901||010112||011999||012903,9900012609,fb94b8480228f48cdba150fe1f65c3f838ceca58,2026-06-24T12:35:04.882885+00:00
1225383370,002410,广联达,广联达：内控合规制度汇编,2026-06-24,1782230400000,http://static.cninfo.com.cn/finalpage/2026-06-24/1225383370.PDF,finalpage/2026-06-24/1225383370.PDF,szse,01010501||010112||012399,9900012609,2f4383e113c2e6c0543838d35206607c78bd4a09,2026-06-24T12:35:04.882885+00:00
1225383366,002410,广联达,第七届董事会第三次会议决议公告,2026-06-24,1782230400000,http://static.cninfo.com.cn/finalpage/2026-06-24/1225383366.PDF,finalpage/2026-06-24/1225383366.PDF,szse,01010503||010112||01239901,9900012609,cd088935caf761328facd4b9eb2ac692b2092117,2026-06-24T12:35:04.882885+00:00
1225383424,002434,万里扬,2025年年度权益分派实施公告,2026-06-24,1782230400000,http://static.cninfo.com.cn/finalpage/2026-06-24/1225383424.PDF,finalpage/2026-06-24/1225383424.PDF,szse,01010503||010112||011301,9900012932,e3b00fae30af0910724a65233da64015df1f96e8,2026-06-24T12:35:02.747446+00:00
1225383446,002436,兴森科技,2026年度向特定对象发行A股股票募集资金投资项目可行性分析报告,2026-06-24,1782230400000,http://static.cninfo.com.cn/finalpage/2026-06-24/1225383446.PDF,finalpage/2026-06-24/1225383446.PDF,szse,01010503||010112||010799||012399,9900012934,b0cfdc1a09465068a6871505f87c06b088d6372f,2026-06-24T12:35:01.290844+00:00
1225383445,002436,兴森科技,2026年度向特定对象发行A股股票方案的论证分析报告,2026-06-24,1782230400000,http://static.cninfo.com.cn/finalpage/2026-06-24/1225383445.PDF,finalpage/2026-06-24/1225383445.PDF,szse,01010503||010112||010799,9900012934,ee05287d7018d952716a6f4e4523e107ce314aff,2026-06-24T12:35:01.290844+00:00
1225383444,002436,兴森科技,2026年度向特定对象发行A股股票预案,2026-06-24,1782230400000,http://static.cninfo.com.cn/finalpage/2026-06-24/1225383444.PDF,finalpage/2026-06-24/1225383444.PDF,szse,01010503||010112||010701,9900012934,ec1e603d2e6df8b7a295a6eb79ab2f551e1b611d,2026-06-24T12:35:01.290844+00:00
1225383448,002436,兴森科技,关于2026年度向特定对象发行A股股票摊薄即期回报、填补措施和相关主体承诺的公告,2026-06-24,1782230400000,http://static.cninfo.com.cn/finalpage/2026-06-24/1225383448.PDF,finalpage/2026-06-24/1225383448.PDF,szse,01010503||010112||010799||012399,9900012934,05551d1a8a9916eb77a024856041345e77d09548,2026-06-24T12:35:01.290844+00:00
1225383447,002436,兴森科技,关于2026年度向特定对象发行A股股票预案披露的提示性公告,2026-06-24,1782230400000,http://static.cninfo.com.cn/finalpage/2026-06-24/1225383447.PDF,finalpage/2026-06-24/1225383447.PDF,szse,01010503||010112||010799,9900012934,1b368a7e7bb69cd566eb6ca24a88f8c11d4915ee,2026-06-24T12:35:01.290844+00:00
1225383457,002436,兴森科技,关于召开2026年第二次临时股东会的通知,2026-06-24,1782230400000,http://static.cninfo.com.cn/finalpage/2026-06-24/1225383457.PDF,finalpage/2026-06-24/1225383457.PDF,szse,01010503||010112||011901,9900012934,c48d112e40b2cc81520acaef9cce0b30b21ee2b9,2026-06-24T12:34:59.897662+00:00
1225383450,002436,兴森科技,关于最近五年被证券监管部门和交易所采取监管措施或处罚及整改情况的公告,2026-06-24,1782230400000,http://static.cninfo.com.cn/finalpage/2026-06-24/1225383450.PDF,finalpage/2026-06-24/1225383450.PDF,szse,01010503||010112||012399,9900012934,77f64064a06e604e76d0f6f826bb29af19ef014d,2026-06-24T12:35:01.290844+00:00
1225383449,002436,兴森科技,关于本次向特定对象发行A股股票不存在直接或通过利益相关方向参与认购的投资者提供财务资助或补偿的公告,2026-06-24,1782230400000,http://static.cninfo.com.cn/finalpage/2026-06-24/1225383449.PDF,finalpage/2026-06-24/1225383449.PDF,szse,01010503||010112||011705||011713,9900012934,f9ad0becf06a4ec56d143cac7e58563e2df9398a,2026-06-24T12:35:01.290844+00:00
1225383452,002436,兴森科技,前次募集资金使用情况报告,2026-06-24,1782230400000,http://static.cninfo.com.cn/finalpage/2026-06-24/1225383452.PDF,finalpage/2026-06-24/1225383452.PDF,szse,01010503||010112||012315,9900012934,6d8fca5a084475245ef6a24111a0394ee9c7c184,2026-06-24T12:35:01.290844+00:00
1225383453,002436,兴森科技,前次募集资金使用情况的鉴证报告,2026-06-24,1782230400000,http://static.cninfo.com.cn/finalpage/2026-06-24/1225383453.PDF,finalpage/2026-06-24/1225383453.PDF,szse,01010503||01010903||010112||012315||0129,9900012934,2ac23c9a32494d0aec5bcb85afc8457f2e9e65f8,2026-06-24T12:35:01.290844+00:00
1225383451,002436,兴森科技,未来三年（2027-2029年）股东回报规划,2026-06-24,1782230400000,http://static.cninfo.com.cn/finalpage/2026-06-24/1225383451.PDF,finalpage/2026-06-24/1225383451.PDF,szse,01010503||010112||012399,9900012934,723031d7dfaa0d2e3c275409c9f9c5cf58737978,2026-06-24T12:35:01.290844+00:00
1225383455,002436,兴森科技,独立董事关于公司2026年度向特定对象发行A股股票方案的论证分析报告的专项意见,2026-06-24,1782230400000,http://static.cninfo.com.cn/finalpage/2026-06-24/1225383455.PDF,finalpage/2026-06-24/1225383455.PDF,szse,01010503||01011107||010112||010799||012399||013105,9900012934,729b7b95489ce22c50a0a5952d12f8fa972bfa46,2026-06-24T12:34:59.897662+00:00
1225383456,002436,兴森科技,第七届董事会第十三次会议决议公告,2026-06-24,1782230400000,http://static.cninfo.com.cn/finalpage/2026-06-24/1225383456.PDF,finalpage/2026-06-24/1225383456.PDF,szse,01010503||010112||01239901,9900012934,c815146b8000030a689d6207f75db03fdb914550,2026-06-24T12:34:59.897662+00:00
1225383454,002436,兴森科技,董事会审计委员会关于公司2026年度向特定对象发行A股股票相关事项的书面审核意见,2026-06-24,1782230400000,http://static.cninfo.com.cn/finalpage/2026-06-24/1225383454.PDF,finalpage/2026-06-24/1225383454.PDF,szse,01010501||010112||012399,9900012934,18b4cb84d6469e6b9b2049e899f740ea6bac8591,2026-06-24T12:35:01.290844+00:00
1225384025,002442,龙星科技,龙星科技关于持股5%以上股东减持计划期限届满暨实施情况的公告,2026-06-24,1782230400000,http://static.cninfo.com.cn/finalpage/2026-06-24/1225384025.PDF,finalpage/2026-06-24/1225384025.PDF,szse,01010503||010112||011501,9900013209,89102ee2c4263e73da637e168bb998eddf4caa14,2026-06-24T12:34:42.413458+00:00
1225383306,002460,赣锋锂业,关于公司2025年度第一期科技创新债券（并购）兑付完成的公告,2026-06-24,1782230400000,http://static.cninfo.com.cn/finalpage/2026-06-24/1225383306.PDF,finalpage/2026-06-24/1225383306.PDF,szse,01010501||01010503||010112||013905||013999,9900013787,d3556d01bf821bdbc2813702467b61140a5321ab,2026-06-24T12:35:08.311766+00:00
1225383459,002468,申通快递,关于回购公司股份方案的公告,2026-06-24,1782230400000,http://static.cninfo.com.cn/finalpage/2026-06-24/1225383459.PDF,finalpage/2026-06-24/1225383459.PDF,szse,01010503||010112||011513,9900014251,1624105e2634268e0abd2cef1c23d8c1adc73361,2026-06-24T12:34:59.897108+00:00
1225383458,002468,申通快递,回购报告书,2026-06-24,1782230400000,http://static.cninfo.com.cn/finalpage/2026-06-24/1225383458.PDF,finalpage/2026-06-24/1225383458.PDF,szse,01010503||010112||011513,9900014251,bde68d28e0cf6024b79ec1466354723aa810eba8,2026-06-24T12:34:59.897108+00:00
1225383460,002468,申通快递,第六届董事会第二十次会议决议公告,2026-06-24,1782230400000,http://static.cninfo.com.cn/finalpage/2026-06-24/1225383460.PDF,finalpage/2026-06-24/1225383460.PDF,szse,01010503||010112||01239901,9900014251,6d1d6d112f4fe9782ab2ebc4f9457b6e6e37aa2f,2026-06-24T12:34:59.897108+00:00
1225382442,002472,双环传动,关于公司完成工商变更登记的公告,2026-06-24,1782230400000,http://static.cninfo.com.cn/finalpage/2026-06-24/1225382442.PDF,finalpage/2026-06-24/1225382442.PDF,szse,01010503||010112||012301,9900014368,a8121880dd5128f961fdfde769ccb798a85b2dbb,2026-06-24T12:35:29.675004+00:00
1225382812,002475,立讯精密,关于香港联交所审议公司发行境外上市外资股（H股）的公告,2026-06-24,1782230400000,http://static.cninfo.com.cn/finalpage/2026-06-24/1225382812.PDF,finalpage/2026-06-24/1225382812.PDF,szse,01010501||010112||012399,9900014448,dc492581565d5865c31fdfe2c0bf92ac7038d8fe,2026-06-24T12:35:21.152390+00:00
1225382434,002476,新叶股份,关于公司独立董事离任的公告,2026-06-24,1782230400000,http://static.cninfo.com.cn/finalpage/2026-06-24/1225382434.PDF,finalpage/2026-06-24/1225382434.PDF,szse,01010503||010112||012303,9900014449,df4e2621d7ac0f9cce7a26fdbde0053266073f8c,2026-06-24T12:35:29.675004+00:00
1225383507,002497,雅化集团,关于变更公司证券事务代表的公告,2026-06-24,1782230400000,http://static.cninfo.com.cn/finalpage/2026-06-24/1225383507.PDF,finalpage/2026-06-24/1225383507.PDF,szse,01010503||010112||012399,9900015673,83b613761e325522d24cd063aac01cf124756cf8,2026-06-24T12:34:58.879887+00:00
1225383505,002497,雅化集团,关于追认使用闲置募集资金进行现金管理的公告,2026-06-24,1782230400000,http://static.cninfo.com.cn/finalpage/2026-06-24/1225383505.PDF,finalpage/2026-06-24/1225383505.PDF,szse,01010503||010112||012315,9900015673,d056956c3e0e39b165bd5cfdb704b382d6dba7f1,2026-06-24T12:34:58.879887+00:00
1225383506,002497,雅化集团,关于非公开发行股票募集资金专户销户完成的公告,2026-06-24,1782230400000,http://static.cninfo.com.cn/finalpage/2026-06-24/1225383506.PDF,finalpage/2026-06-24/1225383506.PDF,szse,01010503||010112||010799||012315,9900015673,9e8cd9a816c37dc9bc32219a8997c007b54a97ee,2026-06-24T12:34:58.879887+00:00
1225383508,002497,雅化集团,天风证券股份有限公司关于四川雅化实业集团股份有限公司追认使用闲置募集资金进行现金管理的核查意见,2026-06-24,1782230400000,http://static.cninfo.com.cn/finalpage/2026-06-24/1225383508.PDF,finalpage/2026-06-24/1225383508.PDF,szse,010109||010112||0129,9900015673,9da6ffd81ff0b098766fc9e8fb4b7bd48f4c9c9f,2026-06-24T12:34:58.879887+00:00
1225383504,002497,雅化集团,第六届董事会第十五次会议决议公告,2026-06-24,1782230400000,http://static.cninfo.com.cn/finalpage/2026-06-24/1225383504.PDF,finalpage/2026-06-24/1225383504.PDF,szse,01010503||010112||01239901,9900015673,2d1872f2090b4a6758fd1ff55929f11f049a4a97,2026-06-24T12:34:58.879887+00:00
1225382998,002510,天汽模,关于发行股份及支付现金购买资产并募集配套资金暨关联交易相关主体买卖股票情况的自查报告的公告,2026-06-24,1782230400000,http://static.cninfo.com.cn/finalpage/2026-06-24/1225382998.PDF,finalpage/2026-06-24/1225382998.PDF,szse,01010503||010112||010799||011701||011719||012317,9900015998,6d03552b3cb5e8e351cccd812018cf880d3f4e33,2026-06-24T12:35:16.650876+00:00
1225383000,002510,天汽模,北京市天元律师事务所关于天津汽车模具股份有限公司本次交易相关内幕知情人买卖股票情况的自查报告之核查意见,2026-06-24,1782230400000,http://static.cninfo.com.cn/finalpage/2026-06-24/1225383000.PDF,finalpage/2026-06-24/1225383000.PDF,szse,01010901||010112||0129,9900015998,a06f17c466f30f918755b86f7ec0ef23674a28b4,2026-06-24T12:35:16.650876+00:00
1225382999,002510,天汽模,华泰联合证券有限责任公司关于天津汽车模具股份有限公司本次交易相关内幕信息知情人买卖股票情况的自查报告之核查意见,2026-06-24,1782230400000,http://static.cninfo.com.cn/finalpage/2026-06-24/1225382999.PDF,finalpage/2026-06-24/1225382999.PDF,szse,01010701||010109||010112||0129,9900015998,b1a0f3ef087c3b410415e0c07eff08b71f274599,2026-06-24T12:35:16.650876+00:00
1225382871,002512,ST达华,关于公司及子公司担保的进展公告,2026-06-24,1782230400000,http://static.cninfo.com.cn/finalpage/2026-06-24/1225382871.PDF,finalpage/2026-06-24/1225382871.PDF,szse,01010503||010112||011711,9900016127,afb9531003e8cfda4868b77b5ef7e93299370ee3,2026-06-24T12:35:19.000077+00:00
1225383195,002526,山东矿机,关于公司与特定对象签署附条件生效的股份认购协议之补充协议暨关联交易的公告,2026-06-24,1782230400000,http://static.cninfo.com.cn/finalpage/2026-06-24/1225383195.PDF,finalpage/2026-06-24/1225383195.PDF,szse,01010503||010112||011719,9900016432,1a2130d4e50d43ceab04f6439ef1939ecbbc21bb,2026-06-24T12:35:10.758672+00:00
1225383200,002526,山东矿机,山东矿机2024年度向特定对象发行股票方案论证分析报告（修订稿）,2026-06-24,1782230400000,http://static.cninfo.com.cn/finalpage/2026-06-24/1225383200.PDF,finalpage/2026-06-24/1225383200.PDF,szse,01010503||010112||010799,9900016432,194fb27b8b218bf923b7a372ff600cc0195231a7,2026-06-24T12:35:09.582611+00:00
1225383196,002526,山东矿机,山东矿机关于公司2024年度向特定对象发行股票摊薄即期回报的风险提示及填补回报措施和相关主体承诺（修订稿）的公告,2026-06-24,1782230400000,http://static.cninfo.com.cn/finalpage/2026-06-24/1225383196.PDF,finalpage/2026-06-24/1225383196.PDF,szse,01010503||010112||010799||012109||012399,9900016432,a2dc038ee95ae4b44deb1df2ea88ea86b8b7748a,2026-06-24T12:35:10.758672+00:00
1225383198,002526,山东矿机,山东矿机关于向特定对象发行A股股票预案（修订稿）披露的提示性公告,2026-06-24,1782230400000,http://static.cninfo.com.cn/finalpage/2026-06-24/1225383198.PDF,finalpage/2026-06-24/1225383198.PDF,szse,01010503||010112||010701||010799,9900016432,93aec1359cdf41ecff9655d6017b0a4791640bc9,2026-06-24T12:35:09.582611+00:00
1225383199,002526,山东矿机,山东矿机关于调整2024年度向特定对象发行股票方案的公告,2026-06-24,1782230400000,http://static.cninfo.com.cn/finalpage/2026-06-24/1225383199.PDF,finalpage/2026-06-24/1225383199.PDF,szse,01010503||010112||010799,9900016432,ccb883fbb2815448143cda8922b2ca1e7e922b50,2026-06-24T12:35:09.582611+00:00
1225383197,002526,山东矿机,山东矿机关于调整向特定对象发行股票预案修订情况的说明公告,2026-06-24,1782230400000,http://static.cninfo.com.cn/finalpage/2026-06-24/1225383197.PDF,finalpage/2026-06-24/1225383197.PDF,szse,01010503||010112||010799,9900016432,955904b2af86d16fcdafb457f6c2f3c842eb6c34,2026-06-24T12:35:10.758672+00:00
1225383194,002526,山东矿机,山东矿机集团第六届董事会2026年第三次临时会议决议公告,2026-06-24,1782230400000,http://static.cninfo.com.cn/finalpage/2026-06-24/1225383194.PDF,finalpage/2026-06-24/1225383194.PDF,szse,01010503||010112||01239901,9900016432,859be303ec6df983e498f38be43db5bc21f72e52,2026-06-24T12:35:10.758672+00:00
1225383201,002526,山东矿机,山东矿机集团股份有限公司2024年度向特定对象发行A股股票预案（修订稿）,2026-06-24,1782230400000,http://static.cninfo.com.cn/finalpage/2026-06-24/1225383201.PDF,finalpage/2026-06-24/1225383201.PDF,szse,01010503||010112||010701,9900016432,70b0f4f450caa573803350dc894d672d9739d71c,2026-06-24T12:35:09.582611+00:00
1225383202,002526,山东矿机,董事会审计委员会关于调整公司2024年度向特定对象发行股票发行价格及相关事项的书面审核意见,2026-06-24,1782230400000,http://static.cninfo.com.cn/finalpage/2026-06-24/1225383202.PDF,finalpage/2026-06-24/1225383202.PDF,szse,01010501||010112||012399,9900016432,5f72cf10031e467cbceb56a8e4edf5f5d24b1f04,2026-06-24T12:35:09.582611+00:00
1225382420,002547,*ST春兴,关于为子公司提供担保的进展情况公告,2026-06-24,1782230400000,http://static.cninfo.com.cn/finalpage/2026-06-24/1225382420.PDF,finalpage/2026-06-24/1225382420.PDF,szse,01010503||010112||011711,9900017828,0387fac23765faabdbc084918fdca588286a26db,2026-06-24T12:35:29.675004+00:00
1225382751,002552,宝鼎科技,2026年第一次临时股东会决议公告,2026-06-24,1782230400000,http://static.cninfo.com.cn/finalpage/2026-06-24/1225382751.PDF,finalpage/2026-06-24/1225382751.PDF,szse,01010503||010112||011905,9900018064,36d6d96449158a75d329838794dc18f903595807,2026-06-24T12:35:21.154396+00:00
1225382752,002552,宝鼎科技,国浩律师（杭州）事务所关于宝鼎科技股份有限公司2026年第一次临时股东会法律意见书,2026-06-24,1782230400000,http://static.cninfo.com.cn/finalpage/2026-06-24/1225382752.PDF,finalpage/2026-06-24/1225382752.PDF,szse,01010901||010112||011999||012903,9900018064,023a657c7e3f070ec16014920b81b5756456c8c9,2026-06-24T12:35:21.153394+00:00
1225384031,002565,顺灏股份,关于转让控股子公司部分股权的进展公告,2026-06-24,1782230400000,http://static.cninfo.com.cn/finalpage/2026-06-24/1225384031.PDF,finalpage/2026-06-24/1225384031.PDF,szse,01010503||010112||011701,9900018830,f08884b377f189dc57d163696dd4ef49a8717743,2026-06-24T12:34:42.413458+00:00
1225383151,002571,德力股份,1-1 募集说明书（修订稿）,2026-06-24,1782230400000,http://static.cninfo.com.cn/finalpage/2026-06-24/1225383151.PDF,finalpage/2026-06-24/1225383151.PDF,szse,01010501||010112||012399,9900019036,4ace213fd2ab7aef20bb02e9010e5fb2087b39a8,2026-06-24T12:35:12.013729+00:00
1225383149,002571,德力股份,3-1 证券发行保荐书（修订稿）,2026-06-24,1782230400000,http://static.cninfo.com.cn/finalpage/2026-06-24/1225383149.PDF,finalpage/2026-06-24/1225383149.PDF,szse,01010701||010112||012911,9900019036,2cd4c4a7f244212f43862f0d19e0da51e54b6742,2026-06-24T12:35:12.013729+00:00
1225383150,002571,德力股份,3-3 上市保荐书（修订稿）,2026-06-24,1782230400000,http://static.cninfo.com.cn/finalpage/2026-06-24/1225383150.PDF,finalpage/2026-06-24/1225383150.PDF,szse,01010701||010112||012911,9900019036,b10a616f0ae93c816e2ac47e0211b4b8bc42e7cb,2026-06-24T12:35:12.013729+00:00
1225383148,002571,德力股份,公司及保荐人关于安徽德力日用玻璃股份有限公司申请向特定对象发行股票的审核问询函的回复,2026-06-24,1782230400000,http://static.cninfo.com.cn/finalpage/2026-06-24/1225383148.PDF,finalpage/2026-06-24/1225383148.PDF,szse,010109||010112||0129,9900019036,519cffefa92bc2846bc810fc9e1ad43c99898fd5,2026-06-24T12:35:12.013729+00:00
1225383152,002571,德力股份,补充法律意见书（四）（修订稿）,2026-06-24,1782230400000,http://static.cninfo.com.cn/finalpage/2026-06-24/1225383152.PDF,finalpage/2026-06-24/1225383152.PDF,szse,01010901||010112||012903,9900019036,70cb520570f9dfbd10f4035b1a9d155417b77c9b,2026-06-24T12:35:12.012690+00:00
1225384458,002583,海能达,关于召开2026年第一次临时股东会的通知,2026-06-24,1782230400000,http://static.cninfo.com.cn/finalpage/2026-06-24/1225384458.PDF,finalpage/2026-06-24/1225384458.PDF,szse,01010503||010112||011901,9900019838,593cf16cef4324297190c645536b8c9baf0893a0,2026-06-24T12:34:26.314186+00:00
1225384459,002583,海能达,关于新增为子公司提供担保额度的公告,2026-06-24,1782230400000,http://static.cninfo.com.cn/finalpage/2026-06-24/1225384459.PDF,finalpage/2026-06-24/1225384459.PDF,szse,01010503||010112||011711,9900019838,4b40e27cf2c199af6ad6ef5b2ca6a454a0fb264e,2026-06-24T12:34:26.314186+00:00
1225384460,002583,海能达,关于新增银行授信额度的公告,2026-06-24,1782230400000,http://static.cninfo.com.cn/finalpage/2026-06-24/1225384460.PDF,finalpage/2026-06-24/1225384460.PDF,szse,01010503||010112||011709,9900019838,84ec5257acbcedf483b4571baa99a434fec8bd18,2026-06-24T12:34:26.314186+00:00
1225384457,002583,海能达,第六届董事会第五次会议决议公告,2026-06-24,1782230400000,http://static.cninfo.com.cn/finalpage/2026-06-24/1225384457.PDF,finalpage/2026-06-24/1225384457.PDF,szse,01010503||010112||01239901,9900019838,65fbb4a164a91ae6402cf8301619b16a4c4ca1aa,2026-06-24T12:34:26.314186+00:00
1225382485,002586,ST围海,关于签订重大合同的公告,2026-06-24,1782230400000,http://static.cninfo.com.cn/finalpage/2026-06-24/1225382485.PDF,finalpage/2026-06-24/1225382485.PDF,szse,01010503||010112||012327,9900019960,d9d9be29409080af73a75c0cde4f1c4cd6796c39,2026-06-24T12:35:29.674000+00:00
1225384501,002589,瑞康医药,2025年年度权益分派实施公告(1),2026-06-24,1782230400000,http://static.cninfo.com.cn/finalpage/2026-06-24/1225384501.PDF,finalpage/2026-06-24/1225384501.PDF,szse,01010503||010112||011301,9900020089,97e181436974bbba67cc0a212a7f50de136ccf22,2026-06-24T12:34:25.046822+00:00
1225382996,002596,海南瑞泽,融资担保进展公告,2026-06-24,1782230400000,http://static.cninfo.com.cn/finalpage/2026-06-24/1225382996.PDF,finalpage/2026-06-24/1225382996.PDF,szse,01010503||010112||011711,9900020487,4f8786d285a7c2659dc9a191387f876ea6a7efe7,2026-06-24T12:35:16.651380+00:00
1225382653,002598,ST章鼓,关于2026年第一次临时股东会决议的公告,2026-06-24,1782230400000,http://static.cninfo.com.cn/finalpage/2026-06-24/1225382653.PDF,finalpage/2026-06-24/1225382653.PDF,szse,01010503||010112||011905,9900020704,633b00dd30b33cfa20d58d5e0cfa23ee60783611,2026-06-24T12:35:22.810246+00:00
1225382654,002598,ST章鼓,北京市康达律师事务所关于山东省章丘鼓风机股份有限公司2026年第一次临时股东会的法律意见书,2026-06-24,1782230400000,http://static.cninfo.com.cn/finalpage/2026-06-24/1225382654.PDF,finalpage/2026-06-24/1225382654.PDF,szse,01010901||010112||011999||012903,9900020704,af3bed1193acbdefb95c4f5a2e46d60ddecb2ff9,2026-06-24T12:35:22.810246+00:00
1225382683,002624,完美世界,关于2025年员工持股计划首次授予部分第一个锁定期可解锁股份非交易过户完成的公告,2026-06-24,1782230400000,http://static.cninfo.com.cn/finalpage/2026-06-24/1225382683.PDF,finalpage/2026-06-24/1225382683.PDF,szse,01010503||010112||011507||012399,9900021520,1569183d9074b02e82ffd2c2bcddcd7e96f01b35,2026-06-24T12:35:22.809240+00:00
1225383374,002625,光启技术,2025年度权益分派实施公告,2026-06-24,1782230400000,http://static.cninfo.com.cn/finalpage/2026-06-24/1225383374.PDF,finalpage/2026-06-24/1225383374.PDF,szse,01010503||010112||011301,9900021556,18bc7cf89671855197cb872059ab3339bb45946d,2026-06-24T12:35:04.882885+00:00
1225383373,002635,安洁科技,关于转让参股公司股权的进展公告,2026-06-24,1782230400000,http://static.cninfo.com.cn/finalpage/2026-06-24/1225383373.PDF,finalpage/2026-06-24/1225383373.PDF,szse,01010503||010112||011701,9900021759,b236a88dcb67b11e7e1041260adcabd60b977e7c,2026-06-24T12:35:04.882885+00:00
1225382592,002636,金安国纪,关于向特定对象发行股票提交募集说明书（注册稿）等申请文件的提示性公告,2026-06-24,1782230400000,http://static.cninfo.com.cn/finalpage/2026-06-24/1225382592.PDF,finalpage/2026-06-24/1225382592.PDF,szse,01010501||01010503||010112||010705||010799,9900021766,84fc088afbf518a91bee25468e9a2020de1f850b,2026-06-24T12:35:25.194044+00:00
1225382595,002636,金安国纪,国联民生证券承销保荐有限公司关于金安国纪集团股份有限公司2025年度向特定对象发行A股股票之上市保荐书,2026-06-24,1782230400000,http://static.cninfo.com.cn/finalpage/2026-06-24/1225382595.PDF,finalpage/2026-06-24/1225382595.PDF,szse,01010701||010112||012911,9900021766,552a23c57869758f91b8713424e9b6c72ec441a2,2026-06-24T12:35:25.194044+00:00
1225382594,002636,金安国纪,国联民生证券承销保荐有限公司关于金安国纪集团股份有限公司2025年度向特定对象发行A股股票之发行保荐书,2026-06-24,1782230400000,http://static.cninfo.com.cn/finalpage/2026-06-24/1225382594.PDF,finalpage/2026-06-24/1225382594.PDF,szse,01010701||010112||012911,9900021766,0ab63027c203182691dd7e95c1a96a6a19168125,2026-06-24T12:35:25.194044+00:00
1225382593,002636,金安国纪,金安国纪集团股份有限公司2025年度向特定对象发行A股股票募集说明书（注册稿）,2026-06-24,1782230400000,http://static.cninfo.com.cn/finalpage/2026-06-24/1225382593.PDF,finalpage/2026-06-24/1225382593.PDF,szse,01010501||010112||010705,9900021766,c26ef71db3c269b5b7a679310d0246efcc390c5c,2026-06-24T12:35:25.194044+00:00
1225383340,002650,ST加加,关于公司委托加工剩余部分库存资产取回暨收到部分库存资产拍卖变价所得款的公告,2026-06-24,1782230400000,http://static.cninfo.com.cn/finalpage/2026-06-24/1225383340.PDF,finalpage/2026-06-24/1225383340.PDF,szse,01010503||010112||012399,9900021914,140bc7b6cd6d8c0f965a0201a0417ee44543f7a7,2026-06-24T12:35:06.106603+00:00
1225382995,002667,*ST威领,关于公司股票交易异常波动公告,2026-06-24,1782230400000,http://static.cninfo.com.cn/finalpage/2026-06-24/1225382995.PDF,finalpage/2026-06-24/1225382995.PDF,szse,01010503||010112||012103,9900022274,a8b5f6aa4fcccd08959a1cf80f4946312cb78342,2026-06-24T12:35:16.651380+00:00
1225384151,002672,东江环保,股票交易异常波动的公告,2026-06-24,1782230400000,http://static.cninfo.com.cn/finalpage/2026-06-24/1225384151.PDF,finalpage/2026-06-24/1225384151.PDF,szse,01010503||010112||012103,gshk0008230,c1afd89a9cdd1f658c19f0b85a1720597dd806eb,2026-06-24T12:34:35.336199+00:00
1225384643,002674,兴业科技,关于为子公司提供担保的进展公告（二）,2026-06-24,1782272548000,http://static.cninfo.com.cn/finalpage/2026-06-24/1225384643.PDF,finalpage/2026-06-24/1225384643.PDF,szse,01010503||010112||011711,9900022573,fddfdfb4fe790205263a9090d7bd897d11ebf8e1,2026-06-24T12:34:22.213097+00:00
1225382432,002698,博实股份,哈尔滨博实自动化股份有限公司2026年跟踪评级报告,2026-06-24,1782230400000,http://static.cninfo.com.cn/finalpage/2026-06-24/1225382432.PDF,finalpage/2026-06-24/1225382432.PDF,szse,01010501||010112||013999,9900023192,c6e3c5798c30af2f3a2f2d03ab7c23b7ea1ddcf6,2026-06-24T12:35:29.675004+00:00
1225382433,002698,博实股份,哈尔滨博实自动化股份有限公司公开发行可转换公司债券受托管理事务报告（2025年度）,2026-06-24,1782230400000,http://static.cninfo.com.cn/finalpage/2026-06-24/1225382433.PDF,finalpage/2026-06-24/1225382433.PDF,szse,01010503||010112||010999,9900023192,cc72eb94ed90c59ef81ef017d1bdfbdd12329285,2026-06-24T12:35:29.675004+00:00
1225383963,002714,牧原股份,2026年第二次临时股东会决议公告,2026-06-24,1782230400000,http://static.cninfo.com.cn/finalpage/2026-06-24/1225383963.PDF,finalpage/2026-06-24/1225383963.PDF,szse,01010503||010112||011905,9900022995,d467c7bb90e8d8f1df57d3c0b6dd3bc19c7df925,2026-06-24T12:34:44.622624+00:00
1225383964,002714,牧原股份,北京市康达律师事务所关于牧原食品集团股份有限公司2026年第二次临时股东会的法律意见书,2026-06-24,1782230400000,http://static.cninfo.com.cn/finalpage/2026-06-24/1225383964.PDF,finalpage/2026-06-24/1225383964.PDF,szse,01010901||010112||011999||012903,9900022995,fa5fcc57c8bfba26565f033e194ef660a2c23098,2026-06-24T12:34:44.622624+00:00
1225383481,002726,ST龙大,关于控股股东部分股份被司法再冻结及轮候冻结的公告,2026-06-24,1782230400000,http://static.cninfo.com.cn/finalpage/2026-06-24/1225383481.PDF,finalpage/2026-06-24/1225383481.PDF,szse,01010503||010112||012307,9900023003,ba994796870069865f48725c4a5accd1533b8f0f,2026-06-24T12:34:59.895981+00:00
1225383098,002727,一心堂,关于使用部分暂时闲置自有资金进行现金管理到期收回的公告,2026-06-24,1782230400000,http://static.cninfo.com.cn/finalpage/2026-06-24/1225383098.PDF,finalpage/2026-06-24/1225383098.PDF,szse,01010503||010112||011705,9900023195,00040d964ea0e6aa2b72dd397fe63b66dea35ca0,2026-06-24T12:35:12.824426+00:00
1225383099,002727,一心堂,关于全资子公司四川一心堂医药连锁有限公司向银行申请授信额度提供担保的进展公告,2026-06-24,1782230400000,http://static.cninfo.com.cn/finalpage/2026-06-24/1225383099.PDF,finalpage/2026-06-24/1225383099.PDF,szse,01010503||010112||011709||011711,9900023195,9d38ef0b1ec8f1fe0bc6f9730340897f4633724d,2026-06-24T12:35:12.824426+00:00
1225383896,002737,葵花药业,关于使用闲置自有资金进行现金管理的进展公告,2026-06-24,1782230400000,http://static.cninfo.com.cn/finalpage/2026-06-24/1225383896.PDF,finalpage/2026-06-24/1225383896.PDF,szse,01010503||010112||011705,9900023185,988a3c5e548d4c4552a7e9864717e87c47f7d029,2026-06-24T12:34:46.803581+00:00
1225382421,002749,国光股份,关于完成市场主体变更登记的公告,2026-06-24,1782230400000,http://static.cninfo.com.cn/finalpage/2026-06-24/1225382421.PDF,finalpage/2026-06-24/1225382421.PDF,szse,01010501||010112||012399,9900023788,7ed8e32358f24e16df942ba19dedef106ea5f705,2026-06-24T12:35:29.675004+00:00
1225382637,002753,永东股份,北京德恒律师事务所关于山西永东化工股份有限公司2026年员工持股计划的法律意见,2026-06-24,1782230400000,http://static.cninfo.com.cn/finalpage/2026-06-24/1225382637.PDF,finalpage/2026-06-24/1225382637.PDF,szse,01010503||01010901||010112||012399||012903,9900022937,63edd3094468fd20396a59e78607f79c054eb81f,2026-06-24T12:35:22.810246+00:00
1225383432,002766,索菱股份,2022 年限制性股票与股票期权激励计划预留授予部分限制性股票第三个限售期解除限售条件成就及注销部分股票期权事项的法律意见书,2026-06-24,1782230400000,http://static.cninfo.com.cn/finalpage/2026-06-24/1225383432.PDF,finalpage/2026-06-24/1225383432.PDF,szse,01010503||01010901||010112||012325||012903,9900023703,616c8bd4b342b78d39fa0f405c1ee12ef3b335cc,2026-06-24T12:35:01.291849+00:00
1225383430,002766,索菱股份,关于2022年限制性股票与股票期权激励计划预留授予部分第三个解除限售期解除限售条件成就的公告,2026-06-24,1782230400000,http://static.cninfo.com.cn/finalpage/2026-06-24/1225383430.PDF,finalpage/2026-06-24/1225383430.PDF,szse,01010503||010112||011303||012325,9900023703,c6540c5b6291292dd755966eff2a3e93bb430f13,2026-06-24T12:35:01.291849+00:00
1225383426,002766,索菱股份,关于使用公积金弥补亏损的公告,2026-06-24,1782230400000,http://static.cninfo.com.cn/finalpage/2026-06-24/1225383426.PDF,finalpage/2026-06-24/1225383426.PDF,szse,01010503||010112||012399,9900023703,cb7831ec644602b546cfbd2819448da8272ead82,2026-06-24T12:35:01.292851+00:00
1225383429,002766,索菱股份,关于变更公司董事及总裁（总经理）的公告,2026-06-24,1782230400000,http://static.cninfo.com.cn/finalpage/2026-06-24/1225383429.PDF,finalpage/2026-06-24/1225383429.PDF,szse,01010503||010112||012303,9900023703,2455e3847d636d0a0e8ffe7202860f1f959100a1,2026-06-24T12:35:01.292851+00:00
1225383434,002766,索菱股份,关于变更注册资本及修订公司章程的公告,2026-06-24,1782230400000,http://static.cninfo.com.cn/finalpage/2026-06-24/1225383434.PDF,finalpage/2026-06-24/1225383434.PDF,szse,01010503||010112||012301,9900023703,e549384236bfb26d9f6c4240736023dc8b7f59c8,2026-06-24T12:35:01.291849+00:00
1225383428,002766,索菱股份,关于召开2026年第一次临时股东会的通知,2026-06-24,1782230400000,http://static.cninfo.com.cn/finalpage/2026-06-24/1225383428.PDF,finalpage/2026-06-24/1225383428.PDF,szse,01010503||010112||011901,9900023703,f9133dceac19d192e959932008a888fd6721b103,2026-06-24T12:35:01.292851+00:00
1225383433,002766,索菱股份,关于注销2022年限制性股票与股票期权激励计划部分股票期权的公告,2026-06-24,1782230400000,http://static.cninfo.com.cn/finalpage/2026-06-24/1225383433.PDF,finalpage/2026-06-24/1225383433.PDF,szse,01010503||010112||012325,9900023703,02ff94e81131b381fcfb9a8476f58c71359aa0f0,2026-06-24T12:35:01.291849+00:00
1225383435,002766,索菱股份,关于调整公司组织架构的公告,2026-06-24,1782230400000,http://static.cninfo.com.cn/finalpage/2026-06-24/1225383435.PDF,finalpage/2026-06-24/1225383435.PDF,szse,01010503||010112||012399,9900023703,6e20e63d0c0c75332a2a99a76a3b24b7c9fe4843,2026-06-24T12:35:01.291849+00:00
1225383427,002766,索菱股份,第六届董事会第四次会议决议公告,2026-06-24,1782230400000,http://static.cninfo.com.cn/finalpage/2026-06-24/1225383427.PDF,finalpage/2026-06-24/1225383427.PDF,szse,01010503||010112||01239901,9900023703,b0594209853f25ebd09efc7aaa2ec5cefec9fdbf,2026-06-24T12:35:01.292851+00:00
1225383431,002766,索菱股份,第六届董事会薪酬与考核委员会第三次会议决议,2026-06-24,1782230400000,http://static.cninfo.com.cn/finalpage/2026-06-24/1225383431.PDF,finalpage/2026-06-24/1225383431.PDF,szse,01010503||010112||01239901,9900023703,79a338104e8f50fa71904f963baca7d8982532e8,2026-06-24T12:35:01.291849+00:00
1225383355,002775,文科股份,关于变更、增设募集资金专户并授权签订募集资金专户监管协议的公告,2026-06-24,1782230400000,http://static.cninfo.com.cn/finalpage/2026-06-24/1225383355.PDF,finalpage/2026-06-24/1225383355.PDF,szse,01010503||010112||012315,9900023734,e7f5c8d680764de5fd26bcb3d3dc3a6737650eb1,2026-06-24T12:35:04.882885+00:00
1225383356,002775,文科股份,国盛证券关于文科股份变更、增设募集资金专户并授权签订募集资金专户监管协议的核查意见,2026-06-24,1782230400000,http://static.cninfo.com.cn/finalpage/2026-06-24/1225383356.PDF,finalpage/2026-06-24/1225383356.PDF,szse,010109||010112||0129,9900023734,eee023c839082d5a655b8aa5ac4ed8fa298ab264,2026-06-24T12:35:04.882885+00:00
1225383354,002775,文科股份,第六届董事会第十八次会议决议的公告,2026-06-24,1782230400000,http://static.cninfo.com.cn/finalpage/2026-06-24/1225383354.PDF,finalpage/2026-06-24/1225383354.PDF,szse,01010503||010112||01239901,9900023734,fe1f3619eabfa43e3c31e8bece34b072327fee20,2026-06-24T12:35:04.882885+00:00
1225382883,002780,三夫户外,信达证券股份有限公司关于北京三夫户外用品股份有限公司控股股东、实际控制人为公司向中信银行申请授信额度提供担保暨关联交易事项的核查意见,2026-06-24,1782230400000,http://static.cninfo.com.cn/finalpage/2026-06-24/1225382883.PDF,finalpage/2026-06-24/1225382883.PDF,szse,010109||010112||0129,9900023789,165d4ddb052b82ff15a32fb22f62668f34843215,2026-06-24T12:35:18.999073+00:00
1225382884,002780,三夫户外,信达证券股份有限公司关于北京三夫户外用品股份有限公司控股股东、实际控制人为公司向兴业银行申请授信额度提供担保暨关联交易事项的核查意见,2026-06-24,1782230400000,http://static.cninfo.com.cn/finalpage/2026-06-24/1225382884.PDF,finalpage/2026-06-24/1225382884.PDF,szse,010109||010112||0129,9900023789,34414ba335a7268fee052357cbb71e78a70da5e7,2026-06-24T12:35:18.999073+00:00
1225382886,002780,三夫户外,信达证券股份有限公司关于北京三夫户外用品股份有限公司新增2026年度日常关联交易预计事项的核查意见,2026-06-24,1782230400000,http://static.cninfo.com.cn/finalpage/2026-06-24/1225382886.PDF,finalpage/2026-06-24/1225382886.PDF,szse,010109||010112||0129,9900023789,7187d61da05e6bfbadba06a0de0ec2e278f42935,2026-06-24T12:35:18.999073+00:00
1225382880,002780,三夫户外,关于召开2026年第二次临时股东会的通知,2026-06-24,1782230400000,http://static.cninfo.com.cn/finalpage/2026-06-24/1225382880.PDF,finalpage/2026-06-24/1225382880.PDF,szse,01010503||010112||011901,9900023789,175b58b7147a1c5b7526570e5313b3e1829273c9,2026-06-24T12:35:18.999073+00:00
1225382881,002780,三夫户外,关于控股股东、实际控制人为公司向中信银行申请授信额度提供担保暨关联交易的公告,2026-06-24,1782230400000,http://static.cninfo.com.cn/finalpage/2026-06-24/1225382881.PDF,finalpage/2026-06-24/1225382881.PDF,szse,01010503||010112||011709||011711||011719,9900023789,b77257428fda5fdeb3652c4d105244a2ec5871d5,2026-06-24T12:35:18.999073+00:00
1225382882,002780,三夫户外,关于控股股东、实际控制人为公司向兴业银行申请授信额度提供担保暨关联交易的公告,2026-06-24,1782230400000,http://static.cninfo.com.cn/finalpage/2026-06-24/1225382882.PDF,finalpage/2026-06-24/1225382882.PDF,szse,01010503||010112||011709||011711||011719,9900023789,4d493789c8dda4e2b669154e13b21cdd891ed004,2026-06-24T12:35:18.999073+00:00
1225382885,002780,三夫户外,关于新增2026年度日常关联交易预计的公告,2026-06-24,1782230400000,http://static.cninfo.com.cn/finalpage/2026-06-24/1225382885.PDF,finalpage/2026-06-24/1225382885.PDF,szse,01010503||010112||011719,9900023789,bd3066f250e7d5fc1aef3e4ecacfa56495dce71a,2026-06-24T12:35:18.999073+00:00
1225382879,002780,三夫户外,第五届董事会第二十三次会议决议公告,2026-06-24,1782230400000,http://static.cninfo.com.cn/finalpage/2026-06-24/1225382879.PDF,finalpage/2026-06-24/1225382879.PDF,szse,01010503||010112||01239901,9900023789,4763267ddc54daa3cf1d4b68e79c4b910754367c,2026-06-24T12:35:19.000077+00:00
1225382691,002793,罗欣药业,关于为控股子公司提供担保的进展公告,2026-06-24,1782230400000,http://static.cninfo.com.cn/finalpage/2026-06-24/1225382691.PDF,finalpage/2026-06-24/1225382691.PDF,szse,01010503||010112||011711,9900026645,35716b665f3ad050a212fefe2003c6c1abc01836,2026-06-24T12:35:21.976540+00:00
1225382692,002793,罗欣药业,关于职工代表董事辞职暨选举职工代表董事的公告,2026-06-24,1782230400000,http://static.cninfo.com.cn/finalpage/2026-06-24/1225382692.PDF,finalpage/2026-06-24/1225382692.PDF,szse,01010503||010112||012303,9900026645,b8fe0c6cf4edb66490666560ac04cc35cc270fe7,2026-06-24T12:35:21.976540+00:00
1225382426,002803,吉宏股份,关于召开2026年第三次临时股东会的通知,2026-06-24,1782230400000,http://static.cninfo.com.cn/finalpage/2026-06-24/1225382426.PDF,finalpage/2026-06-24/1225382426.PDF,szse,01010503||010112||011901,9900026644,1361442aadfeca62440fbacc6f43fdc094969fa1,2026-06-24T12:35:29.675004+00:00
1225383482,002805,丰元股份,股票交易异常波动公告,2026-06-24,1782230400000,http://static.cninfo.com.cn/finalpage/2026-06-24/1225383482.PDF,finalpage/2026-06-24/1225383482.PDF,szse,01010503||010112||012103,9900023727,fd847e95f1fe47658b1f3b9cb96ac9fb1ccef1de,2026-06-24T12:34:59.895392+00:00
1225383622,002812,恩捷股份,关于缴纳税款的公告,2026-06-24,1782230400000,http://static.cninfo.com.cn/finalpage/2026-06-24/1225383622.PDF,finalpage/2026-06-24/1225383622.PDF,szse,01010501||010112||012399,9900026450,c420c42477c7872ffe761f715251aa7def281aaa,2026-06-24T12:34:53.355869+00:00
1225382439,002819,东方中科,2025年年度分红派息实施公告,2026-06-24,1782230400000,http://static.cninfo.com.cn/finalpage/2026-06-24/1225382439.PDF,finalpage/2026-06-24/1225382439.PDF,szse,01010503||010112||011301,9900024446,8ce41454f3a13894ef212301515dca1f3ca52d08,2026-06-24T12:35:29.675004+00:00
1225384215,002828,贝肯能源,关于对外担保的进展公告,2026-06-24,1782230400000,http://static.cninfo.com.cn/finalpage/2026-06-24/1225384215.PDF,finalpage/2026-06-24/1225384215.PDF,szse,01010503||010112||011711,9900028824,24ef29dd64f96a8023ff0e6367de2fc36eb0f96d,2026-06-24T12:34:33.205725+00:00
1225383381,002830,名雕股份,关于股票交易异常波动公告,2026-06-24,1782230400000,http://static.cninfo.com.cn/finalpage/2026-06-24/1225383381.PDF,finalpage/2026-06-24/1225383381.PDF,szse,01010503||010112||012103,9900023978,08f977c634adc8f8a1a8c684baadc5196c8c6920,2026-06-24T12:35:02.749451+00:00
1225382617,002838,道恩股份,关于控股子公司对外投资设立全资子公司的进展公告,2026-06-24,1782230400000,http://static.cninfo.com.cn/finalpage/2026-06-24/1225382617.PDF,finalpage/2026-06-24/1225382617.PDF,szse,01010503||010112||011705,9900022768,e566d65a800296a2cd29947f17b87d9b2953fa19,2026-06-24T12:35:25.193039+00:00
1225382486,002839,张家港行,江苏张家港农村商业银行股份有限公司关于赎回无固定期限资本债券的公告,2026-06-24,1782230400000,http://static.cninfo.com.cn/finalpage/2026-06-24/1225382486.PDF,finalpage/2026-06-24/1225382486.PDF,szse,01010503||010112||013999,9900022943,2fae7f04c0baec36e007b627d01254a5b7f66a09,2026-06-24T12:35:29.674000+00:00
1225382441,002841,视源股份,关于2026年限制性股票激励计划授予登记完成的公告,2026-06-24,1782230400000,http://static.cninfo.com.cn/finalpage/2026-06-24/1225382441.PDF,finalpage/2026-06-24/1225382441.PDF,szse,01010503||010112||012325,9900029752,28aefa280adcde7343103767a17d9b4759eef3a8,2026-06-24T12:35:29.675004+00:00
1225384027,002856,*ST美芝,关于债权重组的公告,2026-06-24,1782230400000,http://static.cninfo.com.cn/finalpage/2026-06-24/1225384027.PDF,finalpage/2026-06-24/1225384027.PDF,szse,01010501||010112||012399,9900028823,523dad02dc1440e3724932d8286a90439cebfd39,2026-06-24T12:34:42.413458+00:00
1225384029,002856,*ST美芝,关于董事长离任的公告,2026-06-24,1782230400000,http://static.cninfo.com.cn/finalpage/2026-06-24/1225384029.PDF,finalpage/2026-06-24/1225384029.PDF,szse,01010503||010112||012303,9900028823,d3ced92819ad5155fc023ff99df7e9f587b64821,2026-06-24T12:34:42.413458+00:00
1225384030,002856,*ST美芝,关于重大诉讼进展的公告,2026-06-24,1782230400000,http://static.cninfo.com.cn/finalpage/2026-06-24/1225384030.PDF,finalpage/2026-06-24/1225384030.PDF,szse,01010503||010112||012309,9900028823,f8f91917123f71cebdb3ee9eeeddcd1c0f0e276b,2026-06-24T12:34:42.413458+00:00
1225384026,002856,*ST美芝,第五届董事会第二十六次会议决议公告,2026-06-24,1782230400000,http://static.cninfo.com.cn/finalpage/2026-06-24/1225384026.PDF,finalpage/2026-06-24/1225384026.PDF,szse,01010503||010112||01239901,9900028823,762a030ab1080a5a6714aae8063c443029943fc9,2026-06-24T12:34:42.413458+00:00
1225384028,002856,*ST美芝,资产评估报告（浙联评报字[2026]第459号）,2026-06-24,1782230400000,http://static.cninfo.com.cn/finalpage/2026-06-24/1225384028.PDF,finalpage/2026-06-24/1225384028.PDF,szse,01010909||010112||012905,9900028823,6217fced6834885921c6bbedfd421a1a4243dafa,2026-06-24T12:34:42.413458+00:00
1225383565,002863,今飞凯达,2025年年度权益分派实施公告,2026-06-24,1782230400000,http://static.cninfo.com.cn/finalpage/2026-06-24/1225383565.PDF,finalpage/2026-06-24/1225383565.PDF,szse,01010503||010112||011301,9900030825,17bbfced27cc0a2e7bdac7df0e2061072b97f088,2026-06-24T12:34:54.483341+00:00
1225384464,002876,三利谱,关于持股5%以上股东持股比例降至5%以下且权益变动触及1%整数倍、减持计划实施完毕暨披露简式权益变动报告书的提示性公告,2026-06-24,1782230400000,http://static.cninfo.com.cn/finalpage/2026-06-24/1225384464.PDF,finalpage/2026-06-24/1225384464.PDF,szse,01010503||01011101||010112||011501||012399,9900030828,e1acd960266325af4610603f38fd4795dfbd7dac,2026-06-24T12:34:26.314186+00:00
1225384465,002876,三利谱,简式权益变动报告书,2026-06-24,1782230400000,http://static.cninfo.com.cn/finalpage/2026-06-24/1225384465.PDF,finalpage/2026-06-24/1225384465.PDF,szse,01011101||010112||011501,9900030828,b1b940ef78dfac80883ae8785138b86d7037a63b,2026-06-24T12:34:25.047344+00:00
1225382597,002878,元隆雅图,关于2023-2025年员工持股计划之第二期员工持股计划第一个归属期考核指标达成的公告,2026-06-24,1782230400000,http://static.cninfo.com.cn/finalpage/2026-06-24/1225382597.PDF,finalpage/2026-06-24/1225382597.PDF,szse,01010503||010112||012399,9900030663,b3bfd106619bf48076031b84deaafa1e1c9774b8,2026-06-24T12:35:25.193039+00:00
1225382598,002878,元隆雅图,关于2023-2025年员工持股计划之首期员工持股计划第二个归属期考核指标达成的公告,2026-06-24,1782230400000,http://static.cninfo.com.cn/finalpage/2026-06-24/1225382598.PDF,finalpage/2026-06-24/1225382598.PDF,szse,01010503||010112||012399,9900030663,4468e43aa99940b59bf7f51c8e6428caec602f5d,2026-06-24T12:35:25.193039+00:00
1225382596,002878,元隆雅图,关于第五届董事会第十三次会议决议的公告,2026-06-24,1782230400000,http://static.cninfo.com.cn/finalpage/2026-06-24/1225382596.PDF,finalpage/2026-06-24/1225382596.PDF,szse,01010503||010112||01239901,9900030663,86831379d079774963055064386b3d76e1ed8c85,2026-06-24T12:35:25.193039+00:00
1225382652,002881,美格智能,关于全资子公司收购慧欣物业管理（上海）有限公司100%股权暨购置研发办公楼事项的进展公告,2026-06-24,1782230400000,http://static.cninfo.com.cn/finalpage/2026-06-24/1225382652.PDF,finalpage/2026-06-24/1225382652.PDF,szse,01010503||010112||011701,9900032572,9d1bcf0c89f7bc9983b99ae5d147d0c0ca1879bb,2026-06-24T12:35:22.810246+00:00
1225384169,002897,意华股份,2026年第一次临时股东会决议公告,2026-06-24,1782230400000,http://static.cninfo.com.cn/finalpage/2026-06-24/1225384169.PDF,finalpage/2026-06-24/1225384169.PDF,szse,01010503||010112||011905,9900032890,df9709e66c211d0d3f2469345aeb46629f2c01cd,2026-06-24T12:34:35.334695+00:00
1225384171,002897,意华股份,关于回购注销部分限制性股票减资暨通知债权人的公告,2026-06-24,1782230400000,http://static.cninfo.com.cn/finalpage/2026-06-24/1225384171.PDF,finalpage/2026-06-24/1225384171.PDF,szse,01010503||010112||011513,9900032890,a3904b8440f48f616316e529e87bd0086f9e6b48,2026-06-24T12:34:35.334695+00:00
1225384170,002897,意华股份,国浩律师（上海）事务所关于温州意华接插件股份有限公司2026年第一次临时股东会的法律意见书,2026-06-24,1782230400000,http://static.cninfo.com.cn/finalpage/2026-06-24/1225384170.PDF,finalpage/2026-06-24/1225384170.PDF,szse,01010901||010112||011999||012903,9900032890,eb2213cddb8d616fdf5d228ec3865ad45fdc6ed4,2026-06-24T12:34:35.334695+00:00
1225383221,002898,*ST赛隆,关于继续公开挂牌转让全资子公司股权的进展公告,2026-06-24,1782230400000,http://static.cninfo.com.cn/finalpage/2026-06-24/1225383221.PDF,finalpage/2026-06-24/1225383221.PDF,szse,01010503||010112||011701||012509,9900032573,b71fd5356c5ffab81985e79078a41231333f529d,2026-06-24T12:35:09.581590+00:00
1225383220,002902,铭普光磁,关于提供担保的进展公告,2026-06-24,1782230400000,http://static.cninfo.com.cn/finalpage/2026-06-24/1225383220.PDF,finalpage/2026-06-24/1225383220.PDF,szse,01010503||010112||011711,9900030783,1ee11ff3e5bb8dc0aa217a29e0f050aa0e213e70,2026-06-24T12:35:09.581590+00:00
1225383702,002921,联诚精密,2025年度股东会决议公告,2026-06-24,1782230400000,http://static.cninfo.com.cn/finalpage/2026-06-24/1225383702.PDF,finalpage/2026-06-24/1225383702.PDF,szse,01010503||010112||011905,9900033213,b8027b0860666fcff0c9ae79c26e85783635e450,2026-06-24T12:34:50.548403+00:00
1225383703,002921,联诚精密,北京市中伦律师事务所关于公司2025年度股东会的法律意见书,2026-06-24,1782230400000,http://static.cninfo.com.cn/finalpage/2026-06-24/1225383703.PDF,finalpage/2026-06-24/1225383703.PDF,szse,01010901||010112||011999||012903,9900033213,49403aa92dfab7f2dddd9ead31c5ff891ee58c6e,2026-06-24T12:34:50.548403+00:00
1225383627,002929,润建股份,关于为控股子公司提供担保的进展公告,2026-06-24,1782230400000,http://static.cninfo.com.cn/finalpage/2026-06-24/1225383627.PDF,finalpage/2026-06-24/1225383627.PDF,szse,01010503||010112||011711,gfbj0834571,8e26c69df7d43030194c4a4dc493d73228f11d9a,2026-06-24T12:34:53.355869+00:00
1225383630,002929,润建股份,关于变更公司经营范围、注册资本及修改《公司章程》的进展公告,2026-06-24,1782230400000,http://static.cninfo.com.cn/finalpage/2026-06-24/1225383630.PDF,finalpage/2026-06-24/1225383630.PDF,szse,01010503||010112||012301,gfbj0834571,9f0d6e2b514a4cd7b2bd7180a9dd403e9dcd04ec,2026-06-24T12:34:53.355869+00:00
1225383631,002929,润建股份,润建股份有限公司章程（2026年6月）,2026-06-24,1782230400000,http://static.cninfo.com.cn/finalpage/2026-06-24/1225383631.PDF,finalpage/2026-06-24/1225383631.PDF,szse,01010503||010112||013101,gfbj0834571,913d0c22ed6b557601bb170dd8d9d292f669db31,2026-06-24T12:34:53.355869+00:00
1225383705,002931,锋龙股份,关于召开2026年第三次临时股东会的通知,2026-06-24,1782230400000,http://static.cninfo.com.cn/finalpage/2026-06-24/1225383705.PDF,finalpage/2026-06-24/1225383705.PDF,szse,01010503||010112||011901,9900035297,0be6b3e36df5bf9fffe91f07f24e6a81c1e67230,2026-06-24T12:34:50.548403+00:00
1225383706,002931,锋龙股份,关于新增2026年度日常关联交易预计的公告,2026-06-24,1782230400000,http://static.cninfo.com.cn/finalpage/2026-06-24/1225383706.PDF,finalpage/2026-06-24/1225383706.PDF,szse,01010503||010112||011719,9900035297,2be192db8a2c6cdd2e5b2293db6fad35e042fcdc,2026-06-24T12:34:50.548403+00:00
1225383704,002931,锋龙股份,第五届董事会第二次会议决议公告,2026-06-24,1782230400000,http://static.cninfo.com.cn/finalpage/2026-06-24/1225383704.PDF,finalpage/2026-06-24/1225383704.PDF,szse,01010503||010112||01239901,9900035297,d2b7a8bcfaf62ffef188baf8f78c6250ecc5e116,2026-06-24T12:34:50.548403+00:00
1225382418,002942,新农股份,关于全资子公司完成工商变更登记的公告,2026-06-24,1782230400000,http://static.cninfo.com.cn/finalpage/2026-06-24/1225382418.PDF,finalpage/2026-06-24/1225382418.PDF,szse,01010503||010112||012301,gfbj0831868,8ad78fb722a12a289c537e2855b011e266cad0a4,2026-06-24T12:35:29.675004+00:00
1225384097,002951,金时科技,2026年第一次临时股东会决议公告,2026-06-24,1782230400000,http://static.cninfo.com.cn/finalpage/2026-06-24/1225384097.PDF,finalpage/2026-06-24/1225384097.PDF,szse,01010503||010112||011905,9900036403,2e6ec43af42874e248602b9f8abba6e001aadd78,2026-06-24T12:34:39.704403+00:00
1225384095,002951,金时科技,关于董事会完成换届选举、聘任高级管理人员及相关岗位人员的公告,2026-06-24,1782230400000,http://static.cninfo.com.cn/finalpage/2026-06-24/1225384095.PDF,finalpage/2026-06-24/1225384095.PDF,szse,01010503||010112||012303,9900036403,5df6d84c36a0fd0aeaec8afd561a5de3443aaf0f,2026-06-24T12:34:39.704403+00:00
1225384098,002951,金时科技,国浩律师（成都）事务所关于四川金时科技股份有限公司2026年第一次临时股东会之法律意见书,2026-06-24,1782230400000,http://static.cninfo.com.cn/finalpage/2026-06-24/1225384098.PDF,finalpage/2026-06-24/1225384098.PDF,szse,01010901||010112||011999||012903,9900036403,bd5dced7d5997eab5275e3e72169210378d12a8b,2026-06-24T12:34:39.704403+00:00
1225384096,002951,金时科技,第四届董事会第一次会议决议公告,2026-06-24,1782230400000,http://static.cninfo.com.cn/finalpage/2026-06-24/1225384096.PDF,finalpage/2026-06-24/1225384096.PDF,szse,01010503||010112||01239901,9900036403,075b9b79234b8e9dfc6e5cefb66021651b8d9443,2026-06-24T12:34:39.704403+00:00
1225384404,002979,雷赛智能,关于2025年股票期权与限制性股票激励计划之限制性股票预留授予登记完成的公告,2026-06-24,1782230400000,http://static.cninfo.com.cn/finalpage/2026-06-24/1225384404.PDF,finalpage/2026-06-24/1225384404.PDF,szse,01010503||010112||012325,9900023947,f43b1d6194b834ae1519dd4c43c2e50be3c13d28,2026-06-24T12:34:28.346486+00:00
1225382693,002984,森麒麟,青岛森麒麟轮胎股份有限公司相关债券2026年跟踪评级报告,2026-06-24,1782230400000,http://static.cninfo.com.cn/finalpage/2026-06-24/1225382693.PDF,finalpage/2026-06-24/1225382693.PDF,szse,01010501||010112||013999,9900037009,01267ce71ea3b06a591aa8c4e1f4eba36720bc5c,2026-06-24T12:35:21.976540+00:00
1225383533,003003,天元股份,2025年年度权益分派实施公告,2026-06-24,1782230400000,http://static.cninfo.com.cn/finalpage/2026-06-24/1225383533.PDF,finalpage/2026-06-24/1225383533.PDF,szse,01010503||010112||011301,gfbj0836099,aff4962ce6fdb761b483e96dacbb513bad3fc5d7,2026-06-24T12:34:58.878887+00:00
1225382943,003011,海象新材,《董事、高级管理人员薪酬、津贴管理制度》（2026年6月）,2026-06-24,1782230400000,http://static.cninfo.com.cn/finalpage/2026-06-24/1225382943.PDF,finalpage/2026-06-24/1225382943.PDF,szse,01010503||010112||013105||013199,9900039851,0426beafd8e17934319fd1a36be3a6b30b23a984,2026-06-24T12:35:17.789264+00:00
1225383673,003011,海象新材,浙江海象新材料股份有限公司2025年年度权益分派实施公告,2026-06-24,1782230400000,http://static.cninfo.com.cn/finalpage/2026-06-24/1225383673.PDF,finalpage/2026-06-24/1225383673.PDF,szse,01010503||010112||011301,9900039851,33104bfa71be45377ecc7564846f595189372488,2026-06-24T12:34:51.853618+00:00
1225382942,003011,海象新材,浙江海象新材料股份有限公司2026年员工持股计划第一次持有人会议决议公告,2026-06-24,1782230400000,http://static.cninfo.com.cn/finalpage/2026-06-24/1225382942.PDF,finalpage/2026-06-24/1225382942.PDF,szse,01010503||010112||012399,9900039851,ea7ac7bcbcd5eb8d43d454eb9a78b3faf75b4b3e,2026-06-24T12:35:17.789264+00:00
1225382941,003011,海象新材,浙江海象新材料股份有限公司第三届董事会第十八次会议决议的公告,2026-06-24,1782230400000,http://static.cninfo.com.cn/finalpage/2026-06-24/1225382941.PDF,finalpage/2026-06-24/1225382941.PDF,szse,01010503||010112||01239901,9900039851,2365320925e134b9588630937eb40578c55da4cb,2026-06-24T12:35:17.789264+00:00
1225382425,003043,华亚智能,关于提前赎回华亚转债的第五次提示性公告,2026-06-24,1782230400000,http://static.cninfo.com.cn/finalpage/2026-06-24/1225382425.PDF,finalpage/2026-06-24/1225382425.PDF,szse,01010503||010112||010919,9900037303,2684ff104bbde513f4f02d4e81e80d5c1451e242,2026-06-24T12:35:29.675004+00:00
1225382723,300008,天海防务,关于对控股子公司增资的进展公告,2026-06-24,1782230400000,http://static.cninfo.com.cn/finalpage/2026-06-24/1225382723.PDF,finalpage/2026-06-24/1225382723.PDF,szse,01010503||010112||010115||011705,9900008271,042a08c3856beb4511daee57eb210be61a6c2086,2026-06-24T12:35:21.976540+00:00
1225386159,300014,亿纬锂能,关于孙公司EBIL收到参股公司思摩尔国际现金分红的公告,2026-06-24,1782298208000,http://static.cninfo.com.cn/finalpage/2026-06-24/1225386159.PDF,finalpage/2026-06-24/1225386159.PDF,szse,01010501||010112||010115||012399,9900008311,ee1e5eaf53859b7ec4ee4b4d03b049a47c8fa53d,2026-06-24T12:34:13.517056+00:00
1225386158,300014,亿纬锂能,关于控股股东部分股份解除质押及质押的公告,2026-06-24,1782298208000,http://static.cninfo.com.cn/finalpage/2026-06-24/1225386158.PDF,finalpage/2026-06-24/1225386158.PDF,szse,01010503||010112||010115||012307,9900008311,f261a4d4da2bddf7bf571de334acb67715cda6d3,2026-06-24T12:34:13.517056+00:00
1225382619,300021,大禹节水,关于收到新疆维吾尔自治区阿克苏地区塔里木河干流盖孜库木片区生态综合治理项目施工标段中标通知书的公告,2026-06-24,1782230400000,http://static.cninfo.com.cn/finalpage/2026-06-24/1225382619.PDF,finalpage/2026-06-24/1225382619.PDF,szse,01010503||010112||010115||012327,9900008415,9c2789e116110a6cad1cbf466f50cb26596b0c79,2026-06-24T12:35:25.193039+00:00
1225382940,300048,合康新能,关于为子公司提供担保的进展公告,2026-06-24,1782230400000,http://static.cninfo.com.cn/finalpage/2026-06-24/1225382940.PDF,finalpage/2026-06-24/1225382940.PDF,szse,01010503||010112||010115||011711,9900009627,cd64b93451d8bf73b6ec762d13470571d8cf70bc,2026-06-24T12:35:17.790269+00:00
1225384713,300056,中创环保,关于公司董事长无法履职的公告,2026-06-24,1782287048000,http://static.cninfo.com.cn/finalpage/2026-06-24/1225384713.PDF,finalpage/2026-06-24/1225384713.PDF,szse,01010503||010112||010115||012303,9900010148,5f2cb07f34411e8eadf29d53ead75bf7097708b9,2026-06-24T12:34:22.213097+00:00
1225384712,300056,中创环保,关于公司董事长辞职的公告,2026-06-24,1782287048000,http://static.cninfo.com.cn/finalpage/2026-06-24/1225384712.PDF,finalpage/2026-06-24/1225384712.PDF,szse,01010503||010112||010115||012303,9900010148,605c94126825ddce155183ad9f00c78b1fe54d13,2026-06-24T12:34:22.213097+00:00
1225384913,300061,旗天科技,关于为子公司提供担保的公告,2026-06-24,1782288368000,http://static.cninfo.com.cn/finalpage/2026-06-24/1225384913.PDF,finalpage/2026-06-24/1225384913.PDF,szse,01010503||010112||010115||011711,9900010547,21e48cb154b0601eb481f4c54f447e193a586565,2026-06-24T12:34:20.949861+00:00
1225384914,300073,当升科技,关于召开2026年第一次临时股东会的提示性公告,2026-06-24,1782288368000,http://static.cninfo.com.cn/finalpage/2026-06-24/1225384914.PDF,finalpage/2026-06-24/1225384914.PDF,szse,01010503||010112||010115||011901,9900011167,057ccb5a3cbea5bfeb8e5d96ab2197fc1ace8cfe,2026-06-24T12:34:20.949861+00:00
1225384189,300085,银之杰,股票交易异常波动公告,2026-06-24,1782230400000,http://static.cninfo.com.cn/finalpage/2026-06-24/1225384189.PDF,finalpage/2026-06-24/1225384189.PDF,szse,01010503||010112||010115||012103,9900012331,d2e5e17cd3d8875d804c6f879fc94579ed407431,2026-06-24T12:34:33.205725+00:00
1225385086,300093,金刚光伏,关于为子公司提供担保并接受无偿担保暨关联交易的进展公告,2026-06-24,1782290768000,http://static.cninfo.com.cn/finalpage/2026-06-24/1225385086.PDF,finalpage/2026-06-24/1225385086.PDF,szse,01010503||010112||010115||011711||011719,9900012451,c44fe01e44dd5e0122a998ba15f1e81696c2875c,2026-06-24T12:34:20.023088+00:00
1225385611,300094,国联水产,关于控股股东及其关联方部分股份质押的公告,2026-06-24,1782294128000,http://static.cninfo.com.cn/finalpage/2026-06-24/1225385611.PDF,finalpage/2026-06-24/1225385611.PDF,szse,01010503||010112||010115||012307,9900012529,48e439f6c3244ffccb42ac0bf3d31bdaed7b85b5,2026-06-24T12:34:16.039008+00:00
1225383801,300112,万讯自控,关于召开2026年第一次临时股东会的通知,2026-06-24,1782230400000,http://static.cninfo.com.cn/finalpage/2026-06-24/1225383801.PDF,finalpage/2026-06-24/1225383801.PDF,szse,01010503||010112||010115||011901,9900013371,6562370c1c92d9bb78fc69185a7b67f802e6b5fe,2026-06-24T12:34:47.966366+00:00
1225383802,300112,万讯自控,关于董事会提议向下修正万讯转债转股价格的公告,2026-06-24,1782230400000,http://static.cninfo.com.cn/finalpage/2026-06-24/1225383802.PDF,finalpage/2026-06-24/1225383802.PDF,szse,01010503||010112||010115||010915,9900013371,606c4bdbe4b96e928d4a045d1ab53bb30d916090,2026-06-24T12:34:47.965832+00:00
1225383800,300112,万讯自控,第六届董事会第十九次会议决议公告,2026-06-24,1782230400000,http://static.cninfo.com.cn/finalpage/2026-06-24/1225383800.PDF,finalpage/2026-06-24/1225383800.PDF,szse,01010503||010112||010115||01239901,9900013371,d21347f395571e13e4a88b6569486cbe003cfbef,2026-06-24T12:34:47.966366+00:00
1225385088,300118,东方日升,关于公司组织结构调整的公告,2026-06-24,1782290768000,http://static.cninfo.com.cn/finalpage/2026-06-24/1225385088.PDF,finalpage/2026-06-24/1225385088.PDF,szse,01010501||010112||010115||012399,9900013430,a2e8d239537bd22d6c7b27d979f1357547f98819,2026-06-24T12:34:20.023088+00:00
1225385087,300118,东方日升,第五届董事会第六次会议决议公告,2026-06-24,1782290768000,http://static.cninfo.com.cn/finalpage/2026-06-24/1225385087.PDF,finalpage/2026-06-24/1225385087.PDF,szse,01010503||010112||010115||01239901,9900013430,7e9ef3079fe5c9094ccd24ca2d3a41196c738f17,2026-06-24T12:34:20.023088+00:00
1225383635,300128,锦富技术,关于为子公司提供担保的进展公告,2026-06-24,1782230400000,http://static.cninfo.com.cn/finalpage/2026-06-24/1225383635.PDF,finalpage/2026-06-24/1225383635.PDF,szse,01010503||010112||010115||011711,9900013693,b93a2624054d05f2fb05706302014cbad6f2ab25,2026-06-24T12:34:53.355869+00:00
1225384219,300129,泰胜风能,2025年年度股东会决议公告,2026-06-24,1782230400000,http://static.cninfo.com.cn/finalpage/2026-06-24/1225384219.PDF,finalpage/2026-06-24/1225384219.PDF,szse,01010503||010112||010115||011905,9900013429,e9733163a9f2ff7b47448daba2fb93b39966465a,2026-06-24T12:34:33.205725+00:00
1225384220,300129,泰胜风能,北京市嘉源律师事务所关于泰胜风能集团股份有限公司2025年年度股东会的法律意见书,2026-06-24,1782230400000,http://static.cninfo.com.cn/finalpage/2026-06-24/1225384220.PDF,finalpage/2026-06-24/1225384220.PDF,szse,01010901||010112||010115||011999||012903,9900013429,0e4f1e9615feb44e99a5242ceba9888cedfa6413,2026-06-24T12:34:33.204719+00:00
1225384218,300129,泰胜风能,第六届董事会第十二次会议决议公告,2026-06-24,1782230400000,http://static.cninfo.com.cn/finalpage/2026-06-24/1225384218.PDF,finalpage/2026-06-24/1225384218.PDF,szse,01010503||010112||010115||01239901,9900013429,2ea30ac6189206783e47fb35b5c20ebecb8fd3f5,2026-06-24T12:34:33.205725+00:00
1225385416,300167,ST迪威迅,2025年年度股东会决议公告,2026-06-24,1782292928000,http://static.cninfo.com.cn/finalpage/2026-06-24/1225385416.PDF,finalpage/2026-06-24/1225385416.PDF,szse,01010503||010112||010115||011905,9900016311,9d596a8bed5d57d3159e4c765c517db65b0b5e52,2026-06-24T12:34:16.040043+00:00
1225385417,300167,ST迪威迅,北京市竞天公诚（深圳）律师事务所关于深圳市迪威迅股份有限公司2025年年度股东会的法律意见书,2026-06-24,1782292928000,http://static.cninfo.com.cn/finalpage/2026-06-24/1225385417.PDF,finalpage/2026-06-24/1225385417.PDF,szse,01010901||010112||010115||011999||012903,9900016311,48beb9d65be5cebf9c2ab18b1515ba195f9d2845,2026-06-24T12:34:16.040043+00:00
1225385509,300191,潜能恒信,关于涠洲10-3油田西区开发项目投产的公告,2026-06-24,1782293528000,http://static.cninfo.com.cn/finalpage/2026-06-24/1225385509.PDF,finalpage/2026-06-24/1225385509.PDF,szse,01010503||010112||010115||011705,9900016189,d2d33952cc6aaadb012fb6417c6b484aa7a31636,2026-06-24T12:34:16.039008+00:00
1225384930,300195,长荣股份,关于为子公司提供担保及子公司为公司提供担保的进展公告,2026-06-24,1782288728000,http://static.cninfo.com.cn/finalpage/2026-06-24/1225384930.PDF,finalpage/2026-06-24/1225384930.PDF,szse,01010503||010112||010115||011711,9900017111,e248473fc75e194a16cfa6aba86e836a73687a4b,2026-06-24T12:34:20.949861+00:00
1225383576,300199,翰宇药业,关于控股股东、实际控制人办理股票质押业务的公告,2026-06-24,1782230400000,http://static.cninfo.com.cn/finalpage/2026-06-24/1225383576.PDF,finalpage/2026-06-24/1225383576.PDF,szse,01010503||010112||010115||012307,9900017848,eaa3d1a4fb61a73770a3fcbc1de21dc5602876e8,2026-06-24T12:34:54.483341+00:00
1225383814,300207,欣旺达,《公司章程》修订对照表（2026年6月）,2026-06-24,1782230400000,http://static.cninfo.com.cn/finalpage/2026-06-24/1225383814.PDF,finalpage/2026-06-24/1225383814.PDF,szse,01010503||010112||010115||012301,9900018948,4b7e41afa2d9ed402fb6d22d3487a05a036cf6d7,2026-06-24T12:34:47.965832+00:00
1225383815,300207,欣旺达,《公司章程》（2026年6月）,2026-06-24,1782230400000,http://static.cninfo.com.cn/finalpage/2026-06-24/1225383815.PDF,finalpage/2026-06-24/1225383815.PDF,szse,01010503||010112||010115||013101,9900018948,c1325391d0c7adede9b08893e3bfd4bf07d33d91,2026-06-24T12:34:47.965430+00:00
1225383813,300207,欣旺达,《公司章程（草案）》修订对照表（H股发行上市后适用）,2026-06-24,1782230400000,http://static.cninfo.com.cn/finalpage/2026-06-24/1225383813.PDF,finalpage/2026-06-24/1225383813.PDF,szse,01010503||010112||010115||012301||013101,9900018948,06f12434d821aff0f69a777afc4d7747d1ce4222,2026-06-24T12:34:47.965832+00:00
1225383816,300207,欣旺达,《公司章程（草案）》（H股发行上市后适用）,2026-06-24,1782230400000,http://static.cninfo.com.cn/finalpage/2026-06-24/1225383816.PDF,finalpage/2026-06-24/1225383816.PDF,szse,01010503||010112||010115||013101,9900018948,3a6993b581fdf347d9e2000dc1f288a331493070,2026-06-24T12:34:47.965430+00:00
1225383810,300207,欣旺达,关于2024年限制性股票激励计划第二个归属期归属条件成就的公告,2026-06-24,1782230400000,http://static.cninfo.com.cn/finalpage/2026-06-24/1225383810.PDF,finalpage/2026-06-24/1225383810.PDF,szse,01010503||010112||010115||011303||012325,9900018948,c973a9874ebb482ee76c10d87bb35037702a2376,2026-06-24T12:34:47.965832+00:00
1225383805,300207,欣旺达,关于为子公司提供担保的公告,2026-06-24,1782230400000,http://static.cninfo.com.cn/finalpage/2026-06-24/1225383805.PDF,finalpage/2026-06-24/1225383805.PDF,szse,01010503||010112||010115||011711,9900018948,04824f7c395c108eaf13beec76cdc9364bae05de,2026-06-24T12:34:47.965832+00:00
1225383811,300207,欣旺达,关于作废2024年限制性股票激励计划部分已授予但尚未归属限制性股票的公告,2026-06-24,1782230400000,http://static.cninfo.com.cn/finalpage/2026-06-24/1225383811.PDF,finalpage/2026-06-24/1225383811.PDF,szse,01010503||010112||010115||012325,9900018948,9822b9003b1033732adcdbd28b86a6853acfced4,2026-06-24T12:34:47.965832+00:00
1225383812,300207,欣旺达,关于修订《公司章程》及公司于H股发行上市后适用的《公司章程（草案）》的公告,2026-06-24,1782230400000,http://static.cninfo.com.cn/finalpage/2026-06-24/1225383812.PDF,finalpage/2026-06-24/1225383812.PDF,szse,01010503||010112||010115||012301||013101,9900018948,9bcedecfdf90b9ec98995579d3fea1bda61f73be,2026-06-24T12:34:47.965832+00:00
1225383804,300207,欣旺达,关于召开2026年第三次临时股东会的通知,2026-06-24,1782230400000,http://static.cninfo.com.cn/finalpage/2026-06-24/1225383804.PDF,finalpage/2026-06-24/1225383804.PDF,szse,01010503||010112||010115||011901,9900018948,dd0ce59ccfd17dd736cba27b6793b911c6160f58,2026-06-24T12:34:47.965832+00:00
1225383806,300207,欣旺达,关于注销部分回购股份暨减少注册资本的公告,2026-06-24,1782230400000,http://static.cninfo.com.cn/finalpage/2026-06-24/1225383806.PDF,finalpage/2026-06-24/1225383806.PDF,szse,01010503||010112||010115||011513||012301,9900018948,f9ee41fa4482349376bb7f6951c3e9185f9bc3a6,2026-06-24T12:34:47.965832+00:00
1225383807,300207,欣旺达,关于调整2024年限制性股票激励计划的授予价格的公告,2026-06-24,1782230400000,http://static.cninfo.com.cn/finalpage/2026-06-24/1225383807.PDF,finalpage/2026-06-24/1225383807.PDF,szse,01010503||010112||010115||012325,9900018948,18e94489d4aa13ee6a0d69c0be9abadd2b43ca0a,2026-06-24T12:34:47.965832+00:00
1225383809,300207,欣旺达,广东信达律师事务所关于欣旺达电子股份有限公司2024年限制性股票激励计划调整授予价格、第二个归属期归属条件成就及作废部分已授予但尚未归属限制性股票事项的法律意见书,2026-06-24,1782230400000,http://static.cninfo.com.cn/finalpage/2026-06-24/1225383809.PDF,finalpage/2026-06-24/1225383809.PDF,szse,01010503||01010901||010112||010115||012325||012903,9900018948,7647558f69d37251168a83922d3061264f4a7fa7,2026-06-24T12:34:47.965832+00:00
1225383803,300207,欣旺达,第六届董事会第二十七次会议决议公告,2026-06-24,1782230400000,http://static.cninfo.com.cn/finalpage/2026-06-24/1225383803.PDF,finalpage/2026-06-24/1225383803.PDF,szse,01010503||010112||010115||01239901,9900018948,6afbf9cfdb9bc60e831bb5cd490b9241b85704c5,2026-06-24T12:34:47.965832+00:00
1225383808,300207,欣旺达,董事会薪酬与考核委员会关于2024年限制性股票激励计划相关事项的核查意见,2026-06-24,1782230400000,http://static.cninfo.com.cn/finalpage/2026-06-24/1225383808.PDF,finalpage/2026-06-24/1225383808.PDF,szse,01010503||010112||010115||012325||01239901,9900018948,5fddba67c79deb3befc532be00f4c3a3ff3dfd4f,2026-06-24T12:34:47.965832+00:00
1225382904,300227,光韵达,2025年限制性股票激励计划首次授予部分第一个解除限售期解除限售条件成就及回购注销部分限制性股票的法律意见书,2026-06-24,1782230400000,http://static.cninfo.com.cn/finalpage/2026-06-24/1225382904.PDF,finalpage/2026-06-24/1225382904.PDF,szse,01010503||01010901||010112||010115||012325||012903,9900019288,6d853a09493cd48cbf11c8b132f76af2cfc7533e,2026-06-24T12:35:18.999073+00:00
1225382902,300227,光韵达,关于公司 2025年限制性股票激励计划首次授予部分第一个解除限售期解除限售条件成就的公告,2026-06-24,1782230400000,http://static.cninfo.com.cn/finalpage/2026-06-24/1225382902.PDF,finalpage/2026-06-24/1225382902.PDF,szse,01010503||010112||010115||011303||012325,9900019288,5d93e0032050001d9b57456fef7249dea710df52,2026-06-24T12:35:18.999073+00:00
1225382906,300227,光韵达,关于减少注册资本、修订《公司章程》并办理工商变更登记的公告,2026-06-24,1782230400000,http://static.cninfo.com.cn/finalpage/2026-06-24/1225382906.PDF,finalpage/2026-06-24/1225382906.PDF,szse,01010503||010112||010115||012301,9900019288,1281d8554ba727b67288576af059d09a831a153d,2026-06-24T12:35:18.999073+00:00
1225382901,300227,光韵达,关于召开2026年第三次临时股东会的通知,2026-06-24,1782230400000,http://static.cninfo.com.cn/finalpage/2026-06-24/1225382901.PDF,finalpage/2026-06-24/1225382901.PDF,szse,01010503||010112||010115||011901,9900019288,0c6eca10c36803ea67bf76aac38bd86baedb23a4,2026-06-24T12:35:18.999073+00:00
1225382905,300227,光韵达,关于回购注销2025年限制性股票激励计划部分限制性股票的公告,2026-06-24,1782230400000,http://static.cninfo.com.cn/finalpage/2026-06-24/1225382905.PDF,finalpage/2026-06-24/1225382905.PDF,szse,01010503||010112||010115||011513||012325,9900019288,e0416be0d682a4b54e28c093a058d65d53449040,2026-06-24T12:35:18.999073+00:00
1225382903,300227,光韵达,独立董事专门会议关于2025年限制性股票激励计划相关事项的核查意见,2026-06-24,1782230400000,http://static.cninfo.com.cn/finalpage/2026-06-24/1225382903.PDF,finalpage/2026-06-24/1225382903.PDF,szse,01010503||01011107||010112||010115||012325||013105,9900019288,913fd4db362081f8162af2bf5eafacabe928c7bd,2026-06-24T12:35:18.999073+00:00
1225382907,300227,光韵达,章程,2026-06-24,1782230400000,http://static.cninfo.com.cn/finalpage/2026-06-24/1225382907.PDF,finalpage/2026-06-24/1225382907.PDF,szse,01010503||010112||010115||013101,9900019288,4cb5289f4117125877010b97aec49f98d3e6f44d,2026-06-24T12:35:18.999073+00:00
1225382908,300227,光韵达,章程修订对照表,2026-06-24,1782230400000,http://static.cninfo.com.cn/finalpage/2026-06-24/1225382908.PDF,finalpage/2026-06-24/1225382908.PDF,szse,01010503||010112||010115||012301,9900019288,3c8e1e510c5a89cba95c2e24706e246a3faaee57,2026-06-24T12:35:18.999073+00:00
1225382900,300227,光韵达,第六届董事会第三十三次会议决议公告,2026-06-24,1782230400000,http://static.cninfo.com.cn/finalpage/2026-06-24/1225382900.PDF,finalpage/2026-06-24/1225382900.PDF,szse,01010503||010112||010115||01239901,9900019288,b2b971ec2ba9ae264e65d109e7adbedcf2f64519,2026-06-24T12:35:18.999073+00:00
1225385089,300231,银信科技,北京银信长远科技股份有限公司公开发行可转换公司债券2026年跟踪评级报告,2026-06-24,1782290768000,http://static.cninfo.com.cn/finalpage/2026-06-24/1225385089.PDF,finalpage/2026-06-24/1225385089.PDF,szse,01010503||01010907||010112||010115||010999||0129,9900019289,26c6d38ad302024982fc84b8aa001790ce3d51a7,2026-06-24T12:34:20.023088+00:00
1225382543,300243,瑞丰高材,关于取得发明专利证书的公告,2026-06-24,1782230400000,http://static.cninfo.com.cn/finalpage/2026-06-24/1225382543.PDF,finalpage/2026-06-24/1225382543.PDF,szse,01010503||010112||010115||012305,9900020227,2b8719578fff6bcbb2b09903f8b8b257a22dc67b,2026-06-24T12:35:26.367156+00:00
1225384727,300246,宝莱特,财通证券股份有限公司关于广东宝莱特医用科技股份有限公司向不特定对象发行可转换公司债券2026年度第2次临时受托管理事务报告,2026-06-24,1782287168000,http://static.cninfo.com.cn/finalpage/2026-06-24/1225384727.PDF,finalpage/2026-06-24/1225384727.PDF,szse,01010503||01010701||010109||010112||010115||010999||0129,9900020347,c55fcf65f1d11e45d5f4b6b5eda9a4a8a08ad0f6,2026-06-24T12:34:20.949861+00:00
1225385391,300252,金信诺,关于签订募集资金四方及五方监管协议的公告,2026-06-24,1782292688000,http://static.cninfo.com.cn/finalpage/2026-06-24/1225385391.PDF,finalpage/2026-06-24/1225385391.PDF,szse,01010503||010112||010115||012315,9900020809,4ad7400bbe3f173ac547a353ccfc0907daa0cf53,2026-06-24T12:34:16.040043+00:00
1225385006,300254,仟源医药,关于子公司获得药品注册证书的公告,2026-06-24,1782289928000,http://static.cninfo.com.cn/finalpage/2026-06-24/1225385006.PDF,finalpage/2026-06-24/1225385006.PDF,szse,01010503||010112||010115||012305,9900020672,8d9a694001a645c5c9b4eea551c741db44b54916,2026-06-24T12:34:20.024089+00:00
1225382833,300255,常山药业,关于为全资子公司提供担保的进展公告,2026-06-24,1782230400000,http://static.cninfo.com.cn/finalpage/2026-06-24/1225382833.PDF,finalpage/2026-06-24/1225382833.PDF,szse,01010503||010112||010115||011711,9900020705,ae472ead826a3a2b6c028f9d57ea6490533fa9df,2026-06-24T12:35:21.152390+00:00
1225385167,300265,通光线缆,关于新增为子公司申请银行授信额度提供担保额度预计的公告,2026-06-24,1782291488000,http://static.cninfo.com.cn/finalpage/2026-06-24/1225385167.PDF,finalpage/2026-06-24/1225385167.PDF,szse,01010503||010112||010115||011709||011711,9900020970,262b4eb4a5df5003d170d6cf5c439d4e2754557c,2026-06-24T12:34:18.798292+00:00
1225385168,300265,通光线缆,关于董事离任的公告,2026-06-24,1782291488000,http://static.cninfo.com.cn/finalpage/2026-06-24/1225385168.PDF,finalpage/2026-06-24/1225385168.PDF,szse,01010503||010112||010115||012303,9900020970,ba9c8fea44d15c537dba47b7d38d25f3304e96d1,2026-06-24T12:34:18.798292+00:00
1225385166,300265,通光线缆,第六届董事会第二十次会议决议公告,2026-06-24,1782291488000,http://static.cninfo.com.cn/finalpage/2026-06-24/1225385166.PDF,finalpage/2026-06-24/1225385166.PDF,szse,01010503||010112||010115||01239901,9900020970,69b9f87566484f6b704a859a6c2ddbfcd642ae83,2026-06-24T12:34:18.798292+00:00
1225383663,300277,汽轮科技,2025年度分红派息实施公告,2026-06-24,1782230400000,http://static.cninfo.com.cn/finalpage/2026-06-24/1225383663.PDF,finalpage/2026-06-24/1225383663.PDF,szse,01010503||010112||010115||011301,9900009987,7d27d5e8b2395c6d63c281e89b0208e6be0eb770,2026-06-24T12:34:51.854617+00:00
1225383750,300294,博雅生物,公司关于2026年度续聘审计机构的公告,2026-06-24,1782230400000,http://static.cninfo.com.cn/finalpage/2026-06-24/1225383750.PDF,finalpage/2026-06-24/1225383750.PDF,szse,01010503||010112||010115||012301,9900021175,c78acf31beab938d3ebd552b07df4810fe9a3f6d,2026-06-24T12:34:49.316380+00:00
1225383749,300294,博雅生物,公司关于2026年度董事、高级管理人员薪酬方案的公告,2026-06-24,1782230400000,http://static.cninfo.com.cn/finalpage/2026-06-24/1225383749.PDF,finalpage/2026-06-24/1225383749.PDF,szse,01010503||010112||010115||012399,9900021175,2c8e32495fa51c4a5d604ee79ac7d4ad6551cee2,2026-06-24T12:34:49.316380+00:00
1225383748,300294,博雅生物,公司内部控制管理制度（2026年6月）,2026-06-24,1782230400000,http://static.cninfo.com.cn/finalpage/2026-06-24/1225383748.PDF,finalpage/2026-06-24/1225383748.PDF,szse,01010503||010112||010115||013199,9900021175,e2839da1d353f8b7d057601830163aef0176e5ca,2026-06-24T12:34:50.547402+00:00
1225383745,300294,博雅生物,公司第八届董事会第二十一次会议决议公告,2026-06-24,1782230400000,http://static.cninfo.com.cn/finalpage/2026-06-24/1225383745.PDF,finalpage/2026-06-24/1225383745.PDF,szse,01010503||010112||010115||01239901,9900021175,10d3ecb04fa74aa21af3b4b024e8bfa56630bdce,2026-06-24T12:34:50.547402+00:00
1225383747,300294,博雅生物,公司董事、高级管理人员薪酬管理制度（2026年6月）,2026-06-24,1782230400000,http://static.cninfo.com.cn/finalpage/2026-06-24/1225383747.PDF,finalpage/2026-06-24/1225383747.PDF,szse,01010503||010112||010115||013105||013199,9900021175,f325d4ac24b0cd5d312a9ffccbc7ce938dec4345,2026-06-24T12:34:50.547402+00:00
1225383746,300294,博雅生物,关于召开公司2026年第一次临时股东会的通知,2026-06-24,1782230400000,http://static.cninfo.com.cn/finalpage/2026-06-24/1225383746.PDF,finalpage/2026-06-24/1225383746.PDF,szse,01010503||010112||010115||011901,9900021175,751848cf30945de35b61abd94bdccbac40192ca5,2026-06-24T12:34:50.547402+00:00
1225382974,300305,裕兴股份,关于为子公司提供担保的进展公告,2026-06-24,1782230400000,http://static.cninfo.com.cn/finalpage/2026-06-24/1225382974.PDF,finalpage/2026-06-24/1225382974.PDF,szse,01010503||010112||010115||011711,9900013327,252b46a9c18767af3ee984c83c87dc23ff063839,2026-06-24T12:35:16.651380+00:00
1225384723,300317,珈伟新能,关于董事离任的公告,2026-06-24,1782287048000,http://static.cninfo.com.cn/finalpage/2026-06-24/1225384723.PDF,finalpage/2026-06-24/1225384723.PDF,szse,01010503||010112||010115||012303,9900022019,9ba10c0bd9adf28c31c1f026d613c3b41d4fc4dc,2026-06-24T12:34:20.949861+00:00
1225383544,300351,永贵电器,关于公司控股子公司近期收到中标通知书的公告,2026-06-24,1782230400000,http://static.cninfo.com.cn/finalpage/2026-06-24/1225383544.PDF,finalpage/2026-06-24/1225383544.PDF,szse,01010503||010112||010115||012327,9900022667,5ef9629bd16f3f7b5b268c97233dace730d9330d,2026-06-24T12:34:54.484377+00:00
1225383545,300351,永贵电器,浙江永贵电器股份有限公司向不特定对象发行可转换公司债券受托管理事务报告（2025年度）,2026-06-24,1782230400000,http://static.cninfo.com.cn/finalpage/2026-06-24/1225383545.PDF,finalpage/2026-06-24/1225383545.PDF,szse,01010503||010112||010115||010999,9900022667,4cfbcb7188dd6dc80878c6ef4c6530f5d1f1f955,2026-06-24T12:34:54.484377+00:00
1225385679,300397,天和防务,关于为控股子公司提供担保的进展公告,2026-06-24,1782294488000,http://static.cninfo.com.cn/finalpage/2026-06-24/1225385679.PDF,finalpage/2026-06-24/1225385679.PDF,szse,01010503||010112||010115||011711,9900022197,5f7a39d44bbe1af8962bb59d22162d3b332d93a5,2026-06-24T12:34:16.039008+00:00
1225383409,300404,博济医药,关于全资子公司获得发明专利证书的公告,2026-06-24,1782230400000,http://static.cninfo.com.cn/finalpage/2026-06-24/1225383409.PDF,finalpage/2026-06-24/1225383409.PDF,szse,01010503||010112||010115||012305,9900023849,ce721a4f25a06a854f200945b32c2e17d1e21ffe,2026-06-24T12:35:02.747446+00:00
1225384974,300406,九强生物,北京九强生物技术股份有限公司相关债券2026年跟踪评级报告,2026-06-24,1782289448000,http://static.cninfo.com.cn/finalpage/2026-06-24/1225384974.PDF,finalpage/2026-06-24/1225384974.PDF,szse,01010501||010112||010115||013999,9900023092,4eda6cd1dffd4ac69791529f3f53c9a87d7a19f8,2026-06-24T12:34:20.948857+00:00
1225382407,300424,航新科技,关于提前赎回航新转债的第十五次提示性公告,2026-06-24,1782230400000,http://static.cninfo.com.cn/finalpage/2026-06-24/1225382407.PDF,finalpage/2026-06-24/1225382407.PDF,szse,01010503||010112||010115||010919,9900023797,dffdf43b80d972c2e7a097ff6bdadf4c8e530467,2026-06-24T12:35:29.675004+00:00
1225384976,300427,红相股份,关于使用闲置自有资金进行委托理财的进展公告,2026-06-24,1782289568000,http://static.cninfo.com.cn/finalpage/2026-06-24/1225384976.PDF,finalpage/2026-06-24/1225384976.PDF,szse,01010503||010112||010115||011705,9900023902,ae789cadab7e83e48e52faab9094aaff2a2484c7,2026-06-24T12:34:20.948857+00:00
1225386480,300430,*ST益通,关于公司审计委员会聘任自查整改中介机构的公告,2026-06-24,1782303488000,http://static.cninfo.com.cn/finalpage/2026-06-24/1225386480.PDF,finalpage/2026-06-24/1225386480.PDF,szse,01010503||010112||010115||012301,9900023829,276dbd13312b2ec4c2de0a39b92f6da4ee6a4f4e,2026-06-24T12:34:12.264691+00:00
1225386305,300465,高伟达,2025年年度股东会决议公告,2026-06-24,1782300248000,http://static.cninfo.com.cn/finalpage/2026-06-24/1225386305.PDF,finalpage/2026-06-24/1225386305.PDF,szse,01010503||010112||010115||011905,9900023805,34b657bbe027e5551edbb91d3f96b9f0c961e8d6,2026-06-24T12:34:13.515537+00:00
1225386308,300465,高伟达,关于召开职工代表大会选举职工代表董事的公告,2026-06-24,1782300368000,http://static.cninfo.com.cn/finalpage/2026-06-24/1225386308.PDF,finalpage/2026-06-24/1225386308.PDF,szse,01010503||010112||010115||012303,9900023805,226bef0080dfbb7af5cfcc419e9920139f1d323b,2026-06-24T12:34:12.265696+00:00
1225386307,300465,高伟达,关于完成公司董事会及高级管理人员换届选举的公告,2026-06-24,1782300368000,http://static.cninfo.com.cn/finalpage/2026-06-24/1225386307.PDF,finalpage/2026-06-24/1225386307.PDF,szse,01010503||010112||010115||012303,9900023805,77271488a961ebb59c45b18ff4c43bc6cd6cbfcb,2026-06-24T12:34:12.265696+00:00
1225386306,300465,高伟达,北京市竞天公诚律师事务所关于高伟达软件股份有限公司2025年年度股东会法律意见书,2026-06-24,1782300368000,http://static.cninfo.com.cn/finalpage/2026-06-24/1225386306.PDF,finalpage/2026-06-24/1225386306.PDF,szse,01010901||010112||010115||011999||012903,9900023805,985f0658826c2ec43444b23d0557f985be997e93,2026-06-24T12:34:12.265696+00:00
1225386304,300465,高伟达,第六届董事会第一次会议决议公告,2026-06-24,1782300368000,http://static.cninfo.com.cn/finalpage/2026-06-24/1225386304.PDF,finalpage/2026-06-24/1225386304.PDF,szse,01010503||010112||010115||01239901,9900023805,d4fa0d7a74d3b369e73aea73186750dea5b27b02,2026-06-24T12:34:12.265696+00:00
1225385614,300468,四方精创,关于发行境外上市股份（H股）获得中国证监会备案的公告,2026-06-24,1782297008000,http://static.cninfo.com.cn/finalpage/2026-06-24/1225385614.PDF,finalpage/2026-06-24/1225385614.PDF,szse,01010501||010112||010115||012399,9900024029,3cdad36ea5a21258b3e2b5b614c4d2095acff8ce,2026-06-24T12:34:14.984323+00:00
1225385260,300469,信息发展,关于公司全资子公司资产解除抵押及新增抵押暨关联交易进展的公告,2026-06-24,1782296888000,http://static.cninfo.com.cn/finalpage/2026-06-24/1225385260.PDF,finalpage/2026-06-24/1225385260.PDF,szse,01010503||010112||010115||011719,9900023352,49c3313282987df8e5e5071039ae9bdc550338c3,2026-06-24T12:34:14.984323+00:00
1225385023,300471,厚普股份,关于控股子公司涉及诉讼进展的公告,2026-06-24,1782290528000,http://static.cninfo.com.cn/finalpage/2026-06-24/1225385023.PDF,finalpage/2026-06-24/1225385023.PDF,szse,01010503||010112||010115||012309,9900024541,9fbc0cb5f85d49834fe009909a5fbf996f7788cd,2026-06-24T12:34:20.023088+00:00
1225386160,300475,香农芯创,关于为全资子公司提供担保及接受关联方提供担保暨关联交易的进展公告,2026-06-24,1782298208000,http://static.cninfo.com.cn/finalpage/2026-06-24/1225386160.PDF,finalpage/2026-06-24/1225386160.PDF,szse,01010503||010112||010115||011711||011719,9900023854,4273539a9da2c2c67703d26027808d74c26cfd3b,2026-06-24T12:34:13.517056+00:00
1225385005,300492,华图山鼎,关于控股股东部分股份解除质押的公告,2026-06-24,1782289688000,http://static.cninfo.com.cn/finalpage/2026-06-24/1225385005.PDF,finalpage/2026-06-24/1225385005.PDF,szse,01010503||010112||010115||012307,9900023365,ca89c3bd640c09158b0736c1bd14f79ae429b89d,2026-06-24T12:34:20.948857+00:00
1225385309,300498,温氏股份,温氏食品集团股份有限公司向不特定对象发行可转换公司债券第二次临时受托管理事务报告（2026年度）,2026-06-24,1782296768000,http://static.cninfo.com.cn/finalpage/2026-06-24/1225385309.PDF,finalpage/2026-06-24/1225385309.PDF,szse,01010503||010112||010115||010999,9900009247,4c3e7a0c0956dbc3f75311732194593388e505ca,2026-06-24T12:34:14.984323+00:00
1225384715,300501,海顺新材,上海海顺新型药用包装材料股份有限公司向不特定对象发行可转换公司债券受托管理事务报告（2025年度）,2026-06-24,1782287408000,http://static.cninfo.com.cn/finalpage/2026-06-24/1225384715.PDF,finalpage/2026-06-24/1225384715.PDF,szse,01010503||010112||010115||010999,9900026106,3364db6139736dd9c310683d05156ec0cd62e3fa,2026-06-24T12:34:20.949861+00:00
1225385008,300511,雪榕生物,上海雪榕生物科技股份有限公司关于2026年度担保额度预计的进展公告,2026-06-24,1782289928000,http://static.cninfo.com.cn/finalpage/2026-06-24/1225385008.PDF,finalpage/2026-06-24/1225385008.PDF,szse,01010503||010112||010115||011711,9900024682,8186b826c9b0520cefd128a44109943b82b88ad6,2026-06-24T12:34:20.024089+00:00
1225385503,300515,三德科技,关于股东减持股份计划实施完成的公告,2026-06-24,1782293528000,http://static.cninfo.com.cn/finalpage/2026-06-24/1225385503.PDF,finalpage/2026-06-24/1225385503.PDF,szse,01010503||010112||010115||011501,9900029006,feaeff3c9d88cf52169e3f3930e5b1aa5bc35ee9,2026-06-24T12:34:16.040043+00:00
1225385218,300529,健帆生物,2021年健帆生物科技集团股份有限公司创业板向不特定对象发行可转换公司债券2026年跟踪评级报告,2026-06-24,1782291848000,http://static.cninfo.com.cn/finalpage/2026-06-24/1225385218.PDF,finalpage/2026-06-24/1225385218.PDF,szse,01010503||01010907||010112||010115||010999||0129,9900023090,f3835eb19ce1f6ade241125fb66ea7203fb13fb3,2026-06-24T12:34:18.797293+00:00
1225385219,300529,健帆生物,2025年度环境、社会和公司治理（ESG）报告（英文版）,2026-06-24,1782291848000,http://static.cninfo.com.cn/finalpage/2026-06-24/1225385219.PDF,finalpage/2026-06-24/1225385219.PDF,szse,01010503||010112||010115||012330,9900023090,4912ceedf85d7afa86a0c7ba2171592e5c2bec14,2026-06-24T12:34:18.797293+00:00
1225385220,300529,健帆生物,健帆生物科技集团股份有限公司创业板向不特定对象发行可转换公司债券受托管理事务报告（2025年度）,2026-06-24,1782291848000,http://static.cninfo.com.cn/finalpage/2026-06-24/1225385220.PDF,finalpage/2026-06-24/1225385220.PDF,szse,01010503||010112||010115||010999,9900023090,493c1c190b1cbe45cc754ab4efb00b8dc5bea37a,2026-06-24T12:34:18.797293+00:00
1225385918,300548,长芯博创,长芯博创科技股份有限公司关于收购控股子公司少数股东股份暨与关联方共同投资实施完成的公告,2026-06-24,1782296048000,http://static.cninfo.com.cn/finalpage/2026-06-24/1225385918.PDF,finalpage/2026-06-24/1225385918.PDF,szse,01010503||010112||010115||011705,9900026673,de1427737276db759fea731a466651892d785b83,2026-06-24T12:34:16.038001+00:00
1225385947,300560,中富通,关于控股股东、实际控制人进行股份解除质押暨部分股份再质押的公告,2026-06-24,1782296168000,http://static.cninfo.com.cn/finalpage/2026-06-24/1225385947.PDF,finalpage/2026-06-24/1225385947.PDF,szse,01010503||010112||010115||012307,9900029016,da66a4448cc2140dacc7e342515d1e8d1ed998e7,2026-06-24T12:34:16.038001+00:00
1225386381,300568,星源材质,关于公司与专业投资机构共同投资设立产业基金的公告,2026-06-24,1782301448000,http://static.cninfo.com.cn/finalpage/2026-06-24/1225386381.PDF,finalpage/2026-06-24/1225386381.PDF,szse,01010503||010112||010115||011705,9900030366,67a19f4db668db45b9da79a5a3ea4b4533caab6a,2026-06-24T12:34:12.264691+00:00
1225384721,300581,晨曦航空,西安晨曦航空科技股份有限公司关于使用部分闲置募集资金进行现金管理到期赎回的公告,2026-06-24,1782287048000,http://static.cninfo.com.cn/finalpage/2026-06-24/1225384721.PDF,finalpage/2026-06-24/1225384721.PDF,szse,01010503||010112||010115||012315,9900030082,82e4b98543e045c8b02e1187219b9908ac3a9a74,2026-06-24T12:34:20.949861+00:00
1225384722,300581,晨曦航空,西安晨曦航空科技股份有限公司关于公司取得发明专利证书的公告,2026-06-24,1782287048000,http://static.cninfo.com.cn/finalpage/2026-06-24/1225384722.PDF,finalpage/2026-06-24/1225384722.PDF,szse,01010503||010112||010115||012305,9900030082,114a56ebe96fa674ed23051d295f5a308fe4ce4c,2026-06-24T12:34:20.949861+00:00
1225382825,300586,美联新材,关于股东股份减持计划期满暨实施情况的公告,2026-06-24,1782230400000,http://static.cninfo.com.cn/finalpage/2026-06-24/1225382825.PDF,finalpage/2026-06-24/1225382825.PDF,szse,01010503||010112||010115||011501,9900028850,7083ef0ddfcf4e6b6ae27dea5767a2175461b239,2026-06-24T12:35:21.152390+00:00
1225384326,300605,恒锋信息,关于召开2026年第一次临时股东会的通知,2026-06-24,1782230400000,http://static.cninfo.com.cn/finalpage/2026-06-24/1225384326.PDF,finalpage/2026-06-24/1225384326.PDF,szse,01010503||010112||010115||011901,9900030876,b7c0ded5eff8dfeacfbbdba3815c26d5f9260879,2026-06-24T12:34:29.577804+00:00
1225384327,300605,恒锋信息,关于董事会提议向下修正“恒锋转债”转股价格的公告,2026-06-24,1782230400000,http://static.cninfo.com.cn/finalpage/2026-06-24/1225384327.PDF,finalpage/2026-06-24/1225384327.PDF,szse,01010503||010112||010115||010915,9900030876,225db6727828352bed42368621df22e384bad454,2026-06-24T12:34:29.577804+00:00
1225384324,300605,恒锋信息,恒锋信息科技股份有限公司主体及恒锋转债2026年度跟踪评级报告,2026-06-24,1782230400000,http://static.cninfo.com.cn/finalpage/2026-06-24/1225384324.PDF,finalpage/2026-06-24/1225384324.PDF,szse,01010907||010112||010115||0129,9900030876,e338c0030b53428ec6ff994f32015db6cbc5fa48,2026-06-24T12:34:29.577804+00:00
1225384325,300605,恒锋信息,第四届董事会第十七次会议决议公告,2026-06-24,1782230400000,http://static.cninfo.com.cn/finalpage/2026-06-24/1225384325.PDF,finalpage/2026-06-24/1225384325.PDF,szse,01010503||010112||010115||01239901,9900030876,1fe47d08e45c42e0a02a5e225799a3948afc1c00,2026-06-24T12:34:29.577804+00:00
1225386055,300607,拓斯达,关于为控股子公司提供担保的进展公告,2026-06-24,1782297128000,http://static.cninfo.com.cn/finalpage/2026-06-24/1225386055.PDF,finalpage/2026-06-24/1225386055.PDF,szse,01010503||010112||010115||011711,gfbj0831535,2380e7d1d1f0c1da009f03146e4876e6c5fd4034,2026-06-24T12:34:14.983815+00:00
1225383143,300618,寒锐钴业,2026年第一次临时股东会决议公告,2026-06-24,1782230400000,http://static.cninfo.com.cn/finalpage/2026-06-24/1225383143.PDF,finalpage/2026-06-24/1225383143.PDF,szse,01010503||010112||010115||011905,9900030835,231f1dfd64cbeb7a06770a94ead50d0241d855c1,2026-06-24T12:35:12.013729+00:00
1225383144,300618,寒锐钴业,北京国枫律师事务所关于南京寒锐钴业股份有限公司2026年第一次临时股东会的法律意见书,2026-06-24,1782230400000,http://static.cninfo.com.cn/finalpage/2026-06-24/1225383144.PDF,finalpage/2026-06-24/1225383144.PDF,szse,01010901||010112||010115||011999||012903,9900030835,ed8acb9d3386305cbd3c1a8c131a7533e6cd56f4,2026-06-24T12:35:12.013729+00:00
1225385969,300624,万兴科技,关于回购公司股份方案暨取得金融机构股票回购贷款承诺函的公告,2026-06-24,1782296528000,http://static.cninfo.com.cn/finalpage/2026-06-24/1225385969.PDF,finalpage/2026-06-24/1225385969.PDF,szse,01010503||010112||010115||011513||011709||012399,9900035179,95ffee1b963f17d0df67d4bc9354b4dc8fb8e2f1,2026-06-24T12:34:14.984323+00:00
1225385970,300624,万兴科技,第五届董事会第八次会议决议公告,2026-06-24,1782296408000,http://static.cninfo.com.cn/finalpage/2026-06-24/1225385970.PDF,finalpage/2026-06-24/1225385970.PDF,szse,01010503||010112||010115||01239901,9900035179,8f9e41ea79f397f056b0243ae4a6a7fe3cba05e5,2026-06-24T12:34:16.038001+00:00
1225386403,300661,圣邦股份,关于境外上市股份（H股）公开发行价格的公告,2026-06-24,1782301808000,http://static.cninfo.com.cn/finalpage/2026-06-24/1225386403.PDF,finalpage/2026-06-24/1225386403.PDF,szse,01010501||010112||010115||012399,9900024859,ad949f4e80b8ed268a72f99e103e1bfbad96148e,2026-06-24T12:34:12.264691+00:00
1225386433,300663,科蓝软件,北京科蓝软件系统股份有限公司主体及科蓝转债2026年度跟踪评级报告,2026-06-24,1782302408000,http://static.cninfo.com.cn/finalpage/2026-06-24/1225386433.PDF,finalpage/2026-06-24/1225386433.PDF,szse,01010907||010112||010115||0129,9900031461,8357cc55abb9a4c3a3a4844cb4856736f65f927b,2026-06-24T12:34:12.264691+00:00
1225385207,300677,英科医疗,关于公司及子公司提供担保事项的进展公告,2026-06-24,1782291848000,http://static.cninfo.com.cn/finalpage/2026-06-24/1225385207.PDF,finalpage/2026-06-24/1225385207.PDF,szse,01010503||010112||010115||011711,9900032727,98e02004638321f777efce89c2507d16fdcbeb07,2026-06-24T12:34:18.797293+00:00
1225385254,300685,艾德生物,关于回购股份比例达到2%的进展公告,2026-06-24,1782292088000,http://static.cninfo.com.cn/finalpage/2026-06-24/1225385254.PDF,finalpage/2026-06-24/1225385254.PDF,szse,01010503||010112||010115||011513,9900031703,2a13da121ef5b1c6a1d21461333ec020aa00c27e,2026-06-24T12:34:18.797293+00:00
1225385113,300692,中赋科技,关于子公司融资并由公司提供担保的进展公告,2026-06-24,1782291728000,http://static.cninfo.com.cn/finalpage/2026-06-24/1225385113.PDF,finalpage/2026-06-24/1225385113.PDF,szse,01010503||010112||010115||011711,9900033180,8a349baacd729bb192b6d6a02a10861e27a2e852,2026-06-24T12:34:18.798292+00:00
1225385114,300692,中赋科技,安徽中赋源创科技集团股份有限公司向不特定对象发行可转换公司债券受托管理事务报告（2025 年度）,2026-06-24,1782291728000,http://static.cninfo.com.cn/finalpage/2026-06-24/1225385114.PDF,finalpage/2026-06-24/1225385114.PDF,szse,01010503||010112||010115||010999,9900033180,c4ec1543ca3b11f8ddadc13906de92f1828d060f,2026-06-24T12:34:18.798292+00:00
1225385004,300696,爱乐达,关于完成工商变更登记及公司章程备案的公告,2026-06-24,1782289928000,http://static.cninfo.com.cn/finalpage/2026-06-24/1225385004.PDF,finalpage/2026-06-24/1225385004.PDF,szse,01010503||010112||010115||012301,9900033185,225271b2adc52649a7062887229b753db8891a7e,2026-06-24T12:34:20.024089+00:00
1225384707,300703,创源股份,关于选举代表公司执行事务的董事暨法定代表人的公告,2026-06-24,1782290162000,http://static.cninfo.com.cn/finalpage/2026-06-24/1225384707.PDF,finalpage/2026-06-24/1225384707.PDF,szse,01010503||010112||010115||012303,9900031820,7eece9bea2137aba96b1c6c8a1b40dfabe8e64b9,2026-06-24T12:34:20.024089+00:00
1225384706,300703,创源股份,第四届董事会第十七次会议决议公告,2026-06-24,1782290162000,http://static.cninfo.com.cn/finalpage/2026-06-24/1225384706.PDF,finalpage/2026-06-24/1225384706.PDF,szse,01010503||010112||010115||01239901,9900031820,41918a467c75732964edc5334a1eb48bae1a320d,2026-06-24T12:34:20.024089+00:00
1225384975,300705,九典制药,湖南九典制药股份有限公司创业板向不特定对象发行可转换公司债券定期跟踪评级报告,2026-06-24,1782289328000,http://static.cninfo.com.cn/finalpage/2026-06-24/1225384975.PDF,finalpage/2026-06-24/1225384975.PDF,szse,01010503||01010907||010112||010115||010999||0129,gfbj0832933,a4373e8dbf8ee77496bb69c77759854767bc48cc,2026-06-24T12:34:20.948857+00:00
1225385165,300706,阿石创,关于控股股东及其一致行动人协议转让公司部分股份完成过户登记的公告,2026-06-24,1782291488000,http://static.cninfo.com.cn/finalpage/2026-06-24/1225385165.PDF,finalpage/2026-06-24/1225385165.PDF,szse,01010503||010112||010115||011501||011507,9900032566,2256ae4014937b69b9490292c3baba83611aa768,2026-06-24T12:34:20.022085+00:00
1225386285,300716,*ST泉为,关于拟签署共益债融资协议的公告,2026-06-24,1782300128000,http://static.cninfo.com.cn/finalpage/2026-06-24/1225386285.PDF,finalpage/2026-06-24/1225386285.PDF,szse,01010501||010112||010115||012399,9900034391,6c332e43909033578822d093e7c173cded609141,2026-06-24T12:34:13.515537+00:00
1225386284,300716,*ST泉为,第四届董事会第四十七次会议决议公告,2026-06-24,1782300248000,http://static.cninfo.com.cn/finalpage/2026-06-24/1225386284.PDF,finalpage/2026-06-24/1225386284.PDF,szse,01010503||010112||010115||01239901,9900034391,1f391dcac4f3c34affd9dc98e25a0c87c769df9a,2026-06-24T12:34:13.515537+00:00
1225382758,300723,一品红,关于公司股东部分股份质押展期的公告,2026-06-24,1782230400000,http://static.cninfo.com.cn/finalpage/2026-06-24/1225382758.PDF,finalpage/2026-06-24/1225382758.PDF,szse,01010503||010112||010115||012307,9900033062,4aa67b26daba9dd371abb3066a46e757625a78d7,2026-06-24T12:35:21.153394+00:00
1225385208,300729,乐歌股份,乐歌人体工学科技股份有限公司2026年跟踪评级报告,2026-06-24,1782291848000,http://static.cninfo.com.cn/finalpage/2026-06-24/1225385208.PDF,finalpage/2026-06-24/1225385208.PDF,szse,01010501||010112||010115||013999,9900034350,0be8728275d7749125d2fa6bd9df4f452e3e1760,2026-06-24T12:34:18.797293+00:00
1225386277,300739,明阳电路,关于签订募集资金四方监管协议的公告,2026-06-24,1782299768000,http://static.cninfo.com.cn/finalpage/2026-06-24/1225386277.PDF,finalpage/2026-06-24/1225386277.PDF,szse,01010503||010112||010115||012315,9900035314,1109d1c4b35340abc04359cd643eab3740e6c2c7,2026-06-24T12:34:13.515537+00:00
1225384745,300740,水羊股份,水羊集团股份有限公司向不特定对象发行可转换公司债券受托管理事务报告（2025年度）,2026-06-24,1782289088000,http://static.cninfo.com.cn/finalpage/2026-06-24/1225384745.PDF,finalpage/2026-06-24/1225384745.PDF,szse,01010503||01010701||010109||010112||010115||010999||0129,9900035088,dec930b1c0e2e528839ba91e8560e972cf9bd4fa,2026-06-24T12:34:20.948857+00:00
1225386300,300748,金力永磁,关于拟受让包头稀土产品交易所有限公司部分股权的公告,2026-06-24,1782300619000,http://static.cninfo.com.cn/finalpage/2026-06-24/1225386300.PDF,finalpage/2026-06-24/1225386300.PDF,szse,01010501||010112||010115||012399,gfbj0835009,71e3c7ec429e0dd3217736402cbddc250b6dd1e3,2026-06-24T12:34:12.264691+00:00
1225385610,300760,迈瑞医疗,关于控股股东部分股份质押的公告,2026-06-24,1782293888000,http://static.cninfo.com.cn/finalpage/2026-06-24/1225385610.PDF,finalpage/2026-06-24/1225385610.PDF,szse,01010503||010112||010115||012307,9900035304,d944b9db82198113ea4295aea476e1ff8dbc5a36,2026-06-24T12:34:16.039008+00:00
1225385118,300762,上海瀚讯,2025年度向特定对象发行A股股票募集说明书（注册稿）,2026-06-24,1782291728000,http://static.cninfo.com.cn/finalpage/2026-06-24/1225385118.PDF,finalpage/2026-06-24/1225385118.PDF,szse,01010501||010112||010115||010705,9900036064,151cd54780f2e983988d1b050d952b994b76af6b,2026-06-24T12:34:18.798292+00:00
1225385117,300762,上海瀚讯,关于向特定对象发行股票申请获得中国证监会同意注册批复的公告,2026-06-24,1782291728000,http://static.cninfo.com.cn/finalpage/2026-06-24/1225385117.PDF,finalpage/2026-06-24/1225385117.PDF,szse,01010503||010112||010115||010703,9900036064,2d60804a705e1a80607bc9cb0891d7e19f6e486f,2026-06-24T12:34:18.798292+00:00
1225385385,300772,运达股份,关于全资控股公司100%股权在产权交易机构产权转让预披露信息的提示性公告,2026-06-24,1782292448000,http://static.cninfo.com.cn/finalpage/2026-06-24/1225385385.PDF,finalpage/2026-06-24/1225385385.PDF,szse,01010503||010112||010115||011507||012399,9900036169,9fba98d0b6c1ba22f9aced5c85de9686d3bcfa9d,2026-06-24T12:34:18.796287+00:00
1225384824,300772,运达股份,运达能源科技集团股份有限公司公司债券受托管理事务报告（2025年度）,2026-06-24,1782288130000,http://static.cninfo.com.cn/finalpage/2026-06-24/1225384824.PDF,finalpage/2026-06-24/1225384824.PDF,szse,01010501||010112||010115||013999,9900036169,2ae6a8f8d50ae2ab45578591c946e33724483757,2026-06-24T12:34:20.949861+00:00
1225385258,300775,三角防务,西安三角防务股份有限公司向不特定对象发行可转换公司债券2026年度跟踪评级报告,2026-06-24,1782296648000,http://static.cninfo.com.cn/finalpage/2026-06-24/1225385258.PDF,finalpage/2026-06-24/1225385258.PDF,szse,01010503||01010907||010112||010115||010999||0129,gfbj0836582,c672da0198391e8d26280bb9c5eab493c6b47b08,2026-06-24T12:34:14.984323+00:00
1225386255,300778,新城市,关于持股5%以上股东减持计划时间届满暨减持结果的公告,2026-06-24,1782299528000,http://static.cninfo.com.cn/finalpage/2026-06-24/1225386255.PDF,finalpage/2026-06-24/1225386255.PDF,szse,01010503||010112||010115||011501,9900035997,20858724a8d821bad0838a9c3313fa018907b184,2026-06-24T12:34:13.515537+00:00
1225385201,300783,三只松鼠,关于2024年员工持股计划预留份额非交易过户完成的公告,2026-06-24,1782291728000,http://static.cninfo.com.cn/finalpage/2026-06-24/1225385201.PDF,finalpage/2026-06-24/1225385201.PDF,szse,01010503||010112||010115||011507||012399,9900035084,4dfc50141bd1aabf56bc53acfc4a1473b81dfaf9,2026-06-24T12:34:18.797293+00:00
1225385200,300783,三只松鼠,关于回购股份实施结果的公告,2026-06-24,1782291728000,http://static.cninfo.com.cn/finalpage/2026-06-24/1225385200.PDF,finalpage/2026-06-24/1225385200.PDF,szse,01010503||010112||010115||011513,9900035084,ffd15baa53dc3cf1f2c77859155b57f83440c71c,2026-06-24T12:34:18.798292+00:00
1225385948,300793,佳禾智能,佳禾智能科技股份有限公司相关债券2026年跟踪评级报告,2026-06-24,1782296168000,http://static.cninfo.com.cn/finalpage/2026-06-24/1225385948.PDF,finalpage/2026-06-24/1225385948.PDF,szse,01010501||010112||010115||013999,9900037230,9e29b2fc0feac549723ec381b6ad53d8c5714c09,2026-06-24T12:34:16.038001+00:00
1225385257,300802,矩子科技,关于控股股东、实际控制人及其一致行动人部分股份质押及解除质押的公告,2026-06-24,1782292088000,http://static.cninfo.com.cn/finalpage/2026-06-24/1225385257.PDF,finalpage/2026-06-24/1225385257.PDF,szse,01010503||010112||010115||012307,9900037305,3715e9ac797eed306e433250432d8ddbd9fe1058,2026-06-24T12:34:18.797293+00:00
1225386167,300803,指南针,关于2026年股票期权激励计划授予登记完成的公告,2026-06-24,1782298208000,http://static.cninfo.com.cn/finalpage/2026-06-24/1225386167.PDF,finalpage/2026-06-24/1225386167.PDF,szse,01010503||010112||010115||012325,9900002141,0dcad3052a4e0a180013c16d74739b6f1b99b3b5,2026-06-24T12:34:13.515537+00:00
1225384719,300806,斯迪克,关于控股股东部分股份解除质押的公告,2026-06-24,1782287048000,http://static.cninfo.com.cn/finalpage/2026-06-24/1225384719.PDF,finalpage/2026-06-24/1225384719.PDF,szse,01010503||010112||010115||012307,9900024958,6ab0a00fbe014f586242af3aa878d7d2b0cc081d,2026-06-24T12:34:20.950865+00:00
1225385404,300818,耐普矿机,关于使用部分闲置募集资金进行现金管理的进展公告,2026-06-24,1782292688000,http://static.cninfo.com.cn/finalpage/2026-06-24/1225385404.PDF,finalpage/2026-06-24/1225385404.PDF,szse,01010503||010112||010115||012315,gfbj0834947,9c93513fef6062f9ee6f96aa4f942b2d72251656,2026-06-24T12:34:16.040043+00:00
1225383024,300818,耐普矿机,关于变更公司住所名称及修订《公司章程》的公告,2026-06-24,1782230400000,http://static.cninfo.com.cn/finalpage/2026-06-24/1225383024.PDF,finalpage/2026-06-24/1225383024.PDF,szse,01010503||010112||010115||012301,gfbj0834947,3cb33744a3cb725100b44f078c23c7e8007bef92,2026-06-24T12:35:15.301145+00:00
1225383023,300818,耐普矿机,关于召开2026年第二次临时股东会的通知,2026-06-24,1782230400000,http://static.cninfo.com.cn/finalpage/2026-06-24/1225383023.PDF,finalpage/2026-06-24/1225383023.PDF,szse,01010503||010112||010115||011901,gfbj0834947,40c9af74cedaac4d8ff7730d66c87b5e5aa5ae74,2026-06-24T12:35:15.301145+00:00
1225383026,300818,耐普矿机,江西耐普矿机股份有限公司章程,2026-06-24,1782230400000,http://static.cninfo.com.cn/finalpage/2026-06-24/1225383026.PDF,finalpage/2026-06-24/1225383026.PDF,szse,01010503||010112||010115||013101,gfbj0834947,1caca493d23ddbceea701b5ef4ccad71cbb050c7,2026-06-24T12:35:15.301145+00:00
1225383022,300818,耐普矿机,第六届董事会第四次会议决议公告,2026-06-24,1782230400000,http://static.cninfo.com.cn/finalpage/2026-06-24/1225383022.PDF,finalpage/2026-06-24/1225383022.PDF,szse,01010503||010112||010115||01239901,gfbj0834947,3342b66e92f15b878405a7597857a4cdc7237be0,2026-06-24T12:35:15.301145+00:00
1225383025,300818,耐普矿机,董事及高级管理人员薪酬管理制度,2026-06-24,1782230400000,http://static.cninfo.com.cn/finalpage/2026-06-24/1225383025.PDF,finalpage/2026-06-24/1225383025.PDF,szse,01010503||010112||010115||013105||013199,gfbj0834947,19ffd2d146a87a30f5e3128465ccc635fa117bb3,2026-06-24T12:35:15.301145+00:00
1225385418,300824,北鼎股份,关于为全资子公司向银行申请授信提供担保的进展公告,2026-06-24,1782292928000,http://static.cninfo.com.cn/finalpage/2026-06-24/1225385418.PDF,finalpage/2026-06-24/1225385418.PDF,szse,01010503||010112||010115||011709||011711,gfbj0430532,87717d16b3905efe5446cc9bc3d26b285f2a4f72,2026-06-24T12:34:16.040043+00:00
1225385204,300827,上能电气,关于公司2026年限制性股票激励计划内幕信息知情人及激励对象买卖公司股票情况的自查报告,2026-06-24,1782291848000,http://static.cninfo.com.cn/finalpage/2026-06-24/1225385204.PDF,finalpage/2026-06-24/1225385204.PDF,szse,01010503||010112||010115||012317||012325,9900034074,0732a110e068bbfb189082801207700f51ef29ff,2026-06-24T12:34:18.797293+00:00
1225385822,300828,锐新科技,2026年第一次临时股东会决议公告,2026-06-24,1782295328000,http://static.cninfo.com.cn/finalpage/2026-06-24/1225385822.PDF,finalpage/2026-06-24/1225385822.PDF,szse,01010503||010112||010115||011905,9900024208,e58c3e7ec9878788244374a59504081553ecc063,2026-06-24T12:34:16.039008+00:00
1225385823,300828,锐新科技,安徽天禾律师事务所关于天津锐新昌科技股份有限公司2026年第一次临时股东会之法律意见书,2026-06-24,1782295328000,http://static.cninfo.com.cn/finalpage/2026-06-24/1225385823.PDF,finalpage/2026-06-24/1225385823.PDF,szse,01010901||010112||010115||011999||012903,9900024208,e15756c845b37a7553041668443672116b40af65,2026-06-24T12:34:16.039008+00:00
1225384774,300837,浙矿股份,浙矿重工股份有限公司向不特定对象发行可转换公司债券受托管理事务报告（2025年度）,2026-06-24,1782288608000,http://static.cninfo.com.cn/finalpage/2026-06-24/1225384774.PDF,finalpage/2026-06-24/1225384774.PDF,szse,01010503||010112||010115||010999,9900031736,0987d8c9d463eef5153e98e62d663390ea936e97,2026-06-24T12:34:20.949861+00:00
1225386309,300842,帝科股份,关于控股股东、实际控制人股份解除质押的公告,2026-06-24,1782300368000,http://static.cninfo.com.cn/finalpage/2026-06-24/1225386309.PDF,finalpage/2026-06-24/1225386309.PDF,szse,01010503||010112||010115||012307,9900038394,244171cf2984fe5e7001a98f64091224a0f09842,2026-06-24T12:34:12.265696+00:00
1225385079,300848,美瑞新材,关于为子公司提供担保的进展公告,2026-06-24,1782290768000,http://static.cninfo.com.cn/finalpage/2026-06-24/1225385079.PDF,finalpage/2026-06-24/1225385079.PDF,szse,01010503||010112||010115||011711,gfbj0834779,194bc5b56d1e105e8daafd4844cb808a1009ae67,2026-06-24T12:34:20.023088+00:00
1225385468,300854,中兰环保,关于拟中标项目的提示性公告,2026-06-24,1782293288000,http://static.cninfo.com.cn/finalpage/2026-06-24/1225385468.PDF,finalpage/2026-06-24/1225385468.PDF,szse,01010503||010112||010115||012327,gfbj0833418,d905b6dc878c873ad0a1a3ea162345578fd4f97e,2026-06-24T12:34:16.040043+00:00
1225385305,300869,康泰医学,关于可转换公司债券2026年付息公告,2026-06-24,1782296768000,http://static.cninfo.com.cn/finalpage/2026-06-24/1225385305.PDF,finalpage/2026-06-24/1225385305.PDF,szse,01010503||010112||010115||010921||010999,gfbj0835604,83c87bc8bc63a1383216093f8f883f51976a2320,2026-06-24T12:34:14.984323+00:00
1225386233,300873,海晨股份,2025年年度权益分派实施公告,2026-06-24,1782299048000,http://static.cninfo.com.cn/finalpage/2026-06-24/1225386233.PDF,finalpage/2026-06-24/1225386233.PDF,szse,01010503||010112||010115||011301,9900039819,22da25d7bb42d004c2612a1b4027ecc745f379ad,2026-06-24T12:34:13.515537+00:00
1225386425,300900,广联航空,关于特定股东减持计划实施完毕的公告,2026-06-24,1782301928000,http://static.cninfo.com.cn/finalpage/2026-06-24/1225386425.PDF,finalpage/2026-06-24/1225386425.PDF,szse,01010503||010112||010115||011501,9900033921,ad6dfb445eeadd1679163bd15802411224d34133,2026-06-24T12:34:12.264691+00:00
1225384831,300900,广联航空,关于签订日常经营重大销售合同的公告,2026-06-24,1782288128000,http://static.cninfo.com.cn/finalpage/2026-06-24/1225384831.PDF,finalpage/2026-06-24/1225384831.PDF,szse,01010503||010112||010115||012327,9900033921,58a66a1b2a7f1b7a3af080e1015c609921ad690d,2026-06-24T12:34:20.949861+00:00
1225385256,300901,中胤时尚,关于控股股东股份质押的公告,2026-06-24,1782292088000,http://static.cninfo.com.cn/finalpage/2026-06-24/1225385256.PDF,finalpage/2026-06-24/1225385256.PDF,szse,01010503||010112||010115||012307,9900039768,7088d063df47025498d4d7d7439caf4b7682bf57,2026-06-24T12:34:18.797293+00:00
1225385115,300909,汇创达,关于控股股东部分股份解除质押的公告,2026-06-24,1782290888000,http://static.cninfo.com.cn/finalpage/2026-06-24/1225385115.PDF,finalpage/2026-06-24/1225385115.PDF,szse,01010503||010112||010115||012307,gfbj0837029,2a403a3f455e7584ebac48d6171b00115bebc0d9,2026-06-24T12:34:20.023088+00:00
1225386364,300937,药易购,2026年第一次临时股东会决议公告,2026-06-24,1782301088000,http://static.cninfo.com.cn/finalpage/2026-06-24/1225386364.PDF,finalpage/2026-06-24/1225386364.PDF,szse,01010503||010112||010115||011905,9900039717,a321dbd861f59fc9071e791e2d498d18c9dbaa80,2026-06-24T12:34:12.264691+00:00
1225386365,300937,药易购,北京国枫（成都）律师事务所关于四川合纵药易购医药股份有限公司2026年第一次临时股东会的法律意见书,2026-06-24,1782300968000,http://static.cninfo.com.cn/finalpage/2026-06-24/1225386365.PDF,finalpage/2026-06-24/1225386365.PDF,szse,01010901||010112||010115||011999||012903,9900039717,524362c8f5df8d03dc1004c2b4097f3778ba1a6a,2026-06-24T12:34:12.264691+00:00
1225383020,300945,曼卡龙,2026年第三次临时股东会决议公告,2026-06-24,1782230400000,http://static.cninfo.com.cn/finalpage/2026-06-24/1225383020.PDF,finalpage/2026-06-24/1225383020.PDF,szse,01010503||010112||010115||011905,9900030779,7aea881d6615f13313d86b509149fd74f2f02dc5,2026-06-24T12:35:15.301145+00:00
1225383021,300945,曼卡龙,国浩律师（杭州）事务所关于曼卡龙珠宝股份有限公司2026年第三次临时股东会的法律意见书,2026-06-24,1782230400000,http://static.cninfo.com.cn/finalpage/2026-06-24/1225383021.PDF,finalpage/2026-06-24/1225383021.PDF,szse,01010901||010112||010115||011999||012903,9900030779,448fddd7cc39325d78b1bb51fc11914c1f390ca9,2026-06-24T12:35:15.301145+00:00
1225385615,300948,冠中生态,青岛冠中生态股份有限公司2026年度跟踪评级报告,2026-06-24,1782294008000,http://static.cninfo.com.cn/finalpage/2026-06-24/1225385615.PDF,finalpage/2026-06-24/1225385615.PDF,szse,01010501||010112||010115||013999,gfbj0834265,ae02b789291773f86e6271edc874e32757a78494,2026-06-24T12:34:16.039008+00:00
1225384716,300949,奥雅股份,关于完成变更注册资本暨修订《公司章程》工商变更登记的公告,2026-06-24,1782287048000,http://static.cninfo.com.cn/finalpage/2026-06-24/1225384716.PDF,finalpage/2026-06-24/1225384716.PDF,szse,01010503||010112||010115||012301,9900033217,52c847651f8178e3c1984f20854e2df6ff516df8,2026-06-24T12:34:22.213097+00:00
1225384980,300951,博硕科技,深圳市博硕科技股份有限公司关于完成工商变更登记并换发营业执照的公告,2026-06-24,1782289448000,http://static.cninfo.com.cn/finalpage/2026-06-24/1225384980.PDF,finalpage/2026-06-24/1225384980.PDF,szse,01010503||010112||010115||012301||012399,nssc1000354,b8e6987a05894f16c5f896f0602f01f6ff930fe8,2026-06-24T12:34:20.948857+00:00
1225384718,300952,恒辉安防,关于完成工商变更登记并换发营业执照的公告,2026-06-24,1782287048000,http://static.cninfo.com.cn/finalpage/2026-06-24/1225384718.PDF,finalpage/2026-06-24/1225384718.PDF,szse,01010503||010112||010115||012301||012399,9900039774,1497731893e3449e6069e7bbc3a61922e77960f2,2026-06-24T12:34:22.213097+00:00
1225385505,300953,震裕科技,关于向不特定对象发行可转换公司债券提交募集说明书(注册稿)等申请文件的提示性公告,2026-06-24,1782297008000,http://static.cninfo.com.cn/finalpage/2026-06-24/1225385505.PDF,finalpage/2026-06-24/1225385505.PDF,szse,01010501||01010503||010112||010115||010905||010999,9900031708,6b0115627b5aa4046f7a3e053106b7ab28555686,2026-06-24T12:34:14.984323+00:00
1225385506,300953,震裕科技,向不特定对象发行可转换公司债券募集说明书（注册稿）,2026-06-24,1782297008000,http://static.cninfo.com.cn/finalpage/2026-06-24/1225385506.PDF,finalpage/2026-06-24/1225385506.PDF,szse,01010501||010112||010115||010905,9900031708,1ca72f86001df69f5920b76e86bd2630994c873c,2026-06-24T12:34:14.984323+00:00
1225385508,300953,震裕科技,广发证券股份有限公司关于宁波震裕科技股份有限公司向不特定对象发行可转换公司债券之上市保荐书,2026-06-24,1782297008000,http://static.cninfo.com.cn/finalpage/2026-06-24/1225385508.PDF,finalpage/2026-06-24/1225385508.PDF,szse,01010701||010112||010115||012911,9900031708,af652ed8d4f8e389bdf2d1d643626f97732f0a98,2026-06-24T12:34:14.984323+00:00
1225385507,300953,震裕科技,广发证券股份有限公司关于宁波震裕科技股份有限公司向不特定对象发行可转换公司债券之发行保荐书,2026-06-24,1782297008000,http://static.cninfo.com.cn/finalpage/2026-06-24/1225385507.PDF,finalpage/2026-06-24/1225385507.PDF,szse,01010701||010112||010115||012911,9900031708,63b8beb03f25be525e934551798fa45d46f5e0ea,2026-06-24T12:34:14.984323+00:00
1225385310,300973,立高食品,关于立高转债恢复转股的公告,2026-06-24,1782292208000,http://static.cninfo.com.cn/finalpage/2026-06-24/1225385310.PDF,finalpage/2026-06-24/1225385310.PDF,szse,01010503||010112||010115||010915,9900041484,0ca56c6099947b4520f75165d92741412b849f47,2026-06-24T12:34:18.797293+00:00
1225384770,300973,立高食品,立高食品股份有限公司向不特定对象发行可转换公司债券2025年度受托管理事务报告,2026-06-24,1782287648000,http://static.cninfo.com.cn/finalpage/2026-06-24/1225384770.PDF,finalpage/2026-06-24/1225384770.PDF,szse,01010503||010112||010115||010999,9900041484,88c0dc4ca9b5822af6fcac28b5028aee1d040d56,2026-06-24T12:34:20.949861+00:00
1225385677,300975,商络电子,关于公司担保情况的进展公告,2026-06-24,1782294488000,http://static.cninfo.com.cn/finalpage/2026-06-24/1225385677.PDF,finalpage/2026-06-24/1225385677.PDF,szse,01010503||010112||010115||011711,gfbj0835125,2a145e727bdfe2236e5ac5e9c310c320377d125a,2026-06-24T12:34:16.039008+00:00
1225385304,300985,致远新能,关于控股股东之一致行动人部分股份质押的公告,2026-06-24,1782292328000,http://static.cninfo.com.cn/finalpage/2026-06-24/1225385304.PDF,finalpage/2026-06-24/1225385304.PDF,szse,01010503||010112||010115||012307,nssc1000526,0676aa2500d519bfda0cb806da2a7a45527bfec2,2026-06-24T12:34:18.796287+00:00
1225386014,300986,志特新材,关于为子公司提供担保的进展公告,2026-06-24,1782296768000,http://static.cninfo.com.cn/finalpage/2026-06-24/1225386014.PDF,finalpage/2026-06-24/1225386014.PDF,szse,01010503||010112||010115||011711,gfbj0839065,aa79a8124bcb206869d2b0c50e21a91d35a60bf7,2026-06-24T12:34:14.984323+00:00
1225383011,300995,奇德新材,信永中和会计师事务所（特殊普通合伙）关于广东奇德新材料股份有限公司以募集资金置换预先已投入募投项目及已支付发行费用的自筹资金的鉴证报告,2026-06-24,1782230400000,http://static.cninfo.com.cn/finalpage/2026-06-24/1225383011.PDF,finalpage/2026-06-24/1225383011.PDF,szse,01010903||010112||010115||0129,nssc1000230,2984f07fea7f449f96d99ec7edb3ceca89ff0473,2026-06-24T12:35:16.649870+00:00
1225383009,300995,奇德新材,关于使用募集资金置换已预先投入募投项目及已支付发行费用的自筹资金的公告,2026-06-24,1782230400000,http://static.cninfo.com.cn/finalpage/2026-06-24/1225383009.PDF,finalpage/2026-06-24/1225383009.PDF,szse,01010503||010112||010115||012315,nssc1000230,1299e5edb9c7caae85d1c6a4b5cf9fc405446c5b,2026-06-24T12:35:16.650876+00:00
1225383005,300995,奇德新材,关于使用部分暂时闲置募集资金进行现金管理的公告,2026-06-24,1782230400000,http://static.cninfo.com.cn/finalpage/2026-06-24/1225383005.PDF,finalpage/2026-06-24/1225383005.PDF,szse,01010503||010112||010115||012315,nssc1000230,97798e9705eb40498959ebded6259f6cf32311fa,2026-06-24T12:35:16.650876+00:00
1225383013,300995,奇德新材,关于变更部分募集资金投资项目实施主体的公告,2026-06-24,1782230400000,http://static.cninfo.com.cn/finalpage/2026-06-24/1225383013.PDF,finalpage/2026-06-24/1225383013.PDF,szse,01010503||010112||010115||011705||012315,nssc1000230,df35c549b4020a069276c21969d99b69dc174535,2026-06-24T12:35:16.649870+00:00
1225383008,300995,奇德新材,关于召开2026年第二次临时股东会的通知,2026-06-24,1782230400000,http://static.cninfo.com.cn/finalpage/2026-06-24/1225383008.PDF,finalpage/2026-06-24/1225383008.PDF,szse,01010503||010112||010115||011901,nssc1000230,758996697037aa3c9e7e09d8e42d01bfbc37269d,2026-06-24T12:35:16.650876+00:00
1225383014,300995,奇德新材,关于增加注册资本、修订《公司章程》并办理工商变更登记及修订公司部分治理制度的公告,2026-06-24,1782230400000,http://static.cninfo.com.cn/finalpage/2026-06-24/1225383014.PDF,finalpage/2026-06-24/1225383014.PDF,szse,01010503||010112||010115||012301,nssc1000230,189854bd7e8b7f1554eff20b90fd084b55fba135,2026-06-24T12:35:16.649870+00:00
1225383012,300995,奇德新材,关于签订募集资金三方监管协议的公告,2026-06-24,1782230400000,http://static.cninfo.com.cn/finalpage/2026-06-24/1225383012.PDF,finalpage/2026-06-24/1225383012.PDF,szse,01010503||010112||010115||012315,nssc1000230,db8b3f4141e67b4bd94ad42629e8096f7ce5cccf,2026-06-24T12:35:16.649870+00:00
1225383016,300995,奇德新材,内部审计制度,2026-06-24,1782230400000,http://static.cninfo.com.cn/finalpage/2026-06-24/1225383016.PDF,finalpage/2026-06-24/1225383016.PDF,szse,01010503||010112||010115||013199,nssc1000230,be7c86d0d7ffc0a5567f23fbc4db047e381dce94,2026-06-24T12:35:16.649870+00:00
1225383010,300995,奇德新材,国信证券股份有限公司关于广东奇德新材料股份有限公司使用募集资金置换预先投入募投项目及已支付发行费用的自筹资金的核查意见,2026-06-24,1782230400000,http://static.cninfo.com.cn/finalpage/2026-06-24/1225383010.PDF,finalpage/2026-06-24/1225383010.PDF,szse,010109||010112||010115||0129,nssc1000230,72c0543da6b969ab31b14ef5cd50d9b818a2c08b,2026-06-24T12:35:16.650876+00:00
1225383006,300995,奇德新材,国信证券股份有限公司关于广东奇德新材料股份有限公司使用部分闲置募集资金进行现金管理的核查意见,2026-06-24,1782230400000,http://static.cninfo.com.cn/finalpage/2026-06-24/1225383006.PDF,finalpage/2026-06-24/1225383006.PDF,szse,010109||010112||010115||0129,nssc1000230,5ee7328036408ec05b84f2d1697afe468449b34b,2026-06-24T12:35:16.650876+00:00
1225383019,300995,奇德新材,国信证券股份有限公司关于广东奇德新材料股份有限公司变更部分募集资金投资项目实施主体的核查意见,2026-06-24,1782230400000,http://static.cninfo.com.cn/finalpage/2026-06-24/1225383019.PDF,finalpage/2026-06-24/1225383019.PDF,szse,010109||010112||010115||0129,nssc1000230,7a469dc0abd7f1f53ea6a2209ca0ea316867c073,2026-06-24T12:35:15.301145+00:00
1225383015,300995,奇德新材,章程,2026-06-24,1782230400000,http://static.cninfo.com.cn/finalpage/2026-06-24/1225383015.PDF,finalpage/2026-06-24/1225383015.PDF,szse,01010503||010112||010115||013101,nssc1000230,159ec44fc76b3465f44bb008051c745a6cb535ed,2026-06-24T12:35:16.649870+00:00
1225383007,300995,奇德新材,第五届董事会第三次会议决议公告,2026-06-24,1782230400000,http://static.cninfo.com.cn/finalpage/2026-06-24/1225383007.PDF,finalpage/2026-06-24/1225383007.PDF,szse,01010503||010112||010115||01239901,nssc1000230,47f358b7ce78b27d5d59a2b41bfc874d16dd7096,2026-06-24T12:35:16.650876+00:00
1225383018,300995,奇德新材,股东会议事规则,2026-06-24,1782230400000,http://static.cninfo.com.cn/finalpage/2026-06-24/1225383018.PDF,finalpage/2026-06-24/1225383018.PDF,szse,01010503||010112||010115||013103||013199,nssc1000230,354fa7c5bfb20b03800294e694991e2f20a997cd,2026-06-24T12:35:15.301145+00:00
1225383017,300995,奇德新材,董事会秘书工作细则,2026-06-24,1782230400000,http://static.cninfo.com.cn/finalpage/2026-06-24/1225383017.PDF,finalpage/2026-06-24/1225383017.PDF,szse,01010503||010112||010115||013105||013199,nssc1000230,42f9995f44c3d342bbdbdc98282b014a96df20b3,2026-06-24T12:35:16.649870+00:00
1225385303,300998,宁波方正,关于为子公司提供担保的进展公告,2026-06-24,1782292328000,http://static.cninfo.com.cn/finalpage/2026-06-24/1225385303.PDF,finalpage/2026-06-24/1225385303.PDF,szse,01010503||010112||010115||011711,9900041658,9a01d21b4afd9b42f6a69b213bd3667fa0161c1e,2026-06-24T12:34:18.796287+00:00
1225386226,301000,肇民科技,上海肇民新材料科技股份有限公司向不特定对象发行可转换公司债券募集说明书（注册稿）,2026-06-24,1782298808000,http://static.cninfo.com.cn/finalpage/2026-06-24/1225386226.PDF,finalpage/2026-06-24/1225386226.PDF,szse,01010501||010112||010115||010905,nssc1000306,b4cd2142cf324502b80c75aa06a439e91b757863,2026-06-24T12:34:13.515537+00:00
1225386224,301000,肇民科技,中信证券股份有限公司关于上海肇民新材料科技股份有限公司向不特定对象发行可转换公司债券之上市保荐书,2026-06-24,1782298808000,http://static.cninfo.com.cn/finalpage/2026-06-24/1225386224.PDF,finalpage/2026-06-24/1225386224.PDF,szse,01010701||010112||010115||012911,nssc1000306,db65a76c39bb7eb410ca76e6db356578e1033adb,2026-06-24T12:34:13.515537+00:00
1225386225,301000,肇民科技,中信证券股份有限公司关于上海肇民新材料科技股份有限公司向不特定对象发行可转换公司债券之发行保荐书,2026-06-24,1782298688000,http://static.cninfo.com.cn/finalpage/2026-06-24/1225386225.PDF,finalpage/2026-06-24/1225386225.PDF,szse,01010701||010112||010115||012911,nssc1000306,ace3067c31328192c1fb6d79f6b8ba334d272d76,2026-06-24T12:34:13.515537+00:00
1225386227,301000,肇民科技,关于向不特定对象发行可转换公司债券提交募集说明书（注册稿）等申请文件的提示性公告,2026-06-24,1782298808000,http://static.cninfo.com.cn/finalpage/2026-06-24/1225386227.PDF,finalpage/2026-06-24/1225386227.PDF,szse,01010501||01010503||010112||010115||010905||010999,nssc1000306,faba18db3473fb3abe25f3b6d59d6ca518b08271,2026-06-24T12:34:13.515537+00:00
1225386223,301000,肇民科技,关于向不特定对象发行可转换公司债券申请获得中国证券监督管理委员会同意注册批复的公告,2026-06-24,1782298808000,http://static.cninfo.com.cn/finalpage/2026-06-24/1225386223.PDF,finalpage/2026-06-24/1225386223.PDF,szse,01010503||010112||010115||010903||010999,nssc1000306,ccb2f46781c7fa71a2aad665722e36f77e28a89b,2026-06-24T12:34:13.515537+00:00
1225386228,301000,肇民科技,北京德恒律师事务所关于上海肇民新材料科技股份有限公司向不特定对象发行可转换公司债券的法律意见,2026-06-24,1782298808000,http://static.cninfo.com.cn/finalpage/2026-06-24/1225386228.PDF,finalpage/2026-06-24/1225386228.PDF,szse,01010901||010112||010115||012903,nssc1000306,ace90617129295961810816abf916ed614b84512,2026-06-24T12:34:13.515537+00:00
1225385383,301004,嘉益股份,关于取得金融机构股票回购专项贷款承诺书的公告,2026-06-24,1782292688000,http://static.cninfo.com.cn/finalpage/2026-06-24/1225385383.PDF,finalpage/2026-06-24/1225385383.PDF,szse,01010503||010112||010115||011513||011709||012399,9900041916,e54a84eb217891babc4e12836c03f58ee907d26f,2026-06-24T12:34:18.796287+00:00
1225385384,301004,嘉益股份,关于控股股东增持公司股份获得《贷款承诺书》的公告,2026-06-24,1782292688000,http://static.cninfo.com.cn/finalpage/2026-06-24/1225385384.PDF,finalpage/2026-06-24/1225385384.PDF,szse,01010503||010112||010115||011501||011709||012399,9900041916,3c7f13a6b8fecf8f477c0044d159781508528e79,2026-06-24T12:34:16.040043+00:00
1225384830,301015,百洋医药,青岛百洋医药股份有限公司向不特定对象发行可转换公司债券受托管理事务报告（2025年度）,2026-06-24,1782288608000,http://static.cninfo.com.cn/finalpage/2026-06-24/1225384830.PDF,finalpage/2026-06-24/1225384830.PDF,szse,01010503||010112||010115||010999,9900036922,8650e5b3174782526e5d6abe5f424efe5417e632,2026-06-24T12:34:20.949861+00:00
1225384829,301015,百洋医药,青岛百洋医药股份有限公司相关债券2026年跟踪评级报告,2026-06-24,1782288608000,http://static.cninfo.com.cn/finalpage/2026-06-24/1225384829.PDF,finalpage/2026-06-24/1225384829.PDF,szse,01010501||010112||010115||013999,9900036922,3e3a969b1e4a126b66aa666cfcca7ff7af184be6,2026-06-24T12:34:20.949861+00:00
1225384828,301022,海泰科,关于提前归还部分暂时补充流动资金的闲置募集资金的公告,2026-06-24,1782288128000,http://static.cninfo.com.cn/finalpage/2026-06-24/1225384828.PDF,finalpage/2026-06-24/1225384828.PDF,szse,01010503||010112||010115||012315,nssc1000307,a85aa63e041bef64a2f2cd12e59d0ba161ca0678,2026-06-24T12:34:20.949861+00:00
1225383359,301031,中熔电气,关于更换持续督导保荐代表人的公告,2026-06-24,1782230400000,http://static.cninfo.com.cn/finalpage/2026-06-24/1225383359.PDF,finalpage/2026-06-24/1225383359.PDF,szse,01010503||010112||010115||012301,gfbj0839450,6d80d37d8c4cfff1d08a416aa33502e84535f547,2026-06-24T12:35:04.882885+00:00
1225385528,301038,深水规院,2025年年度权益分派实施公告,2026-06-24,1782293888000,http://static.cninfo.com.cn/finalpage/2026-06-24/1225385528.PDF,finalpage/2026-06-24/1225385528.PDF,szse,01010503||010112||010115||011301,nssc1000648,1dc21f70d286419e7b7cb2bc8c9954125c6ef180,2026-06-24T12:34:16.039008+00:00
1225386303,301042,安联锐视,2026年第二期限制性股票激励计划,2026-06-24,1782300368000,http://static.cninfo.com.cn/finalpage/2026-06-24/1225386303.PDF,finalpage/2026-06-24/1225386303.PDF,szse,01010503||010112||010115||012325,9900023025,272445a3a2e7f4d67dd51a7bd8260c6e0f42fe4d,2026-06-24T12:34:12.265696+00:00
1225386109,301042,安联锐视,2026年第二次临时股东会决议公告,2026-06-24,1782297728000,http://static.cninfo.com.cn/finalpage/2026-06-24/1225386109.PDF,finalpage/2026-06-24/1225386109.PDF,szse,01010503||010112||010115||011905,9900023025,8116d02b4d51b86724901e842a2530e579e5ea8c,2026-06-24T12:34:14.983815+00:00
1225386111,301042,安联锐视,关于公司申请银行授信额度并提供抵押担保和接受关联方担保的公告,2026-06-24,1782297728000,http://static.cninfo.com.cn/finalpage/2026-06-24/1225386111.PDF,finalpage/2026-06-24/1225386111.PDF,szse,01010503||010112||010115||011709||011711,9900023025,41b5dd6267b32d079f1fe701768beb6031161630,2026-06-24T12:34:14.982782+00:00
1225386112,301042,安联锐视,关于变更财务负责人的公告,2026-06-24,1782297728000,http://static.cninfo.com.cn/finalpage/2026-06-24/1225386112.PDF,finalpage/2026-06-24/1225386112.PDF,szse,01010503||010112||010115||012303,9900023025,3adc3e517c1f4a0a0a0f5e0343e6f15da383a4e8,2026-06-24T12:34:14.982782+00:00
1225386113,301042,安联锐视,关于向2026年第二期限制性股票激励计划激励对象授予限制性股票的公告,2026-06-24,1782297728000,http://static.cninfo.com.cn/finalpage/2026-06-24/1225386113.PDF,finalpage/2026-06-24/1225386113.PDF,szse,01010503||010112||010115||012325,9900023025,6a70e956d01cdced5221cc43a39b9d613682bfe0,2026-06-24T12:34:13.517056+00:00
1225386220,301042,安联锐视,关于调整2026年第二期限制性股票激励计划授予数量和授予价格的公告,2026-06-24,1782298808000,http://static.cninfo.com.cn/finalpage/2026-06-24/1225386220.PDF,finalpage/2026-06-24/1225386220.PDF,szse,01010503||010112||010115||012325,9900023025,a3c316bdf5eb129c08a17628f4daeb108ab8095f,2026-06-24T12:34:13.515537+00:00
1225386219,301042,安联锐视,关于调整2026年限制性股票激励计划授予数量和授予价格的公告,2026-06-24,1782298808000,http://static.cninfo.com.cn/finalpage/2026-06-24/1225386219.PDF,finalpage/2026-06-24/1225386219.PDF,szse,01010503||010112||010115||012325,9900023025,2b0c2e4140907c997d70b226daa17b52bc0f14cb,2026-06-24T12:34:13.515537+00:00
1225386110,301042,安联锐视,北京市中伦律师事务所关于珠海安联锐视科技股份有限公司2026年第二次临时股东会的法律意见书,2026-06-24,1782297608000,http://static.cninfo.com.cn/finalpage/2026-06-24/1225386110.PDF,finalpage/2026-06-24/1225386110.PDF,szse,01010901||010112||010115||011999||012903,9900023025,67e88e3e4595f44a7b0a92eb1b03ae8f41ea1521,2026-06-24T12:34:14.983815+00:00
1225386114,301042,安联锐视,北京金诚同达（上海）律师事务所关于珠海安联锐视科技股份有限公司2026年第二期限制性股票激励计划调整和授予事项的法律意见书,2026-06-24,1782297728000,http://static.cninfo.com.cn/finalpage/2026-06-24/1225386114.PDF,finalpage/2026-06-24/1225386114.PDF,szse,01010503||01010901||010112||010115||012325||012903,9900023025,490b80ec50cdacd44abb67eb7a3b47819296ff0a,2026-06-24T12:34:13.517056+00:00
1225386222,301042,安联锐视,北京金诚同达（上海）律师事务所关于珠海安联锐视科技股份有限公司2026年限制性股票激励计划调整事项的法律意见书,2026-06-24,1782298808000,http://static.cninfo.com.cn/finalpage/2026-06-24/1225386222.PDF,finalpage/2026-06-24/1225386222.PDF,szse,01010503||01010901||010112||010115||012325||012903,9900023025,2e8121b32b8d048d1088eace6d3ecf9b7a082557,2026-06-24T12:34:13.515537+00:00
1225386108,301042,安联锐视,第六届董事会第十次会议决议公告,2026-06-24,1782297728000,http://static.cninfo.com.cn/finalpage/2026-06-24/1225386108.PDF,finalpage/2026-06-24/1225386108.PDF,szse,01010503||010112||010115||01239901,9900023025,5e4f19f1a872701b47542b5604c4021f9a86ea99,2026-06-24T12:34:14.983815+00:00
1225386115,301042,安联锐视,第六届董事会薪酬与考核委员会关于2026年第二期限制性股票激励计划授予日激励对象名单的核查意见,2026-06-24,1782297608000,http://static.cninfo.com.cn/finalpage/2026-06-24/1225386115.PDF,finalpage/2026-06-24/1225386115.PDF,szse,01010503||010112||010115||012325||01239901,9900023025,7ade21fa0ee93d8fb049e3064b48c467e63663aa,2026-06-24T12:34:14.983815+00:00
1225386221,301042,安联锐视,第六届董事会薪酬与考核委员会关于2026年限制性股票激励计划及2026年第二期限制性股票激励计划授予数量和授予价格调整的核查意见,2026-06-24,1782298808000,http://static.cninfo.com.cn/finalpage/2026-06-24/1225386221.PDF,finalpage/2026-06-24/1225386221.PDF,szse,01010503||010112||010115||012325||01239901,9900023025,cc61df15079aa466b95da70d5b9dd9cd1f007b17,2026-06-24T12:34:13.515537+00:00
1225385259,301055,张小泉,2025年度权益分派实施公告,2026-06-24,1782292088000,http://static.cninfo.com.cn/finalpage/2026-06-24/1225385259.PDF,finalpage/2026-06-24/1225385259.PDF,szse,01010503||010112||010115||011301,9900041902,1d733e04bcd24d34cb511759709b7032f1bedea2,2026-06-24T12:34:18.797293+00:00
1225384233,301059,金三江,金三江(肇庆)硅材料股份有限公司向不特定对象发行可转换公司债券发行结果公告,2026-06-24,1782230400000,http://static.cninfo.com.cn/finalpage/2026-06-24/1225384233.PDF,finalpage/2026-06-24/1225384233.PDF,szse,01010503||010112||010115||010911||010999,nssc1000589,a5cad9fa744c8c7c231ea1b0b1d6acc0ed03194d,2026-06-24T12:34:33.204719+00:00
1225384915,301078,孩子王,关于向香港联交所递交境外上市外资股（H股）发行并上市申请的进展公告,2026-06-24,1782288608000,http://static.cninfo.com.cn/finalpage/2026-06-24/1225384915.PDF,finalpage/2026-06-24/1225384915.PDF,szse,01010501||010112||010115||012399,gfbj0839843,41ca0025aefd917b9a511c72771821908457dee6,2026-06-24T12:34:20.949861+00:00
1225385504,301098,金埔园林,关于向2026年股票期权与限制性股票激励计划对象授予限制性股票登记完成的公告,2026-06-24,1782293528000,http://static.cninfo.com.cn/finalpage/2026-06-24/1225385504.PDF,finalpage/2026-06-24/1225385504.PDF,szse,01010503||010112||010115||012325,9900039827,a4b483f50c48b60f67a8792d15cd20534bfe26d9,2026-06-24T12:34:16.040043+00:00
1225385923,301099,雅创电子,上海市广发律师事务所关于上海雅创电子集团股份有限公司发行股份及支付现金购买资产并募集配套资金的补充法律意见,2026-06-24,1782300603000,http://static.cninfo.com.cn/finalpage/2026-06-24/1225385923.PDF,finalpage/2026-06-24/1225385923.PDF,szse,01010503||01010901||010112||010115||010799||012903,nssc1000560,00ad63f2f21bcf9d4e8f12f367e7d80f2829324c,2026-06-24T12:34:12.264691+00:00
1225385926,301099,雅创电子,上海雅创电子集团股份有限公司备考合并财务报表及审阅报告,2026-06-24,1782300603000,http://static.cninfo.com.cn/finalpage/2026-06-24/1225385926.PDF,finalpage/2026-06-24/1225385926.PDF,szse,01010903||010112||010115||0129,nssc1000560,1e80365dd592f6f1ed64dd35dd5d135eb343b64d,2026-06-24T12:34:12.264691+00:00
1225385925,301099,雅创电子,国信证券关于雅创电子发行股份及支付现金购买资产并募集配套资金之独立财务顾问报告（修订稿）,2026-06-24,1782300603000,http://static.cninfo.com.cn/finalpage/2026-06-24/1225385925.PDF,finalpage/2026-06-24/1225385925.PDF,szse,01010503||01010701||010109||010112||010115||010799||0129||012901,nssc1000560,0951957210b44d24a6f4aeb4bd0b6f2c62ea78c2,2026-06-24T12:34:12.264691+00:00
1225385922,301099,雅创电子,深圳市怡海能达有限公司审计报告,2026-06-24,1782300603000,http://static.cninfo.com.cn/finalpage/2026-06-24/1225385922.PDF,finalpage/2026-06-24/1225385922.PDF,szse,01010903||010112||010115||012913,nssc1000560,2451183464d34511f008a1c01592360c6b8cc26c,2026-06-24T12:34:12.264691+00:00
1225385924,301099,雅创电子,深圳欧创芯半导体有限公司审计报告,2026-06-24,1782300603000,http://static.cninfo.com.cn/finalpage/2026-06-24/1225385924.PDF,finalpage/2026-06-24/1225385924.PDF,szse,01010903||010112||010115||012913,nssc1000560,71f53345ccf9708aa9608d62ae235152b9721be3,2026-06-24T12:34:12.264691+00:00
1225385919,301099,雅创电子,第三届董事会第九次会议决议,2026-06-24,1782300603000,http://static.cninfo.com.cn/finalpage/2026-06-24/1225385919.PDF,finalpage/2026-06-24/1225385919.PDF,szse,01010503||010112||010115||01239901,nssc1000560,2fac4bd4e700faf9a20e4c877c8740828f1e1170,2026-06-24T12:34:12.265696+00:00
1225385927,301099,雅创电子,雅创电子发行股份及支付现金购买资产并募集配套资金报告书（草案）修订情况的说明,2026-06-24,1782300603000,http://static.cninfo.com.cn/finalpage/2026-06-24/1225385927.PDF,finalpage/2026-06-24/1225385927.PDF,szse,01010503||010112||010115||010799||012399,nssc1000560,a59fedb1fcfe9f42deadecf22df93edcc0003a7c,2026-06-24T12:34:12.264691+00:00
1225385920,301099,雅创电子,雅创电子发行股份及支付现金购买资产并募集配套资金报告书（草案）摘要（修订稿）,2026-06-24,1782300603000,http://static.cninfo.com.cn/finalpage/2026-06-24/1225385920.PDF,finalpage/2026-06-24/1225385920.pdf,szse,01010503||010112||010115||010799,nssc1000560,deb69be8464bbc405ec48dc1da69a06cd68b23ef,2026-06-24T12:34:12.265696+00:00
1225385921,301099,雅创电子,雅创电子发行股份及支付现金购买资产并募集配套资金报告书（草案）（修订稿）,2026-06-24,1782300603000,http://static.cninfo.com.cn/finalpage/2026-06-24/1225385921.PDF,finalpage/2026-06-24/1225385921.PDF,szse,01010503||010112||010115||010799,nssc1000560,555823712951550cb9d41a8455de36824eb77d07,2026-06-24T12:34:12.265696+00:00
1225386402,301111,粤万年青,东吴证券股份有限公司关于广东万年青制药股份有限公司股东向特定机构投资者询价转让股份的核查报告,2026-06-24,1782301808000,http://static.cninfo.com.cn/finalpage/2026-06-24/1225386402.PDF,finalpage/2026-06-24/1225386402.PDF,szse,01010701||010109||010112||010115||0129,9900041428,7ce8454751f8494666e1b9d840ee763406f0eda6,2026-06-24T12:34:12.264691+00:00
1225386401,301111,粤万年青,关于股东询价转让结果报告书暨股东权益变动触及5%整数倍的提示性公告,2026-06-24,1782301808000,http://static.cninfo.com.cn/finalpage/2026-06-24/1225386401.PDF,finalpage/2026-06-24/1225386401.PDF,szse,01010503||010112||010115||011501,9900041428,6988dfd1f50aa6c6ea08caf67ea2202306d6419b,2026-06-24T12:34:12.264691+00:00
1225386400,301111,粤万年青,简式权益变动报告书,2026-06-24,1782301808000,http://static.cninfo.com.cn/finalpage/2026-06-24/1225386400.PDF,finalpage/2026-06-24/1225386400.PDF,szse,01011101||010112||010115||011501,9900041428,94ffecde3ec45941630bdd760177a9d522db192b,2026-06-24T12:34:12.264691+00:00
1225384717,301115,联检科技,关于召开2026年第三次临时股东会的提示性公告,2026-06-24,1782287528000,http://static.cninfo.com.cn/finalpage/2026-06-24/1225384717.PDF,finalpage/2026-06-24/1225384717.PDF,szse,01010503||010112||010115||011901,gfbj0834049,6e24c92781aa13e8d4040abd89a7c1d0ce17f780,2026-06-24T12:34:20.949861+00:00
1225382724,301118,恒光股份,关于高级管理人员减持计划实施完毕的公告,2026-06-24,1782230400000,http://static.cninfo.com.cn/finalpage/2026-06-24/1225382724.PDF,finalpage/2026-06-24/1225382724.PDF,szse,01010503||010112||010115||011501||01230350,gfbj0831359,20c1b4f0e9759c5b8448a1c9de8933e91a76441c,2026-06-24T12:35:21.976540+00:00
1225385003,301122,采纳股份,关于对子公司担保进展公告,2026-06-24,1782289928000,http://static.cninfo.com.cn/finalpage/2026-06-24/1225385003.PDF,finalpage/2026-06-24/1225385003.PDF,szse,01010503||010112||010115||011711,9900046618,2aeb25b8db05e0d0537abc64dd39f3f8a9002095,2026-06-24T12:34:20.948857+00:00
1225385971,301133,金钟股份,关于补缴税款的公告,2026-06-24,1782297128000,http://static.cninfo.com.cn/finalpage/2026-06-24/1225385971.PDF,finalpage/2026-06-24/1225385971.PDF,szse,01010501||010112||010115||012399,9900041500,fb81ab975a6ca5d1b94a65078bb3edab7195dbd8,2026-06-24T12:34:14.983815+00:00
1225386435,301139,*ST元道,关于参加新疆辖区上市公司2026年投资者网上集体接待日活动的公告,2026-06-24,1782302528000,http://static.cninfo.com.cn/finalpage/2026-06-24/1225386435.PDF,finalpage/2026-06-24/1225386435.PDF,szse,01010503||010112||010115||012399,gfbj0834034,3b2fc67d4d69d0c6e2936d59fe336dc71097a909,2026-06-24T12:34:12.264691+00:00
1225384645,301139,*ST元道,关于取消2025年年度股东会部分提案并增加临时提案暨2025年年度股东会补充通知的公告,2026-06-24,1782274284000,http://static.cninfo.com.cn/finalpage/2026-06-24/1225384645.PDF,finalpage/2026-06-24/1225384645.PDF,szse,01010503||010112||010115||011901||011903,gfbj0834034,b548296a7bbfb22bf7660f4d53707c1c8a2c35b8,2026-06-24T12:34:22.213097+00:00
1225384644,301139,*ST元道,第四届董事会第十八次会议决议公告,2026-06-24,1782274283000,http://static.cninfo.com.cn/finalpage/2026-06-24/1225384644.PDF,finalpage/2026-06-24/1225384644.PDF,szse,01010503||010112||010115||01239901,gfbj0834034,ebcc0e4f41c9c0e6cb0ca3f9a9431ce56b0a0e97,2026-06-24T12:34:22.213097+00:00
1225382557,301166,优宁维,关于第一期员工持股计划证券账户开立完成的公告,2026-06-24,1782230400000,http://static.cninfo.com.cn/finalpage/2026-06-24/1225382557.PDF,finalpage/2026-06-24/1225382557.PDF,szse,01010503||010112||010115||012399,gfbj0837209,856ffb22a104e033bec183c2da59f78a0e006240,2026-06-24T12:35:26.367156+00:00
1225384185,301167,建研设计,《安徽省建筑设计研究总院股份有限公司章程》等制度修改（修订）说明,2026-06-24,1782230400000,http://static.cninfo.com.cn/finalpage/2026-06-24/1225384185.PDF,finalpage/2026-06-24/1225384185.PDF,szse,01010503||010112||010115||012399,9900041544,87679771d1401c0e9344c87f74d5077fdc5e8ef4,2026-06-24T12:34:33.206723+00:00
1225384184,301167,建研设计,关于十五五发展规划的公告,2026-06-24,1782230400000,http://static.cninfo.com.cn/finalpage/2026-06-24/1225384184.PDF,finalpage/2026-06-24/1225384184.PDF,szse,01010501||010112||010115||012399,9900041544,478a3d773644ad904ddb8a75e952afdbc55fd3fa,2026-06-24T12:34:33.206723+00:00
1225384177,301167,建研设计,关于召开2026年第三次临时股东会的通知,2026-06-24,1782230400000,http://static.cninfo.com.cn/finalpage/2026-06-24/1225384177.PDF,finalpage/2026-06-24/1225384177.PDF,szse,01010503||010112||010115||011901,9900041544,6051f9103fc77733787a387e6ac80773bcfa005a,2026-06-24T12:34:35.334695+00:00
1225384188,301167,建研设计,关于拟续聘会计师事务所的公告,2026-06-24,1782230400000,http://static.cninfo.com.cn/finalpage/2026-06-24/1225384188.PDF,finalpage/2026-06-24/1225384188.PDF,szse,01010503||010112||010115||012301,9900041544,2739850b759267883521536beb1f2efa33bd33f5,2026-06-24T12:34:33.205725+00:00
1225384186,301167,建研设计,安徽省建筑设计研究总院股份有限公司董事会秘书工作细则,2026-06-24,1782230400000,http://static.cninfo.com.cn/finalpage/2026-06-24/1225384186.PDF,finalpage/2026-06-24/1225384186.PDF,szse,01010503||010112||010115||013105||013199,9900041544,6bffb4f3847307819f44f0f737048c93e68b34d3,2026-06-24T12:34:33.205725+00:00
1225384187,301167,建研设计,安徽省建筑设计研究总院股份有限公司重大事项内部报告制度,2026-06-24,1782230400000,http://static.cninfo.com.cn/finalpage/2026-06-24/1225384187.PDF,finalpage/2026-06-24/1225384187.PDF,szse,01010503||010112||010115||013199,9900041544,522fedeecdb595127e6ed8f9425aaf94f5e2df4a,2026-06-24T12:34:33.205725+00:00
1225384179,301167,建研设计,独立董事候选人声明与承诺（丁斌）,2026-06-24,1782230400000,http://static.cninfo.com.cn/finalpage/2026-06-24/1225384179.PDF,finalpage/2026-06-24/1225384179.PDF,szse,01011199||010112||010115||012303,9900041544,4f4cce009d99e74ebe821fca37d09beab1ebd1ed,2026-06-24T12:34:35.334695+00:00
1225384178,301167,建研设计,独立董事候选人声明与承诺（周萍华）,2026-06-24,1782230400000,http://static.cninfo.com.cn/finalpage/2026-06-24/1225384178.PDF,finalpage/2026-06-24/1225384178.PDF,szse,01011199||010112||010115||012303,9900041544,04ad7cd4fb44410602bf311816ee7b0a7016eeb7,2026-06-24T12:34:35.334695+00:00
1225384180,301167,建研设计,独立董事候选人声明与承诺（苏剑鸣）,2026-06-24,1782230400000,http://static.cninfo.com.cn/finalpage/2026-06-24/1225384180.PDF,finalpage/2026-06-24/1225384180.PDF,szse,01011199||010112||010115||012303,9900041544,142385a0c649d8f868a9eee91755645b02b3e8f5,2026-06-24T12:34:33.206723+00:00
1225384182,301167,建研设计,独立董事提名人声明与承诺（丁斌）,2026-06-24,1782230400000,http://static.cninfo.com.cn/finalpage/2026-06-24/1225384182.PDF,finalpage/2026-06-24/1225384182.PDF,szse,01010503||010112||010115||012303,9900041544,4615a3b85a7af4f39411d9bef80006c943004b87,2026-06-24T12:34:33.206723+00:00
1225384181,301167,建研设计,独立董事提名人声明与承诺（周萍华）,2026-06-24,1782230400000,http://static.cninfo.com.cn/finalpage/2026-06-24/1225384181.PDF,finalpage/2026-06-24/1225384181.PDF,szse,01010503||010112||010115||012303,9900041544,1607eeecfdd0c419315d98141219d8fd1c5144c6,2026-06-24T12:34:33.206723+00:00
1225384183,301167,建研设计,独立董事提名人声明与承诺（苏剑鸣）,2026-06-24,1782230400000,http://static.cninfo.com.cn/finalpage/2026-06-24/1225384183.PDF,finalpage/2026-06-24/1225384183.PDF,szse,01010503||010112||010115||012303,9900041544,2b0ba42a72a518a3c12da2198c71207d97d05fc3,2026-06-24T12:34:33.206723+00:00
1225384176,301167,建研设计,第三届董事会第二十五次会议决议公告,2026-06-24,1782230400000,http://static.cninfo.com.cn/finalpage/2026-06-24/1225384176.PDF,finalpage/2026-06-24/1225384176.PDF,szse,01010503||010112||010115||01239901,9900041544,62df3be7de58e8b232f3f9c3358e2677d3fe7272,2026-06-24T12:34:35.334695+00:00
1225383581,301170,锡南科技,中信证券股份有限公司关于无锡锡南科技股份有限公司部分首次公开发行前已发行股份上市流通的核查意见,2026-06-24,1782230400000,http://static.cninfo.com.cn/finalpage/2026-06-24/1225383581.PDF,finalpage/2026-06-24/1225383581.PDF,szse,010109||010112||010115||0129,9900048055,daffebe37f42b75fadc973849866ebb7e84beaed,2026-06-24T12:34:53.356871+00:00
1225383580,301170,锡南科技,关于部分首次公开发行前已发行股份上市流通提示性公告,2026-06-24,1782230400000,http://static.cninfo.com.cn/finalpage/2026-06-24/1225383580.PDF,finalpage/2026-06-24/1225383580.PDF,szse,01010503||010112||010115||011303,9900048055,5f64530f55dc81df317bd8185149f859eccd4624,2026-06-24T12:34:54.483341+00:00
1225385116,301173,毓恬冠佳,关于首次回购公司股份的公告,2026-06-24,1782291128000,http://static.cninfo.com.cn/finalpage/2026-06-24/1225385116.PDF,finalpage/2026-06-24/1225385116.PDF,szse,01010503||010112||010115||011513,9900059157,4547f20d26effa7f88a9114a842429f3af0bd23d,2026-06-24T12:34:20.022085+00:00
1225385681,301186,超达装备,关于可转换公司债券2026年跟踪评级结果的公告,2026-06-24,1782294488000,http://static.cninfo.com.cn/finalpage/2026-06-24/1225385681.PDF,finalpage/2026-06-24/1225385681.PDF,szse,01010503||010112||010115||010999,9900036363,8bc0f67b3ac835a90ce6b51c0a2336f495da8165,2026-06-24T12:34:16.039008+00:00
1225385680,301186,超达装备,南通超达装备股份有限公司向不特定对象发行可转换公司债券2026年跟踪评级报告,2026-06-24,1782294488000,http://static.cninfo.com.cn/finalpage/2026-06-24/1225385680.PDF,finalpage/2026-06-24/1225385680.PDF,szse,01010503||01010907||010112||010115||010999||0129,9900036363,7dc1474e0e557cbd95c286cdaa23b545f31fa9f0,2026-06-24T12:34:16.039008+00:00
1225385763,301193,家联科技,关于变更注册资本及修订《公司章程》并办理工商变更登记的公告,2026-06-24,1782297128000,http://static.cninfo.com.cn/finalpage/2026-06-24/1225385763.PDF,finalpage/2026-06-24/1225385763.PDF,szse,01010503||010112||010115||012301,nssc1000147,11d825c4bce8de7afdc96d43e01402a6c89f98b7,2026-06-24T12:34:14.984323+00:00
1225385760,301193,家联科技,关于向2026年限制性股票激励计划激励对象授予限制性股票的公告,2026-06-24,1782297128000,http://static.cninfo.com.cn/finalpage/2026-06-24/1225385760.PDF,finalpage/2026-06-24/1225385760.PDF,szse,01010503||010112||010115||012325,nssc1000147,64238ee2d3a515fc2bcd4f87686b604070fb6d56,2026-06-24T12:34:14.984323+00:00
1225385761,301193,家联科技,北京观韬律师事务所关于宁波家联科技股份有限公司2026年限制性股票激励计划授予相关事项的法律意见书,2026-06-24,1782297128000,http://static.cninfo.com.cn/finalpage/2026-06-24/1225385761.PDF,finalpage/2026-06-24/1225385761.PDF,szse,01010503||01010901||010112||010115||012325||012903,nssc1000147,297e0e046a82a86cc175569da0030c870ca8485c,2026-06-24T12:34:14.984323+00:00
1225385764,301193,家联科技,宁波家联科技股份有限公司章程（2026年6月）,2026-06-24,1782297128000,http://static.cninfo.com.cn/finalpage/2026-06-24/1225385764.PDF,finalpage/2026-06-24/1225385764.PDF,szse,01010503||010112||010115||013101,nssc1000147,f96f91d3513bd03882d426763346106558bbf3ae,2026-06-24T12:34:14.983815+00:00
1225385759,301193,家联科技,第三届董事会第二十九次会议决议公告,2026-06-24,1782297128000,http://static.cninfo.com.cn/finalpage/2026-06-24/1225385759.PDF,finalpage/2026-06-24/1225385759.PDF,szse,01010503||010112||010115||01239901,nssc1000147,99a9040882cd6fe329f846f68911e6b43c18f1d2,2026-06-24T12:34:14.984323+00:00
1225385762,301193,家联科技,董事会薪酬与考核委员会关于2026年限制性股票激励计划授予激励对象名单（授予日）的核查意见,2026-06-24,1782297128000,http://static.cninfo.com.cn/finalpage/2026-06-24/1225385762.PDF,finalpage/2026-06-24/1225385762.PDF,szse,01010503||010112||010115||012325||01239901,nssc1000147,43a8bb0955ea937d7a65f2acd63cf00bf38eba0e,2026-06-24T12:34:14.984323+00:00
1225384379,301208,中亦科技,2026年限制性股票激励计划实施考核管理办法,2026-06-24,1782230400000,http://static.cninfo.com.cn/finalpage/2026-06-24/1225384379.PDF,finalpage/2026-06-24/1225384379.PDF,szse,01010503||010112||010115||012325||013199,9900031436,f038857199454b8090ea775d401330599919e436,2026-06-24T12:34:28.347492+00:00
1225384380,301208,中亦科技,2026年限制性股票激励计划自查表,2026-06-24,1782230400000,http://static.cninfo.com.cn/finalpage/2026-06-24/1225384380.PDF,finalpage/2026-06-24/1225384380.PDF,szse,01010503||010112||010115||012325,9900031436,5fe2bf53a4468ac371081f78d74b5ecac3520a4a,2026-06-24T12:34:28.347492+00:00
1225384378,301208,中亦科技,2026年限制性股票激励计划（草案）,2026-06-24,1782230400000,http://static.cninfo.com.cn/finalpage/2026-06-24/1225384378.PDF,finalpage/2026-06-24/1225384378.PDF,szse,01010503||010112||010115||012325,9900031436,117bfdc3436c2d8865ca419417f9cc9ef875c074,2026-06-24T12:34:28.347492+00:00
1225384377,301208,中亦科技,2026年限制性股票激励计划（草案）摘要,2026-06-24,1782230400000,http://static.cninfo.com.cn/finalpage/2026-06-24/1225384377.PDF,finalpage/2026-06-24/1225384377.PDF,szse,01010503||010112||010115||012325,9900031436,25515c3b82eead61358007ba756ac92be882ad22,2026-06-24T12:34:28.347492+00:00
1225384376,301208,中亦科技,中信建投证券股份有限公司关于北京中亦安图科技股份有限公司使用部分闲置募集资金和自有资金进行现金管理的核查意见,2026-06-24,1782230400000,http://static.cninfo.com.cn/finalpage/2026-06-24/1225384376.PDF,finalpage/2026-06-24/1225384376.PDF,szse,010109||010112||010115||0129,9900031436,b2e510f1b8939297e5545642925b2e3dbd8ce562,2026-06-24T12:34:28.347492+00:00
1225384375,301208,中亦科技,关于使用部分暂时闲置募集资金和自有资金进行现金管理的公告,2026-06-24,1782230400000,http://static.cninfo.com.cn/finalpage/2026-06-24/1225384375.PDF,finalpage/2026-06-24/1225384375.PDF,szse,01010503||010112||010115||011705||012315,9900031436,8cb68d14044b15b3a4d772ac02b3fca5ffdd9b82,2026-06-24T12:34:28.347492+00:00
1225384384,301208,中亦科技,关于召开2026年第一次临时股东会的通知,2026-06-24,1782230400000,http://static.cninfo.com.cn/finalpage/2026-06-24/1225384384.PDF,finalpage/2026-06-24/1225384384.PDF,szse,01010503||010112||010115||011901,9900031436,ac3b2ac0da9d7a6628c60cdb44870cc8f0ba6759,2026-06-24T12:34:28.347492+00:00
1225384385,301208,中亦科技,关于续聘2026年度会计师事务所的公告,2026-06-24,1782230400000,http://static.cninfo.com.cn/finalpage/2026-06-24/1225384385.PDF,finalpage/2026-06-24/1225384385.PDF,szse,01010503||010112||010115||012301,9900031436,0b8ae3ef3a517d3a1db407d879dbed117f5b3d7b,2026-06-24T12:34:28.347492+00:00
1225384382,301208,中亦科技,北京市君合律师事务所关于公司2026年限制性股票激励计划的法律意见书,2026-06-24,1782230400000,http://static.cninfo.com.cn/finalpage/2026-06-24/1225384382.PDF,finalpage/2026-06-24/1225384382.PDF,szse,01010503||01010901||010112||010115||012325||012903,9900031436,352ee2eb5c4d3784c6f69bbfa4a6e59d15e11aa3,2026-06-24T12:34:28.347492+00:00
1225384383,301208,中亦科技,第五届董事会第十一次会议决议公告,2026-06-24,1782230400000,http://static.cninfo.com.cn/finalpage/2026-06-24/1225384383.PDF,finalpage/2026-06-24/1225384383.PDF,szse,01010503||010112||010115||01239901,9900031436,a75233b5923f3890e4eeb5c92be3cda108a01c8a,2026-06-24T12:34:28.347492+00:00
1225384381,301208,中亦科技,董事会薪酬与考核委员会关于2026年限制性股票激励计划相关事项的核查意见,2026-06-24,1782230400000,http://static.cninfo.com.cn/finalpage/2026-06-24/1225384381.PDF,finalpage/2026-06-24/1225384381.PDF,szse,01010503||010112||010115||012325||01239901,9900031436,43460a6872f2d19f4f5fc60f8f729ec75d4235bf,2026-06-24T12:34:28.347492+00:00
1225382768,301213,观想科技,关于完成工商变更登记并换发营业执照的公告,2026-06-24,1782230400000,http://static.cninfo.com.cn/finalpage/2026-06-24/1225382768.PDF,finalpage/2026-06-24/1225382768.PDF,szse,01010503||010112||010115||012301||012399,gfbj0832584,35f6413ea86ed35f2f79626495a45d66bcfe8198,2026-06-24T12:35:21.153394+00:00
1225382769,301213,观想科技,四川观想科技股份有限公司章程 (2026年5月),2026-06-24,1782230400000,http://static.cninfo.com.cn/finalpage/2026-06-24/1225382769.PDF,finalpage/2026-06-24/1225382769.PDF,szse,01010501||010112||010115||012399,gfbj0832584,8765a23427d4496398cf34f96c5407f66256835f,2026-06-24T12:35:21.153394+00:00
1225386302,301236,软通动力,关于与专业投资机构共同投资的公告,2026-06-24,1782300368000,http://static.cninfo.com.cn/finalpage/2026-06-24/1225386302.PDF,finalpage/2026-06-24/1225386302.PDF,szse,01010503||010112||010115||011705,9900046983,8c7dfaba2c4eed216f16e10dfc2d0bc2abe4917e,2026-06-24T12:34:12.265696+00:00
1225386030,301236,软通动力,关于担保进展的公告,2026-06-24,1782297128000,http://static.cninfo.com.cn/finalpage/2026-06-24/1225386030.PDF,finalpage/2026-06-24/1225386030.PDF,szse,01010503||010112||010115||011711,9900046983,f5ad02feffc236df93005894d7a15151a2f74a8e,2026-06-24T12:34:14.983815+00:00
1225385202,301255,通力科技,关于首次公开发行前已发行股份上市流通提示性公告,2026-06-24,1782291969000,http://static.cninfo.com.cn/finalpage/2026-06-24/1225385202.PDF,finalpage/2026-06-24/1225385202.PDF,szse,01010503||010112||010115||011303,9900052559,55298fdb4b15e565dc566e42e8b791c66752a213,2026-06-24T12:34:18.797293+00:00
1225385203,301255,通力科技,国投证券股份有限公司关于浙江通力传动科技股份有限公司首次公开发行前已发行股份上市流通的核查意见,2026-06-24,1782291969000,http://static.cninfo.com.cn/finalpage/2026-06-24/1225385203.PDF,finalpage/2026-06-24/1225385203.PDF,szse,010109||010112||010115||0129,9900052559,a6c7d0d7f915c1653117191477ef1f393347aaad,2026-06-24T12:34:18.797293+00:00
1225385112,301263,泰恩康,回购报告书,2026-06-24,1782291128000,http://static.cninfo.com.cn/finalpage/2026-06-24/1225385112.PDF,finalpage/2026-06-24/1225385112.PDF,szse,01010503||010112||010115||011513,gfbj0831173,dfcd5eb8c49768ff796a6f82f824e3484dc02644,2026-06-24T12:34:20.023088+00:00
1225385024,301265,华新科技,2026年第四次临时股东会会议决议公告,2026-06-24,1782290528000,http://static.cninfo.com.cn/finalpage/2026-06-24/1225385024.PDF,finalpage/2026-06-24/1225385024.PDF,szse,01010503||010112||010115||011905,gfbj0837117,fbe09cca368f6e605cd2835393488c6bbe61795b,2026-06-24T12:34:20.023088+00:00
1225385025,301265,华新科技,北京海润天睿律师事务所关于华新绿源资源科技股份有限公司2026年第四次临时股东会的法律意见书,2026-06-24,1782290528000,http://static.cninfo.com.cn/finalpage/2026-06-24/1225385025.PDF,finalpage/2026-06-24/1225385025.PDF,szse,01010901||010112||010115||011999||012903,gfbj0837117,ea8764ea793c0578d09d84e43d1e5478fb48c62a,2026-06-24T12:34:20.023088+00:00
1225385306,301266,宇邦新材,苏州宇邦新型材料股份有限公司向不特定对象发行可转换公司债券受托管理事务报告（2025年度）,2026-06-24,1782296768000,http://static.cninfo.com.cn/finalpage/2026-06-24/1225385306.PDF,finalpage/2026-06-24/1225385306.PDF,szse,01010503||010112||010115||010999,gfbj0832681,bfd73aee6c66631a4c0f3b37354fcbe8b47cb56c,2026-06-24T12:34:14.984323+00:00
1225385312,301296,新巨丰,关于变更持续督导保荐代表人的公告,2026-06-24,1782292328000,http://static.cninfo.com.cn/finalpage/2026-06-24/1225385312.PDF,finalpage/2026-06-24/1225385312.PDF,szse,01010503||010112||010115||012301,9900035511,95b5d884cc14666f56058dd8c8acce4eafa36311,2026-06-24T12:34:18.796287+00:00
1225385002,301303,真兰仪表,关于公司董事逝世的公告,2026-06-24,1782290528000,http://static.cninfo.com.cn/finalpage/2026-06-24/1225385002.PDF,finalpage/2026-06-24/1225385002.PDF,szse,01010501||010112||010115||012399,9900047777,2745ea690a7a3c8e66e52e4b71eaa3e491034fa0,2026-06-24T12:34:20.024089+00:00
1225385467,301312,智立方,关于2022年限制性股票激励计划部分限制性股票回购注销完成的公告,2026-06-24,1782293288000,http://static.cninfo.com.cn/finalpage/2026-06-24/1225385467.PDF,finalpage/2026-06-24/1225385467.PDF,szse,01010503||010112||010115||011513||012325,9900047342,0c9a76c94d493540ee22de6522ce5b1e0c8a19b2,2026-06-24T12:34:16.040043+00:00
1225385949,301313,凡拓数创,关于募集资金账户销户完成的公告,2026-06-24,1782296168000,http://static.cninfo.com.cn/finalpage/2026-06-24/1225385949.PDF,finalpage/2026-06-24/1225385949.PDF,szse,01010503||010112||010115||012315,gfbj0833414,f94d116f43958a5637c8c04fdefa8fa76ecbe9cf,2026-06-24T12:34:16.038001+00:00
1225383575,301317,鑫磊股份,关于2025年年度权益分派实施公告,2026-06-24,1782230400000,http://static.cninfo.com.cn/finalpage/2026-06-24/1225383575.PDF,finalpage/2026-06-24/1225383575.PDF,szse,01010503||010112||010115||011301,9900041906,7f338cb0b5c8ca46ce2be2fc96e778490b5edc3a,2026-06-24T12:34:54.483341+00:00
1225385263,301321,翰博高新,关于公司为子公司提供担保的进展公告,2026-06-24,1782297008000,http://static.cninfo.com.cn/finalpage/2026-06-24/1225385263.PDF,finalpage/2026-06-24/1225385263.PDF,szse,01010503||010112||010115||011711,gfbj0833994,2d5b259bcc5641778d13c9d683cd88e61927ecfc,2026-06-24T12:34:14.984323+00:00
1225383357,301327,华宝新能,2026年第二次临时股东会决议公告,2026-06-24,1782230400000,http://static.cninfo.com.cn/finalpage/2026-06-24/1225383357.PDF,finalpage/2026-06-24/1225383357.PDF,szse,01010503||010112||010115||011905,gfbj0870907,b3e445660463ad34c67aab405eebf630acd39d03,2026-06-24T12:35:04.882885+00:00
1225383358,301327,华宝新能,上海市锦天城（深圳）律师事务所关于深圳市华宝新能源股份有限公司2026年第二次临时股东会的法律意见书,2026-06-24,1782230400000,http://static.cninfo.com.cn/finalpage/2026-06-24/1225383358.PDF,finalpage/2026-06-24/1225383358.PDF,szse,01010901||010112||010115||011999||012903,gfbj0870907,7b382d7f3a60ce86ec08bc63207592062ad82eef,2026-06-24T12:35:04.882885+00:00
1225386424,301332,德尔玛,关于持股5%以上股东股份减持计划预披露的公告,2026-06-24,1782302048000,http://static.cninfo.com.cn/finalpage/2026-06-24/1225386424.PDF,finalpage/2026-06-24/1225386424.PDF,szse,01010503||010112||010115||011501||012399,9900047227,fd722d8e570818ffe01bc02889c49284b764a144,2026-06-24T12:34:12.264691+00:00
1225384291,301349,信德新材,2026年第四次临时股东会决议公告,2026-06-24,1782230400000,http://static.cninfo.com.cn/finalpage/2026-06-24/1225384291.PDF,finalpage/2026-06-24/1225384291.PDF,szse,01010503||010112||010115||011905,9900046772,69f4a5f1ca3b6456211feb0c5a7b059c93ef77ab,2026-06-24T12:34:30.955169+00:00
1225384292,301349,信德新材,上海市锦天城律师事务所关于辽宁信德新材料科技（集团）股份有限公司2026年第四次临时股东会的法律意见书,2026-06-24,1782230400000,http://static.cninfo.com.cn/finalpage/2026-06-24/1225384292.PDF,finalpage/2026-06-24/1225384292.PDF,szse,01010901||010112||010115||011999||012903,9900046772,0b16afc70843d355e1752487e5864b614bc21609,2026-06-24T12:34:30.955169+00:00
1225384293,301349,信德新材,关于变更独立董事及调整董事会专门委员会委员的公告,2026-06-24,1782230400000,http://static.cninfo.com.cn/finalpage/2026-06-24/1225384293.PDF,finalpage/2026-06-24/1225384293.PDF,szse,01010503||010112||010115||012303,9900046772,c178856cc42ecfd6925f1c8e158ea79c6f753ab3,2026-06-24T12:34:30.955169+00:00
1225384289,301349,信德新材,关于财务总监、董事会秘书辞任暨指定人员代行财务总监职责、董事长代行董事会秘书职责的公告,2026-06-24,1782230400000,http://static.cninfo.com.cn/finalpage/2026-06-24/1225384289.PDF,finalpage/2026-06-24/1225384289.PDF,szse,01010503||010112||010115||012303,9900046772,09ade2f29fa10b70b7e177080b7609e2e331cb0d,2026-06-24T12:34:30.955169+00:00
1225384290,301349,信德新材,第二届董事会第二十一次会议决议公告,2026-06-24,1782230400000,http://static.cninfo.com.cn/finalpage/2026-06-24/1225384290.PDF,finalpage/2026-06-24/1225384290.PDF,szse,01010503||010112||010115||01239901,9900046772,c383bcdeb2d7e80c332dd85bd642ce307aa7af9c,2026-06-24T12:34:30.955169+00:00
1225383665,301366,一博科技,2025年度权益分派实施公告,2026-06-24,1782230400000,http://static.cninfo.com.cn/finalpage/2026-06-24/1225383665.PDF,finalpage/2026-06-24/1225383665.PDF,szse,01010503||010112||010115||011301,9900046504,090a1022d92d4b365e753c28535889c5615f1015,2026-06-24T12:34:51.853618+00:00
1225385613,301368,丰立智能,关于向特定对象发行股票申请获得中国证监会同意注册批复的公告,2026-06-24,1782294129000,http://static.cninfo.com.cn/finalpage/2026-06-24/1225385613.PDF,finalpage/2026-06-24/1225385613.PDF,szse,01010503||010112||010115||010703,nssc1000528,2432f8c2c880365f78d2aeb5bca80b8443d08ea5,2026-06-24T12:34:16.039008+00:00
1225385156,301377,鼎泰高科,关于刊发H股发行聆讯后资料集的公告,2026-06-24,1782291728000,http://static.cninfo.com.cn/finalpage/2026-06-24/1225385156.PDF,finalpage/2026-06-24/1225385156.PDF,szse,01010501||010112||010115||012399,9900047405,8c7d31ae5c882066ca3f883ac0f512201069649d,2026-06-24T12:34:18.798292+00:00
1225386217,301379,天山电子,关于2024年限制性股票激励计划首次授予第二个归属期及预留授予第一个归属期归属条件成就的公告,2026-06-24,1782298928000,http://static.cninfo.com.cn/finalpage/2026-06-24/1225386217.PDF,finalpage/2026-06-24/1225386217.PDF,szse,01010503||010112||010115||011303||012325,9900041502,209aa8a5d9184a18a31e6f91af606e3fdc11e1c1,2026-06-24T12:34:13.515537+00:00
1225386214,301379,天山电子,关于调整2024年限制性股票激励计划授予价格及授予数量的公告,2026-06-24,1782298928000,http://static.cninfo.com.cn/finalpage/2026-06-24/1225386214.PDF,finalpage/2026-06-24/1225386214.PDF,szse,01010503||010112||010115||012325,9900041502,12dde6d71db5df3cfb47ea10570144b794bfd2d8,2026-06-24T12:34:13.515537+00:00
1225386213,301379,天山电子,关于部分募集资金投资项目延期的公告,2026-06-24,1782298928000,http://static.cninfo.com.cn/finalpage/2026-06-24/1225386213.PDF,finalpage/2026-06-24/1225386213.PDF,szse,01010503||010112||010115||011705||012315,9900041502,0b3972a809bee99fcdf52450eed6a96e6a4e30d6,2026-06-24T12:34:13.515537+00:00
1225386216,301379,天山电子,北京市天元（深圳）律师事务所广西天山电子股份有限公司2024年限制性股票激励计划调整授予价格和授予数量、首次授予第二个归属期及预留授予第一个归属期归属条件成就的法律意见,2026-06-24,1782298928000,http://static.cninfo.com.cn/finalpage/2026-06-24/1225386216.PDF,finalpage/2026-06-24/1225386216.PDF,szse,01010503||01010901||010112||010115||012325||012903,9900041502,b2475f96e4215190c552cbf09d6745d069eea55e,2026-06-24T12:34:13.515537+00:00
1225386218,301379,天山电子,爱建证券有限责任公司关于广西天山电子股份有限公司关于募集资金投资项目延期的核查意见,2026-06-24,1782298928000,http://static.cninfo.com.cn/finalpage/2026-06-24/1225386218.PDF,finalpage/2026-06-24/1225386218.PDF,szse,010109||010112||010115||0129,9900041502,8f1358d4866ac6b4ec91fb920ae0a5b5031f7f81,2026-06-24T12:34:13.515537+00:00
1225386212,301379,天山电子,第四届董事会第二次会议决议公告,2026-06-24,1782298928000,http://static.cninfo.com.cn/finalpage/2026-06-24/1225386212.PDF,finalpage/2026-06-24/1225386212.PDF,szse,01010503||010112||010115||01239901,9900041502,db746c1a99214f6aafe6e97c64081e4ad2dc0fad,2026-06-24T12:34:13.515537+00:00
1225386215,301379,天山电子,董事会薪酬与考核委员会关于2024年限制性股票激励计划首次授予第二个归属期及预留授予第一个归属期归属条件和归属名单的核查意见,2026-06-24,1782298928000,http://static.cninfo.com.cn/finalpage/2026-06-24/1225386215.PDF,finalpage/2026-06-24/1225386215.PDF,szse,01010503||010112||010115||012325||01239901,9900041502,5e8b15d738587fece759ea46bca2854fb44fc08f,2026-06-24T12:34:13.515537+00:00
1225385159,301393,昊帆生物,2026年限制性股票激励计划实施考核管理办法,2026-06-24,1782291488000,http://static.cninfo.com.cn/finalpage/2026-06-24/1225385159.PDF,finalpage/2026-06-24/1225385159.PDF,szse,01010503||010112||010115||012325||013199,gfbj0837632,b1452e37796659b526892cd17d42f219d772c4fe,2026-06-24T12:34:20.022085+00:00
1225385158,301393,昊帆生物,2026年限制性股票激励计划（草案）,2026-06-24,1782291488000,http://static.cninfo.com.cn/finalpage/2026-06-24/1225385158.PDF,finalpage/2026-06-24/1225385158.PDF,szse,01010503||010112||010115||012325,gfbj0837632,7fcc1c5018324258d9ef7743796445a4c3de1d22,2026-06-24T12:34:20.022085+00:00
1225385157,301393,昊帆生物,2026年限制性股票激励计划（草案）摘要,2026-06-24,1782291488000,http://static.cninfo.com.cn/finalpage/2026-06-24/1225385157.PDF,finalpage/2026-06-24/1225385157.PDF,szse,01010503||010112||010115||012325,gfbj0837632,a372ffcaf7d97468a00b0532bd73cf98ef559da7,2026-06-24T12:34:20.022085+00:00
1225385162,301393,昊帆生物,安徽天禾律师事务所关于苏州昊帆生物股份有限公司2026年限制性股票激励计划（草案）之法律意见书,2026-06-24,1782291488000,http://static.cninfo.com.cn/finalpage/2026-06-24/1225385162.PDF,finalpage/2026-06-24/1225385162.PDF,szse,01010503||01010901||010112||010115||012325||012903,gfbj0837632,dd883c0394c2509b67a3d9be620408479316d431,2026-06-24T12:34:20.022085+00:00
1225385160,301393,昊帆生物,苏州昊帆生物股份有限公司2026年限制性股票激励计划自查表,2026-06-24,1782291488000,http://static.cninfo.com.cn/finalpage/2026-06-24/1225385160.PDF,finalpage/2026-06-24/1225385160.PDF,szse,01010503||010112||010115||012325,gfbj0837632,9576df151add6f4a4e969b6a791715cf4ae2a154,2026-06-24T12:34:20.022085+00:00
1225385161,301393,昊帆生物,董事会薪酬与考核委员会关于2026年限制性股票激励计划的核查意见,2026-06-24,1782291488000,http://static.cninfo.com.cn/finalpage/2026-06-24/1225385161.PDF,finalpage/2026-06-24/1225385161.PDF,szse,01010503||010112||010115||012325||01239901,gfbj0837632,92e99f7eb83564738930e1a80042d2ab13594d9a,2026-06-24T12:34:20.022085+00:00
1225385053,301396,宏景科技,股票交易异常波动公告,2026-06-24,1782290528000,http://static.cninfo.com.cn/finalpage/2026-06-24/1225385053.PDF,finalpage/2026-06-24/1225385053.PDF,szse,01010503||010112||010115||012103,9900033433,055ddd6c08f9e8f97256716dbfcc7362b182fece,2026-06-24T12:34:20.023088+00:00
1225383004,301397,溯联股份,中银国际证券股份有限公司关于重庆溯联塑胶股份有限公司部分首次公开发行前已发行股份上市流通的核查意见,2026-06-24,1782230400000,http://static.cninfo.com.cn/finalpage/2026-06-24/1225383004.PDF,finalpage/2026-06-24/1225383004.PDF,szse,010109||010112||010115||0129,nssc1000380,14546951bf463fe5570149e53083eb493fc42f31,2026-06-24T12:35:16.650876+00:00
1225383003,301397,溯联股份,关于部分首次公开发行前已发行股份上市流通的提示性公告,2026-06-24,1782230400000,http://static.cninfo.com.cn/finalpage/2026-06-24/1225383003.PDF,finalpage/2026-06-24/1225383003.PDF,szse,01010503||010112||010115||011303,nssc1000380,c0b2031b66c61ad046830ac5d019cea469817279,2026-06-24T12:35:16.650876+00:00
1225384720,301421,波长光电,关于完成工商变更登记并换发营业执照的公告,2026-06-24,1782286928000,http://static.cninfo.com.cn/finalpage/2026-06-24/1225384720.PDF,finalpage/2026-06-24/1225384720.PDF,szse,01010503||010112||010115||012301||012399,gfbj0831518,b4830e42148ddbd44088c0b4bb83aea36bb6db87,2026-06-24T12:34:22.213097+00:00
1225384725,301489,思泉新材,关于归还临时补充流动资金的闲置募集资金的公告,2026-06-24,1782287048000,http://static.cninfo.com.cn/finalpage/2026-06-24/1225384725.PDF,finalpage/2026-06-24/1225384725.PDF,szse,01010503||010112||010115||012315,gfbj0839556,4a125863ff84a767dc20690352c0b03735a06f27,2026-06-24T12:34:20.949861+00:00
1225384353,301499,维科精密,向不特定对象发行可转换公司债券信用评级报告,2026-06-24,1782230400000,http://static.cninfo.com.cn/finalpage/2026-06-24/1225384353.PDF,finalpage/2026-06-24/1225384353.PDF,szse,01010503||01010907||010112||010115||010999||0129,9900052217,514608fdb7b7f1b8be383dd2db391d2e6e722087,2026-06-24T12:34:29.576800+00:00
1225384347,301499,维科精密,向不特定对象发行可转换公司债券募集说明书,2026-06-24,1782230400000,http://static.cninfo.com.cn/finalpage/2026-06-24/1225384347.PDF,finalpage/2026-06-24/1225384347.PDF,szse,01010501||010112||010115||010905,9900052217,46bde2b997990984601fd6d173e7e78f237ad8ed,2026-06-24T12:34:29.576800+00:00
1225384346,301499,维科精密,向不特定对象发行可转换公司债券募集说明书提示性公告,2026-06-24,1782230400000,http://static.cninfo.com.cn/finalpage/2026-06-24/1225384346.PDF,finalpage/2026-06-24/1225384346.PDF,szse,01010503||010112||010115||010999,9900052217,6ff752b2a88b1525ee975d3f9578bea43d7c1387,2026-06-24T12:34:29.576800+00:00
1225384348,301499,维科精密,向不特定对象发行可转换公司债券募集说明书摘要,2026-06-24,1782230400000,http://static.cninfo.com.cn/finalpage/2026-06-24/1225384348.PDF,finalpage/2026-06-24/1225384348.PDF,szse,01010501||010112||010115||010905,9900052217,b4bbf66825ce88aaa6b60e5200ba8c109919253d,2026-06-24T12:34:29.576800+00:00
1225384349,301499,维科精密,向不特定对象发行可转换公司债券发行公告,2026-06-24,1782230400000,http://static.cninfo.com.cn/finalpage/2026-06-24/1225384349.PDF,finalpage/2026-06-24/1225384349.PDF,szse,01010503||010112||010115||010907||010999,9900052217,643412ecda8934c70f2ce07ff90c871946685c81,2026-06-24T12:34:29.576800+00:00
1225384350,301499,维科精密,向不特定对象发行可转换公司债券网上路演公告,2026-06-24,1782230400000,http://static.cninfo.com.cn/finalpage/2026-06-24/1225384350.PDF,finalpage/2026-06-24/1225384350.PDF,szse,01010503||010112||010115||010999,9900052217,2f119e61e8aa6ee5e978a26b30c9b2377d89ede2,2026-06-24T12:34:29.576800+00:00
1225384351,301499,维科精密,国泰海通证券股份有限公司关于上海维科精密模塑股份有限公司向不特定对象发行可转换公司债券之发行保荐书,2026-06-24,1782230400000,http://static.cninfo.com.cn/finalpage/2026-06-24/1225384351.PDF,finalpage/2026-06-24/1225384351.PDF,szse,01010701||010112||010115||012911,9900052217,37bc31b6d35e8ad995de10702d5a12f82fce41a2,2026-06-24T12:34:29.576800+00:00
1225384352,301499,维科精密,国浩律师（上海）事务所关于上海维科精密模塑股份有限公司向不特定对象发行可转换公司债券之法律意见书,2026-06-24,1782230400000,http://static.cninfo.com.cn/finalpage/2026-06-24/1225384352.PDF,finalpage/2026-06-24/1225384352.PDF,szse,01010901||010112||010115||012903,9900052217,57df921386301c551fcb80b93fb675f6b282964d,2026-06-24T12:34:29.576800+00:00
1225384354,301499,维科精密,第二届董事会第十六次会议决议公告,2026-06-24,1782230400000,http://static.cninfo.com.cn/finalpage/2026-06-24/1225384354.PDF,finalpage/2026-06-24/1225384354.PDF,szse,01010503||010112||010115||01239901,9900052217,757db40706bb207f7f7c2497e2b02cbfececbeb2,2026-06-24T12:34:28.347492+00:00
1225385090,301510,固高科技,中信建投证券股份有限公司关于固高科技股份有限公司全资子公司对外投资暨关联交易的核查意见,2026-06-24,1782290649000,http://static.cninfo.com.cn/finalpage/2026-06-24/1225385090.PDF,finalpage/2026-06-24/1225385090.PDF,szse,010109||010112||010115||0129,9900053178,2bdf1dbab99a397c7a1070aa6e187b47649ed859,2026-06-24T12:34:20.023088+00:00
1225386370,301526,国际复材,关于持股5%以上股东减持计划实施完成的公告,2026-06-24,1782300968000,http://static.cninfo.com.cn/finalpage/2026-06-24/1225386370.PDF,finalpage/2026-06-24/1225386370.PDF,szse,01010503||010112||010115||011501,9900047332,dd7de498d19fb0a46adda1eeed006b8a5dcd02a5,2026-06-24T12:34:12.264691+00:00
1225382542,301538,骏鼎达,关于全资子公司完成工商变更登记并换发营业执照的公告,2026-06-24,1782230400000,http://static.cninfo.com.cn/finalpage/2026-06-24/1225382542.PDF,finalpage/2026-06-24/1225382542.PDF,szse,01010503||010112||010115||012301||012399,gfbj0837635,bdae656cfba9d096b02e4823f7fc2f89db919812,2026-06-24T12:35:26.367156+00:00
1225382649,301548,崇德科技,关于股票交易异常波动的公告,2026-06-24,1782230400000,http://static.cninfo.com.cn/finalpage/2026-06-24/1225382649.PDF,finalpage/2026-06-24/1225382649.PDF,szse,01010503||010112||010115||012103,9900047303,c8333fc69aee541d97977095cff6134093e7db4f,2026-06-24T12:35:22.810246+00:00
1225386056,301550,斯菱智驱,2026年第一次临时股东会决议公告,2026-06-24,1782297248000,http://static.cninfo.com.cn/finalpage/2026-06-24/1225386056.PDF,finalpage/2026-06-24/1225386056.PDF,szse,01010503||010112||010115||011905,gfbj0832147,21dd3150cc277864f3348c431d20d6d02811f435,2026-06-24T12:34:14.983815+00:00
1225386057,301550,斯菱智驱,北京金杜（杭州）律师事务所关于浙江斯菱智能驱动集团股份有限公司2026年第一次临时股东会之法律意见书,2026-06-24,1782297248000,http://static.cninfo.com.cn/finalpage/2026-06-24/1225386057.PDF,finalpage/2026-06-24/1225386057.PDF,szse,01010901||010112||010115||011999||012903,gfbj0832147,65b8bd43f84c56be8ddec7ee162fb51d4acef565,2026-06-24T12:34:14.983815+00:00
1225384398,301559,中集环科,中集安瑞环科技股份有限公司章程,2026-06-24,1782230400000,http://static.cninfo.com.cn/finalpage/2026-06-24/1225384398.PDF,finalpage/2026-06-24/1225384398.PDF,szse,01010503||010112||010115||013101,9900048898,ca0d0035fb8322ab1c5a4e0d8336031e2d5380d8,2026-06-24T12:34:28.347492+00:00
1225384395,301559,中集环科,关于2026年一季度利润分配预案的公告,2026-06-24,1782230400000,http://static.cninfo.com.cn/finalpage/2026-06-24/1225384395.PDF,finalpage/2026-06-24/1225384395.PDF,szse,01010503||010112||010115||011301,9900048898,9fa959c74a8ed007a773c18024baec50eebb4ba9,2026-06-24T12:34:28.347492+00:00
1225384397,301559,中集环科,关于召开2026年第一次临时股东会的通知,2026-06-24,1782230400000,http://static.cninfo.com.cn/finalpage/2026-06-24/1225384397.PDF,finalpage/2026-06-24/1225384397.PDF,szse,01010503||010112||010115||011901,9900048898,feb599150915b477245ca73c18d138c2f144d39c,2026-06-24T12:34:28.347492+00:00
1225384399,301559,中集环科,关于增加公司经营范围并修订《公司章程》的公告,2026-06-24,1782230400000,http://static.cninfo.com.cn/finalpage/2026-06-24/1225384399.PDF,finalpage/2026-06-24/1225384399.PDF,szse,01010503||010112||010115||012301,9900048898,1be3731777ee93ed146f1dc856f9b83cee837ba5,2026-06-24T12:34:28.346486+00:00
1225384396,301559,中集环科,第二届董事会第十七次会议决议公告,2026-06-24,1782230400000,http://static.cninfo.com.cn/finalpage/2026-06-24/1225384396.PDF,finalpage/2026-06-24/1225384396.PDF,szse,01010503||010112||010115||01239901,9900048898,e81531c02765fa19978bb2b2276116e17abfb946,2026-06-24T12:34:28.347492+00:00
1225384773,301578,辰奕智能,关于召开2026年第一次临时股东会的提示性公告,2026-06-24,1782288608000,http://static.cninfo.com.cn/finalpage/2026-06-24/1225384773.PDF,finalpage/2026-06-24/1225384773.PDF,szse,01010503||010112||010115||011901,gfbj0870932,526b2c2df0db3ba85007c860f3e814a115a08a38,2026-06-24T12:34:20.949861+00:00
1225385302,301589,诺瓦星云,关于控股股东、实际控制人部分股份质押的公告,2026-06-24,1782292328000,http://static.cninfo.com.cn/finalpage/2026-06-24/1225385302.PDF,finalpage/2026-06-24/1225385302.PDF,szse,01010503||010112||010115||012307,9900053191,a5a126b5710215d99367ee560d60ad74fe4b8f7c,2026-06-24T12:34:18.796287+00:00
1225386161,301607,富特科技,关于持股5%以上股东股份变动比例触及1%整数倍的公告,2026-06-24,1782298208000,http://static.cninfo.com.cn/finalpage/2026-06-24/1225386161.PDF,finalpage/2026-06-24/1225386161.PDF,szse,01010503||010112||010115||011501,9900055972,ae47ee29b42617d9731cf534605d69243098197a,2026-06-24T12:34:13.517056+00:00
1225385739,301626,苏州天脉,2026年第一次临时股东会决议公告,2026-06-24,1782294728000,http://static.cninfo.com.cn/finalpage/2026-06-24/1225385739.PDF,finalpage/2026-06-24/1225385739.PDF,szse,01010503||010112||010115||011905,nssc1000571,96c0eee3f1cd693e8c721824f824f80a630383c9,2026-06-24T12:34:16.039008+00:00
1225385740,301626,苏州天脉,北京国枫律师事务所关于苏州天脉导热科技股份有限公司2026年第一次临时股东会的法律意见书,2026-06-24,1782294729000,http://static.cninfo.com.cn/finalpage/2026-06-24/1225385740.PDF,finalpage/2026-06-24/1225385740.PDF,szse,01010901||010112||010115||011999||012903,nssc1000571,09eeeec1c423ab1e0abe271cd977174e5a2c7c1d,2026-06-24T12:34:16.039008+00:00
1225383853,301669,高特电子,关于签署募集资金专户存储监管协议的公告,2026-06-24,1782230400000,http://static.cninfo.com.cn/finalpage/2026-06-24/1225383853.PDF,finalpage/2026-06-24/1225383853.PDF,szse,01010503||010112||010115||012315,9900063185,342282862e6279f2085e3e63d83e7888b159f4a3,2026-06-24T12:34:46.804580+00:00
1225385021,301678,新恒汇,关于使用自有外币资金、自有资金支付募投项目所需资金并以募集资金等额置换的公告,2026-06-24,1782290167000,http://static.cninfo.com.cn/finalpage/2026-06-24/1225385021.PDF,finalpage/2026-06-24/1225385021.PDF,szse,01010503||010112||010115||011705||012315,9900048758,ca7ad8d2b4bfe85646716cf0640ab4efa50ab530,2026-06-24T12:34:20.024089+00:00
1225385022,301678,新恒汇,方正证券承销保荐有限责任公司关于新恒汇电子股份有限公司使用自有外币资金、自有资金支付募投项目所需资金并以募集资金等额置换的核查意见,2026-06-24,1782290167000,http://static.cninfo.com.cn/finalpage/2026-06-24/1225385022.PDF,finalpage/2026-06-24/1225385022.PDF,szse,010109||010112||010115||0129,9900048758,dbe4b3f5a4f78da1cf350f7935fdbde859510d10,2026-06-24T12:34:20.024089+00:00
1225385020,301678,新恒汇,第二届董事会第十七次会议决议公告,2026-06-24,1782290167000,http://static.cninfo.com.cn/finalpage/2026-06-24/1225385020.PDF,finalpage/2026-06-24/1225385020.PDF,szse,01010503||010112||010115||01239901,9900048758,20fc8eed11ff0ccf0b4c26706492ae4a2c02cc16,2026-06-24T12:34:20.024089+00:00
1225382625,600010,包钢股份,包钢股份关于召开2025年年度暨2026年一季度业绩说明会的公告,2026-06-24,1782230400000,http://static.cninfo.com.cn/finalpage/2026-06-24/1225382625.PDF,finalpage/2026-06-24/1225382625.PDF,szse,01010503||010113||012399,gssh0600010,7a4d42552c893c5d5c037bf9c94949b7b3fba789,2026-06-24T12:35:22.810246+00:00
1225383303,600028,中国石化,中国石化H股公告-翌日披露表格,2026-06-24,1782230400000,http://static.cninfo.com.cn/finalpage/2026-06-24/1225383303.PDF,finalpage/2026-06-24/1225383303.PDF,szse,01010503||010113||012399,gssh0600028,074f086c07bd2403c5678147c2fb7099dbbd1226,2026-06-24T12:35:08.311766+00:00
1225382571,600033,福建高速,关于公司独立董事辞职的公告,2026-06-24,1782230400000,http://static.cninfo.com.cn/finalpage/2026-06-24/1225382571.PDF,finalpage/2026-06-24/1225382571.PDF,szse,01010503||010113||012303,gssh0600033,7f4681271ec02db09cd0951d590b0698fef0bcc8,2026-06-24T12:35:25.195044+00:00
1225383404,600039,四川路桥,四川路桥2024年度第二期中期票据2026年付息完成公告,2026-06-24,1782230400000,http://static.cninfo.com.cn/finalpage/2026-06-24/1225383404.PDF,finalpage/2026-06-24/1225383404.PDF,szse,01010503||010113||011103,gssh0600039,e53773dd0ccc53b3b3a4f7ad78e27146c5dcfbe8,2026-06-24T12:35:02.747446+00:00
1225384123,600048,保利发展,中国国际金融股份有限公司关于保利发展控股集团股份有限公司差异化分红事项的专项意见,2026-06-24,1782230400000,http://static.cninfo.com.cn/finalpage/2026-06-24/1225384123.PDF,finalpage/2026-06-24/1225384123.PDF,szse,01010503||010113||012399,9900000161,a543172cf1fe4955d33fed41c674b858cc7accd0,2026-06-24T12:34:39.704403+00:00
1225384139,600048,保利发展,保利发展控股集团股份有限公司2025年年度权益分派实施公告,2026-06-24,1782230400000,http://static.cninfo.com.cn/finalpage/2026-06-24/1225384139.PDF,finalpage/2026-06-24/1225384139.PDF,szse,01010503||010113||011301,9900000161,0503d95d16a763e1bf88110e89cf4fb41ec585d2,2026-06-24T12:34:39.702893+00:00
1225384133,600048,保利发展,保利发展控股集团股份有限公司关于根据2025年度利润分配方案调整“保利定转”转股价格的公告,2026-06-24,1782230400000,http://static.cninfo.com.cn/finalpage/2026-06-24/1225384133.PDF,finalpage/2026-06-24/1225384133.PDF,szse,01010503||010113||010915||011301,9900000161,7cc51f7e6abe759979c0c6948ef3a980236751c8,2026-06-24T12:34:39.702893+00:00
1225383762,600054,黄山旅游,黄山旅游2025年年度权益分派实施公告,2026-06-24,1782230400000,http://static.cninfo.com.cn/finalpage/2026-06-24/1225383762.PDF,finalpage/2026-06-24/1225383762.PDF,szse,01010503||010113||011301,gssh0600054,1a889af38ddb67dfbc845aab75f8e9129ea0a302,2026-06-24T12:34:49.316380+00:00
1225382747,600067,冠城新材,冠城新材关于控股股东股份解除质押的公告,2026-06-24,1782230400000,http://static.cninfo.com.cn/finalpage/2026-06-24/1225382747.PDF,finalpage/2026-06-24/1225382747.PDF,szse,01010503||010113||012307,gssh0600067,dd12137ba52df40cefbd232794af7bb6ced40b69,2026-06-24T12:35:21.975535+00:00
1225384009,600072,中船科技,中船科技股份有限公司2025年年度股东会会议资料,2026-06-24,1782230400000,http://static.cninfo.com.cn/finalpage/2026-06-24/1225384009.PDF,finalpage/2026-06-24/1225384009.PDF,szse,01010503||010113||011906,gssh0600072,f6ecc1500d03f8b008e339add4aa5ab78de0c6bf,2026-06-24T12:34:42.414455+00:00
1225383764,600079,ST人福,2026年第二次临时股东会决议公告,2026-06-24,1782230400000,http://static.cninfo.com.cn/finalpage/2026-06-24/1225383764.PDF,finalpage/2026-06-24/1225383764.PDF,szse,01010503||010113||011905,gssh0600079,524015c88c966d5f99d7b058edbe6280843ab986,2026-06-24T12:34:49.316380+00:00
1225383763,600079,ST人福,北京德恒律师事务所关于人福医药集团股份公司2026年第二次临时股东会的法律意见,2026-06-24,1782230400000,http://static.cninfo.com.cn/finalpage/2026-06-24/1225383763.PDF,finalpage/2026-06-24/1225383763.PDF,szse,01010901||010113||011999||012903,gssh0600079,e1776e96d844d4f894cf6c236b8550b3a34205de,2026-06-24T12:34:49.316380+00:00
1225383084,600099,林海股份,林海股份有限公司2025年年度权益分派实施公告,2026-06-24,1782230400000,http://static.cninfo.com.cn/finalpage/2026-06-24/1225383084.PDF,finalpage/2026-06-24/1225383084.PDF,szse,01010503||010113||011301,gssh0600099,e2bcb5d288ae452de18531c648ce37c9f0bd8571,2026-06-24T12:35:12.824426+00:00
1225384511,600107,*ST尔雅,2025年年度股东大会决议公告,2026-06-24,1782230400000,http://static.cninfo.com.cn/finalpage/2026-06-24/1225384511.PDF,finalpage/2026-06-24/1225384511.PDF,szse,01010503||010113||011905,gssh0600107,498820a2e3bfd85b620bf3fb9161b00386eb4ebb,2026-06-24T12:34:25.046822+00:00
1225384510,600107,*ST尔雅,关于选举职工董事的公告,2026-06-24,1782230400000,http://static.cninfo.com.cn/finalpage/2026-06-24/1225384510.PDF,finalpage/2026-06-24/1225384510.PDF,szse,01010503||010113||012303,gssh0600107,82977747e644c3bd5c4f2f583b3e924a29833fc6,2026-06-24T12:34:25.046822+00:00
1225384508,600107,*ST尔雅,湖北得伟君尚律师事务所关于湖北美尔雅股份有限公司2025年年度股东大会的法律意见书,2026-06-24,1782230400000,http://static.cninfo.com.cn/finalpage/2026-06-24/1225384508.PDF,finalpage/2026-06-24/1225384508.PDF,szse,01010901||010113||011999||012903,gssh0600107,156cb9f09abe8178195be6c90bbadcfbd061a040,2026-06-24T12:34:25.046822+00:00
1225384509,600107,*ST尔雅,第十三届董事会第一次会议决议公告,2026-06-24,1782230400000,http://static.cninfo.com.cn/finalpage/2026-06-24/1225384509.PDF,finalpage/2026-06-24/1225384509.PDF,szse,01010503||010113||01239901,gssh0600107,f782c56c46c9ea76d7ec2dfcacb1acd139db6882,2026-06-24T12:34:25.046822+00:00
1225383658,600110,诺德股份,诺德新材料股份有限公司关于参与投资设立的产业基金完成备案的公告,2026-06-24,1782230400000,http://static.cninfo.com.cn/finalpage/2026-06-24/1225383658.PDF,finalpage/2026-06-24/1225383658.PDF,szse,01010503||010113||011705,gssh0600110,c7b8cd7e57a7142a27f2d58fff613ddef501cd21,2026-06-24T12:34:51.854617+00:00
1225384038,600111,北方稀土,北方稀土2026年第一次临时股东会会议资料,2026-06-24,1782230400000,http://static.cninfo.com.cn/finalpage/2026-06-24/1225384038.PDF,finalpage/2026-06-24/1225384038.PDF,szse,01010503||010113||011906,gssh0600111,1e59b3a2775d10671213117e332af5035b0d7e1e,2026-06-24T12:34:42.413458+00:00
1225383060,600115,中国东航,中国东方航空股份有限公司2026年度信用评级报告,2026-06-24,1782230400000,http://static.cninfo.com.cn/finalpage/2026-06-24/1225383060.PDF,finalpage/2026-06-24/1225383060.PDF,szse,01010501||010113||013999,gssh0600115,bf0c8a0a472bf92d1389f55a9283048d586c2359,2026-06-24T12:35:13.854091+00:00
1225383472,600115,中国东航,中国东方航空股份有限公司2026年度信用评级结果公告,2026-06-24,1782230400000,http://static.cninfo.com.cn/finalpage/2026-06-24/1225383472.PDF,finalpage/2026-06-24/1225383472.PDF,szse,01010501||010113||012399,gssh0600115,6378a5b846cc5960c2aa84e695fcbf93778f179c,2026-06-24T12:34:59.895981+00:00
1225382489,600121,郑州煤电,郑州煤电股份有限公司2026年第二次独立董事专门会议决议,2026-06-24,1782230400000,http://static.cninfo.com.cn/finalpage/2026-06-24/1225382489.PDF,finalpage/2026-06-24/1225382489.PDF,szse,01010503||010113||012399,gssh0600121,6d79f72e1be88cbe8447d50bf9c4e14a33dcc193,2026-06-24T12:35:28.451467+00:00
1225382531,600121,郑州煤电,郑州煤电股份有限公司关于对控股子公司增资暨关联交易的公告,2026-06-24,1782230400000,http://static.cninfo.com.cn/finalpage/2026-06-24/1225382531.PDF,finalpage/2026-06-24/1225382531.PDF,szse,01010503||010113||011705||011719,gssh0600121,fe525dd0ef8551e37972be819f2535b57baf0446,2026-06-24T12:35:26.367156+00:00
1225382526,600121,郑州煤电,郑州煤电股份有限公司第十届董事会第八次会议决议公告,2026-06-24,1782230400000,http://static.cninfo.com.cn/finalpage/2026-06-24/1225382526.PDF,finalpage/2026-06-24/1225382526.PDF,szse,01010503||010113||01239901,gssh0600121,f74c7dfb429670195602135a55df2e880500726c,2026-06-24T12:35:26.368157+00:00
1225383919,600127,金健米业,湖南启元律师事务所关于金健米业股份有限公司2025年年度股东会的法律意见书,2026-06-24,1782230400000,http://static.cninfo.com.cn/finalpage/2026-06-24/1225383919.PDF,finalpage/2026-06-24/1225383919.PDF,szse,01010901||010113||011999||012903,gssh0600127,0a8a2d3486af061359a95d14294e562a5ddeb570,2026-06-24T12:34:45.829939+00:00
1225383920,600127,金健米业,金健米业2025年年度股东会决议公告,2026-06-24,1782230400000,http://static.cninfo.com.cn/finalpage/2026-06-24/1225383920.PDF,finalpage/2026-06-24/1225383920.PDF,szse,01010503||010113||011905,gssh0600127,0f25c30a62d0e2429505cbc652d2ddc1b8a9db52,2026-06-24T12:34:45.829939+00:00
1225383935,600127,金健米业,金健米业第十届董事会第七次会议决议公告,2026-06-24,1782230400000,http://static.cninfo.com.cn/finalpage/2026-06-24/1225383935.PDF,finalpage/2026-06-24/1225383935.PDF,szse,01010503||010113||01239901,gssh0600127,e592130e15195f5df17b58e789ce04c3722a1107,2026-06-24T12:34:45.828932+00:00
1225383092,600161,天坛生物,天坛生物关于下属企业药品临床试验进展的公告,2026-06-24,1782230400000,http://static.cninfo.com.cn/finalpage/2026-06-24/1225383092.PDF,finalpage/2026-06-24/1225383092.PDF,szse,01010503||010113||012399,gssh0600161,4d87d5ef074ee255ffce76b43a9bf4fef06e80a7,2026-06-24T12:35:12.824426+00:00
1225382743,600165,ST宁科,ST宁科2026年第二次临时股东会材料,2026-06-24,1782230400000,http://static.cninfo.com.cn/finalpage/2026-06-24/1225382743.PDF,finalpage/2026-06-24/1225382743.PDF,szse,01010503||010113||011906,gssh0600165,a40b07df38ef93979770ec4ea675c1d6fd178579,2026-06-24T12:35:21.976540+00:00
1225383269,600172,黄河旋风,股票交易异常波动公告,2026-06-24,1782230400000,http://static.cninfo.com.cn/finalpage/2026-06-24/1225383269.PDF,finalpage/2026-06-24/1225383269.PDF,szse,01010503||010113||012103,gssh0600172,37e5ddbece6da486de0c8fbc2542e8971f08994e,2026-06-24T12:35:08.312771+00:00
1225382498,600178,东安动力,哈尔滨东安汽车动力股份有限公司关于公司董事退休离任的公告,2026-06-24,1782230400000,http://static.cninfo.com.cn/finalpage/2026-06-24/1225382498.PDF,finalpage/2026-06-24/1225382498.PDF,szse,01010503||010113||012303,gssh0600178,c46fca08eddc89df8acaaec5f93c6345d19c2fee,2026-06-24T12:35:28.451467+00:00
1225383873,600185,珠免集团,关于解除担保的进展公告,2026-06-24,1782230400000,http://static.cninfo.com.cn/finalpage/2026-06-24/1225383873.PDF,finalpage/2026-06-24/1225383873.PDF,szse,01010503||010113||011711,gssh0600185,e2762ba486cefc619e7aab17182d5fab1f4ee6fb,2026-06-24T12:34:46.803581+00:00
1225383877,600185,珠免集团,珠免集团2026年第二次临时股东会会议材料,2026-06-24,1782230400000,http://static.cninfo.com.cn/finalpage/2026-06-24/1225383877.PDF,finalpage/2026-06-24/1225383877.PDF,szse,01010503||010113||011906,gssh0600185,0dd8ee40f62a85af859980cc20bfc595917f96a5,2026-06-24T12:34:46.803581+00:00
1225383069,600193,退市创兴,上海创兴资源开发股份有限公司关于公司股票进入退市整理期交易的第四次风险提示公告,2026-06-24,1782230400000,http://static.cninfo.com.cn/finalpage/2026-06-24/1225383069.PDF,finalpage/2026-06-24/1225383069.PDF,szse,01010503||010113||012107||012109||012509,gssh0600193,e3968670e714826e932654624183bab93106669b,2026-06-24T12:35:13.853092+00:00
1225382511,600201,生物股份,生物股份关于以集中竞价方式回购股份的回购报告书,2026-06-24,1782230400000,http://static.cninfo.com.cn/finalpage/2026-06-24/1225382511.PDF,finalpage/2026-06-24/1225382511.PDF,szse,01010503||010113||011513,gssh0600201,457a6270720e6279d9ece549bc4a8f3462324099,2026-06-24T12:35:28.450468+00:00
1225383735,600206,有研新材,有研新材料股份有限公司关于股票价格异常波动的公告,2026-06-24,1782230400000,http://static.cninfo.com.cn/finalpage/2026-06-24/1225383735.PDF,finalpage/2026-06-24/1225383735.PDF,szse,01010503||010113||012103,gssh0600206,1322f1a14fa2cd510a4951177c3e8541aeafc4fb,2026-06-24T12:34:50.547402+00:00
1225382518,600230,沧州大化,沧州大化股份有限公司2026年第二次临时股东会会议资料,2026-06-24,1782230400000,http://static.cninfo.com.cn/finalpage/2026-06-24/1225382518.PDF,finalpage/2026-06-24/1225382518.PDF,szse,01010503||010113||011906,gssh0600230,22cf6158265744979cfe1e92626202ab593ab981,2026-06-24T12:35:26.368157+00:00
1225384453,600243,*ST海华,国信信扬律师事务所关于青海华鼎2026年第二次临时股东会的法律意见书,2026-06-24,1782230400000,http://static.cninfo.com.cn/finalpage/2026-06-24/1225384453.PDF,finalpage/2026-06-24/1225384453.PDF,szse,01010901||010113||011999||012903,gssh0600243,9907301f52f615cdd264bc6dd1f1d03043620e8c,2026-06-24T12:34:26.314186+00:00
1225384456,600243,*ST海华,青海华鼎2026年第二次临时股东会决议公告,2026-06-24,1782230400000,http://static.cninfo.com.cn/finalpage/2026-06-24/1225384456.PDF,finalpage/2026-06-24/1225384456.PDF,szse,01010503||010113||011905,gssh0600243,f1bc552308df509f7c11f9670da0abfbe177e960,2026-06-24T12:34:26.314186+00:00
1225384452,600243,*ST海华,青海华鼎关于使用公积金弥补亏损通知债权人的公告,2026-06-24,1782230400000,http://static.cninfo.com.cn/finalpage/2026-06-24/1225384452.PDF,finalpage/2026-06-24/1225384452.PDF,szse,01010503||010113||012399,gssh0600243,4022b7fa5a8f5a715bca3c9eaae11faf9589f61a,2026-06-24T12:34:26.314186+00:00
1225383971,600258,首旅酒店,关于北京首旅酒店（集团）股份有限公司2026年第二次临时股东会的法律意见书,2026-06-24,1782230400000,http://static.cninfo.com.cn/finalpage/2026-06-24/1225383971.PDF,finalpage/2026-06-24/1225383971.PDF,szse,01010901||010113||011999||012903,gssh0600258,2ee8330c33c89c0e635972ed06e0f0b08ec9e3d0,2026-06-24T12:34:44.622624+00:00
1225383969,600258,首旅酒店,北京首旅酒店（集团）股份有限公司2026年第二次临时股东会决议公告,2026-06-24,1782230400000,http://static.cninfo.com.cn/finalpage/2026-06-24/1225383969.PDF,finalpage/2026-06-24/1225383969.PDF,szse,01010503||010113||011905,gssh0600258,8d45c2e90828fa8b09727db9d29696553dedd5e3,2026-06-24T12:34:44.622624+00:00
1225382860,600262,北方股份,内蒙古北方重型汽车股份有限公司九届十一次董事会决议公告,2026-06-24,1782230400000,http://static.cninfo.com.cn/finalpage/2026-06-24/1225382860.PDF,finalpage/2026-06-24/1225382860.PDF,szse,01010503||010113||01239901,gssh0600262,0f9a9ae7a29d739458141e2c7c43de40e3be54ce,2026-06-24T12:35:20.088099+00:00
1225382846,600262,北方股份,内蒙古北方重型汽车股份有限公司关于设立成都研发中心（分公司）的公告,2026-06-24,1782230400000,http://static.cninfo.com.cn/finalpage/2026-06-24/1225382846.PDF,finalpage/2026-06-24/1225382846.PDF,szse,01010503||010113||011705,gssh0600262,6d7982972f2cc75ea431fec5c479fcb1eef47015,2026-06-24T12:35:20.088099+00:00
1225382859,600262,北方股份,内蒙古北方重型汽车股份有限公司对外信息报送和使用管理制度,2026-06-24,1782230400000,http://static.cninfo.com.cn/finalpage/2026-06-24/1225382859.PDF,finalpage/2026-06-24/1225382859.PDF,szse,01010503||010113||013199,gssh0600262,860b2b98ff41b3c84fdcc0821e2be5288877f178,2026-06-24T12:35:20.088099+00:00
1225382864,600262,北方股份,内蒙古北方重型汽车股份有限公司年报信息披露重大差错责任追究制度,2026-06-24,1782230400000,http://static.cninfo.com.cn/finalpage/2026-06-24/1225382864.PDF,finalpage/2026-06-24/1225382864.PDF,szse,01010503||010113||013199,gssh0600262,66e91e3eb74fe9bd306f585b40c671eb9f102fde,2026-06-24T12:35:20.087094+00:00
1225382856,600262,北方股份,内蒙古北方重型汽车股份有限公司投资者关系管理制度,2026-06-24,1782230400000,http://static.cninfo.com.cn/finalpage/2026-06-24/1225382856.PDF,finalpage/2026-06-24/1225382856.PDF,szse,01010503||010113||013199,gssh0600262,716d1127599c3e68e5c9ae4af249ce96a35c39f6,2026-06-24T12:35:20.088099+00:00
1225382867,600262,北方股份,内蒙古北方重型汽车股份有限公司控股股东行为规范,2026-06-24,1782230400000,http://static.cninfo.com.cn/finalpage/2026-06-24/1225382867.PDF,finalpage/2026-06-24/1225382867.PDF,szse,01010503||010113||013199,gssh0600262,cdc19b07dc0156813daf0a9c43a33946270d405e,2026-06-24T12:35:20.087094+00:00
1225382852,600262,北方股份,内蒙古北方重型汽车股份有限公司敏感信息排查管理制度,2026-06-24,1782230400000,http://static.cninfo.com.cn/finalpage/2026-06-24/1225382852.PDF,finalpage/2026-06-24/1225382852.PDF,szse,01010503||010113||013199,gssh0600262,36528a28b49843273cf8116e55cfddfdd90fea89,2026-06-24T12:35:20.088099+00:00
1225382858,600262,北方股份,内蒙古北方重型汽车股份有限公司独立董事工作制度,2026-06-24,1782230400000,http://static.cninfo.com.cn/finalpage/2026-06-24/1225382858.PDF,finalpage/2026-06-24/1225382858.PDF,szse,01010503||010113||013105||013199,gssh0600262,71c0c89953c8a9c85cede98f035ab1fdbd8537b8,2026-06-24T12:35:20.088099+00:00
1225382843,600262,北方股份,内蒙古北方重型汽车股份有限公司独立董事年报工作制度,2026-06-24,1782230400000,http://static.cninfo.com.cn/finalpage/2026-06-24/1225382843.PDF,finalpage/2026-06-24/1225382843.PDF,szse,01010503||010113||013105||013199,gssh0600262,1b4ea46bee72a7faeda35c3a4072a229d2f680e3,2026-06-24T12:35:20.088099+00:00
1225382838,600262,北方股份,内蒙古北方重型汽车股份有限公司董事会审计委员会年报工作规程,2026-06-24,1782230400000,http://static.cninfo.com.cn/finalpage/2026-06-24/1225382838.PDF,finalpage/2026-06-24/1225382838.PDF,szse,01010503||010113||013105||013199,gssh0600262,589571d00ff8016f7431f79f2acff4683d3d4511,2026-06-24T12:35:20.089098+00:00
1225382844,600262,北方股份,内蒙古北方重型汽车股份有限公司董事会战略与投资委员会工作规则,2026-06-24,1782230400000,http://static.cninfo.com.cn/finalpage/2026-06-24/1225382844.PDF,finalpage/2026-06-24/1225382844.PDF,szse,01010503||010113||013105||013199,gssh0600262,9d7a519ba1bd91ef2d32b808e83fc88682512086,2026-06-24T12:35:20.088099+00:00
1225382848,600262,北方股份,内蒙古北方重型汽车股份有限公司董事会提名委员会工作规则,2026-06-24,1782230400000,http://static.cninfo.com.cn/finalpage/2026-06-24/1225382848.PDF,finalpage/2026-06-24/1225382848.PDF,szse,01010503||010113||013105||013199,gssh0600262,12adc59aa3df4a6de9a262a2e5d0cca68da6bf77,2026-06-24T12:35:20.088099+00:00
1225382863,600262,北方股份,内蒙古北方重型汽车股份有限公司董事会科技创新委员会工作规则,2026-06-24,1782230400000,http://static.cninfo.com.cn/finalpage/2026-06-24/1225382863.PDF,finalpage/2026-06-24/1225382863.PDF,szse,01010503||010113||013105||013199,gssh0600262,b32e1ecf00bf652a73e2f5096935a8646ab5ebf7,2026-06-24T12:35:20.088099+00:00
1225382853,600262,北方股份,内蒙古北方重型汽车股份有限公司董事会秘书工作细则,2026-06-24,1782230400000,http://static.cninfo.com.cn/finalpage/2026-06-24/1225382853.PDF,finalpage/2026-06-24/1225382853.PDF,szse,01010503||010113||013105||013199,gssh0600262,5a04f4e107d66675c5ee4930d8a15650690899ea,2026-06-24T12:35:20.088099+00:00
1225382835,600262,北方股份,内蒙古北方重型汽车股份有限公司董事会薪酬与考核委员会工作规则,2026-06-24,1782230400000,http://static.cninfo.com.cn/finalpage/2026-06-24/1225382835.PDF,finalpage/2026-06-24/1225382835.PDF,szse,01010503||010113||013105||013199,gssh0600262,9661fa62b126384f1974e48a4778ed3470c59389,2026-06-24T12:35:21.152390+00:00
1225382854,600262,北方股份,内蒙古北方重型汽车股份有限公司董事和高级管理人员所持公司股份及其变动管理制度,2026-06-24,1782230400000,http://static.cninfo.com.cn/finalpage/2026-06-24/1225382854.PDF,finalpage/2026-06-24/1225382854.PDF,szse,01010503||010113||013105||013199,gssh0600262,f2626552d9d84ce215bb4d28791669908e85160b,2026-06-24T12:35:20.088099+00:00
1225382837,600262,北方股份,内蒙古北方重型汽车股份有限公司重大信息内部报告制度,2026-06-24,1782230400000,http://static.cninfo.com.cn/finalpage/2026-06-24/1225382837.PDF,finalpage/2026-06-24/1225382837.PDF,szse,01010503||010113||013199,gssh0600262,987d865cd7a0c024b3082670136556c45fb32c55,2026-06-24T12:35:20.089098+00:00
1225382862,600262,北方股份,内蒙古北方重型汽车股份有限公司防范控股股东及关联方资金占用管理办法,2026-06-24,1782230400000,http://static.cninfo.com.cn/finalpage/2026-06-24/1225382862.PDF,finalpage/2026-06-24/1225382862.PDF,szse,01010503||010113||013199,gssh0600262,bd28c806cf84cdb316d4f64a1615b47772bad92c,2026-06-24T12:35:20.088099+00:00
1225382647,600266,城建发展,城建发展关于收到深圳市中科招商创业投资有限公司现金分红的公告,2026-06-24,1782230400000,http://static.cninfo.com.cn/finalpage/2026-06-24/1225382647.PDF,finalpage/2026-06-24/1225382647.PDF,szse,01010501||010113||012399,gssh0600266,4f08786a1c042fc7084472ad75b7639abd730316,2026-06-24T12:35:22.810246+00:00
1225383767,600276,恒瑞医药,恒瑞医药关于撤回药品注册申请的公告,2026-06-24,1782230400000,http://static.cninfo.com.cn/finalpage/2026-06-24/1225383767.PDF,finalpage/2026-06-24/1225383767.PDF,szse,01010501||010113||012399,gssh0600276,3e3269638cbf9ec70c1151822e4626f4d1e7184e,2026-06-24T12:34:49.315375+00:00
1225382800,600285,羚锐制药,羚锐制药关于获得药品补充申请批准通知书的公告,2026-06-24,1782230400000,http://static.cninfo.com.cn/finalpage/2026-06-24/1225382800.PDF,finalpage/2026-06-24/1225382800.PDF,szse,01010503||010113||012399,gssh0600285,c0599ceb110a989fe1e61699992c68170d9bf12e,2026-06-24T12:35:21.153394+00:00
1225383476,600288,大恒科技,上海市锦天城律师事务所关于大恒新纪元科技股份有限公司2025年年度股东会法律意见书,2026-06-24,1782230400000,http://static.cninfo.com.cn/finalpage/2026-06-24/1225383476.PDF,finalpage/2026-06-24/1225383476.PDF,szse,01010901||010113||011999||012903,gssh0600288,cdef02d2343f257cf0bd56a31ea99b95801fafa0,2026-06-24T12:34:59.895981+00:00
1225383465,600288,大恒科技,大恒新纪元科技股份有限公司2025年年度股东会决议公告,2026-06-24,1782230400000,http://static.cninfo.com.cn/finalpage/2026-06-24/1225383465.PDF,finalpage/2026-06-24/1225383465.PDF,szse,01010503||010113||011905,gssh0600288,7a368a4b5077eecb95a55c2625c911ab880e8e35,2026-06-24T12:34:59.896546+00:00
1225384131,600298,安琪酵母,安琪酵母股份有限公司2026年第一次临时股东会会议资料,2026-06-24,1782230400000,http://static.cninfo.com.cn/finalpage/2026-06-24/1225384131.PDF,finalpage/2026-06-24/1225384131.PDF,szse,01010503||010113||011906,gssh0600298,ad49befe9e6e6c929b7fb8d9f00f67aa1292e0ff,2026-06-24T12:34:39.702893+00:00
1225384073,600298,安琪酵母,安琪酵母股份有限公司关于为控股子公司提供担保的公告,2026-06-24,1782230400000,http://static.cninfo.com.cn/finalpage/2026-06-24/1225384073.PDF,finalpage/2026-06-24/1225384073.PDF,szse,01010503||010113||011711,gssh0600298,b1b17f6a49a043891b4d5732449823b4b3e38ecd,2026-06-24T12:34:40.990928+00:00
1225383039,600299,安迪苏,中信证券股份有限公司关于蓝星安迪苏股份有限公司向特定对象发行股票限售股上市流通的核查意见,2026-06-24,1782230400000,http://static.cninfo.com.cn/finalpage/2026-06-24/1225383039.PDF,finalpage/2026-06-24/1225383039.PDF,szse,010109||010113||0129,gssh0600299,8a3d20932e6d8b0dba9dc5d2c735aae80443841b,2026-06-24T12:35:15.299640+00:00
1225383085,600299,安迪苏,安迪苏关于向特定对象发行A股股票限售股上市流通公告,2026-06-24,1782230400000,http://static.cninfo.com.cn/finalpage/2026-06-24/1225383085.PDF,finalpage/2026-06-24/1225383085.PDF,szse,01010503||010113||011303,gssh0600299,5582666ef4745cbf094ab12ce978cb3b9ca28caa,2026-06-24T12:35:12.824426+00:00
1225383462,600305,恒顺醋业,江苏恒顺醋业股份有限公司2025年年度权益分派实施公告,2026-06-24,1782230400000,http://static.cninfo.com.cn/finalpage/2026-06-24/1225383462.PDF,finalpage/2026-06-24/1225383462.PDF,szse,01010503||010113||011301,gssh0600305,cc87c76742365ae6c942a8965087571fe8382ae6,2026-06-24T12:34:59.897108+00:00
1225382851,600309,万华化学,万华化学关于持股5%以上股东部分股份解除质押公告,2026-06-24,1782230400000,http://static.cninfo.com.cn/finalpage/2026-06-24/1225382851.PDF,finalpage/2026-06-24/1225382851.PDF,szse,01010503||010113||012307,gssh0600309,0989a47fcff14696777c6c7283047f2343759718,2026-06-24T12:35:20.088099+00:00
1225383604,600310,广西能源,广西能源股份有限公司关于向特定对象发行A股股票相关事项获得广西投资集团有限公司批复的公告,2026-06-24,1782230400000,http://static.cninfo.com.cn/finalpage/2026-06-24/1225383604.PDF,finalpage/2026-06-24/1225383604.PDF,szse,01010501||010113||012399,gssh0600310,8f04cc371eedf041006abf17798d773eef3b994b,2026-06-24T12:34:53.356871+00:00
1225382532,600322,津投城开,津投城开2026年第三次临时股东会会议资料,2026-06-24,1782230400000,http://static.cninfo.com.cn/finalpage/2026-06-24/1225382532.PDF,finalpage/2026-06-24/1225382532.PDF,szse,01010503||010113||011906,gssh0600322,9d550893bde530976d4594ab7a5dc06ffeb94f05,2026-06-24T12:35:26.367156+00:00
1225383463,600322,津投城开,津投城开股票交易异常波动公告,2026-06-24,1782230400000,http://static.cninfo.com.cn/finalpage/2026-06-24/1225383463.PDF,finalpage/2026-06-24/1225383463.PDF,szse,01010503||010113||012103,gssh0600322,ae747dda411480c99ab081570565ff77baceee57,2026-06-24T12:34:59.897108+00:00
1225383467,600322,津投城开,津投城开诉讼进展公告,2026-06-24,1782230400000,http://static.cninfo.com.cn/finalpage/2026-06-24/1225383467.PDF,finalpage/2026-06-24/1225383467.PDF,szse,01010503||010113||012309,gssh0600322,084676917373dfbb480fff87c85ffcb9af36404b,2026-06-24T12:34:59.896546+00:00
1225383468,600322,津投城开,津投城开诉讼（仲裁）事项公告,2026-06-24,1782230400000,http://static.cninfo.com.cn/finalpage/2026-06-24/1225383468.PDF,finalpage/2026-06-24/1225383468.PDF,szse,01010503||010113||012309||012311,gssh0600322,25e2c8a9faefe335c5ed315a5fd6c406c9a67ef4,2026-06-24T12:34:59.896546+00:00
1225384490,600323,瀚蓝环境,2025年年度股东会决议公告,2026-06-24,1782230400000,http://static.cninfo.com.cn/finalpage/2026-06-24/1225384490.PDF,finalpage/2026-06-24/1225384490.PDF,szse,01010503||010113||011905,gssh0600323,c3cbccc3207e421eec9309d174c1a201e9afd4aa,2026-06-24T12:34:25.047344+00:00
1225384488,600323,瀚蓝环境,关于本次交易获得国资监管部门批复的公告,2026-06-24,1782230400000,http://static.cninfo.com.cn/finalpage/2026-06-24/1225384488.PDF,finalpage/2026-06-24/1225384488.PDF,szse,01010501||010113||012399,gssh0600323,a7bb8d041df64cc2e7bd60d2e5ed4cc18d6fa614,2026-06-24T12:34:25.047344+00:00
1225384485,600323,瀚蓝环境,广东君信经纶君厚律师事务所关于瀚蓝环境股份有限公司2025年年度股东会的法律意见书,2026-06-24,1782230400000,http://static.cninfo.com.cn/finalpage/2026-06-24/1225384485.PDF,finalpage/2026-06-24/1225384485.PDF,szse,01010901||010113||011999||012903,gssh0600323,74eceb020c3929c2019a09d4ccefd78863e93e17,2026-06-24T12:34:25.047344+00:00
1225384487,600323,瀚蓝环境,瀚蓝环境股份有限公司董事、高级管理人员薪酬管理制度,2026-06-24,1782230400000,http://static.cninfo.com.cn/finalpage/2026-06-24/1225384487.PDF,finalpage/2026-06-24/1225384487.PDF,szse,01010503||010113||013105||013199,gssh0600323,02a3734b69d561066c06ba32e15da5a79f2d8636,2026-06-24T12:34:25.047344+00:00
1225384489,600323,瀚蓝环境,第十二届董事会第一次会议决议公告,2026-06-24,1782230400000,http://static.cninfo.com.cn/finalpage/2026-06-24/1225384489.PDF,finalpage/2026-06-24/1225384489.PDF,szse,01010503||010113||01239901,gssh0600323,7f81476893c76e1f25ca25094e5089003a386dcc,2026-06-24T12:34:25.047344+00:00
1225382586,600335,国机汽车,国机汽车关于股东会开设网络投票提示服务的公告,2026-06-24,1782230400000,http://static.cninfo.com.cn/finalpage/2026-06-24/1225382586.PDF,finalpage/2026-06-24/1225382586.PDF,szse,01010503||010113||011999,gssh0600335,752992a2bbe68cbbdf7d7528795b1ba51ec6e54c,2026-06-24T12:35:25.194044+00:00
1225384401,600345,长江通信,长江通信股票交易异常波动公告,2026-06-24,1782230400000,http://static.cninfo.com.cn/finalpage/2026-06-24/1225384401.PDF,finalpage/2026-06-24/1225384401.PDF,szse,01010503||010113||012103,gssh0600345,fda4a279a0823e2a59a898d933a858bb53a82853,2026-06-24T12:34:28.346486+00:00
1225383768,600350,山东高速,国浩律师（济南）事务所关于山东高速股份有限公司2026年第二次临时股东会的法律意见书,2026-06-24,1782230400000,http://static.cninfo.com.cn/finalpage/2026-06-24/1225383768.PDF,finalpage/2026-06-24/1225383768.PDF,szse,01010901||010113||011999||012903,gssh0600350,028e29d370901bb49fbbde9e23a5e3a56b0f6978,2026-06-24T12:34:49.315375+00:00
1225383772,600350,山东高速,山东高速股份有限公司2026年第二次临时股东会决议公告,2026-06-24,1782230400000,http://static.cninfo.com.cn/finalpage/2026-06-24/1225383772.PDF,finalpage/2026-06-24/1225383772.PDF,szse,01010503||010113||011905,gssh0600350,3ea08a5650f4eaec756e938e607a731540cda5f1,2026-06-24T12:34:49.315375+00:00
1225384014,600353,旭光电子,旭光电子股票交易异常波动公告,2026-06-24,1782230400000,http://static.cninfo.com.cn/finalpage/2026-06-24/1225384014.PDF,finalpage/2026-06-24/1225384014.PDF,szse,01010503||010113||012103,gssh0600353,bf547d79034d56d36bbd708ce4fa75628f996335,2026-06-24T12:34:42.414455+00:00
1225383071,600358,国旅联合,华泰联合证券有限责任公司及国盛证券股份有限公司关于国旅文化投资集团股份有限公司发行股份及支付现金购买资产并募集配套资金暨关联交易之独立财务顾问报告（注册稿）,2026-06-24,1782230400000,http://static.cninfo.com.cn/finalpage/2026-06-24/1225383071.PDF,finalpage/2026-06-24/1225383071.PDF,szse,01010503||010109||010113||010799||012901,gssh0600358,6dfba021c4f6dcea2352aa9f299db70e44d18754,2026-06-24T12:35:13.853092+00:00
1225383047,600358,国旅联合,国旅文化投资集团股份有限公司关于发行股份及支付现金购买资产并募集配套资金暨关联交易报告书（注册稿）修订说明的公告,2026-06-24,1782230400000,http://static.cninfo.com.cn/finalpage/2026-06-24/1225383047.PDF,finalpage/2026-06-24/1225383047.PDF,szse,01010503||010113||010799||011701||011719,gssh0600358,b7115985c7a6c11198344fcf3d1b8d6242f13cdd,2026-06-24T12:35:15.299640+00:00
1225383056,600358,国旅联合,国旅文化投资集团股份有限公司发行股份及支付现金购买资产并募集配套资金暨关联交易报告书摘要（注册稿）,2026-06-24,1782230400000,http://static.cninfo.com.cn/finalpage/2026-06-24/1225383056.PDF,finalpage/2026-06-24/1225383056.PDF,szse,01010503||010113||010799||011701,gssh0600358,6ca9da8e3071debd78323e1f57dd126fc668e342,2026-06-24T12:35:13.854091+00:00
1225383075,600358,国旅联合,国旅文化投资集团股份有限公司发行股份及支付现金购买资产并募集配套资金暨关联交易报告书（注册稿）,2026-06-24,1782230400000,http://static.cninfo.com.cn/finalpage/2026-06-24/1225383075.PDF,finalpage/2026-06-24/1225383075.PDF,szse,01010503||010113||010799||011701,gssh0600358,9d44d4a35d604f8dd6ad294801b37811caaca476,2026-06-24T12:35:13.853092+00:00
1225383086,600358,国旅联合,国旅文化投资集团股份有限公司备考合并财务报表审阅报告,2026-06-24,1782230400000,http://static.cninfo.com.cn/finalpage/2026-06-24/1225383086.PDF,finalpage/2026-06-24/1225383086.PDF,szse,01010903||010113||0129,gssh0600358,8d3a4b4c59e1086224dce949c621fa24b4e7765b,2026-06-24T12:35:12.824426+00:00
1225383070,600358,国旅联合,国浩律师（上海）事务所关于国旅文化投资集团股份有限公司发行股份及支付现金购买资产并募集配套资金暨关联交易之补充法律意见书（五）,2026-06-24,1782230400000,http://static.cninfo.com.cn/finalpage/2026-06-24/1225383070.PDF,finalpage/2026-06-24/1225383070.PDF,szse,01010503||01010901||010113||010799||012903,gssh0600358,fc06cbb6349fefe833719c3cbf6c1f7e595e88a1,2026-06-24T12:35:13.853092+00:00
1225382581,600371,万向德农,万向德农股份有限公司关于公司董事离任的公告,2026-06-24,1782230400000,http://static.cninfo.com.cn/finalpage/2026-06-24/1225382581.PDF,finalpage/2026-06-24/1225382581.PDF,szse,01010503||010113||012303,gssh0600371,5c7316174684e22751c1ff574214c0e0b7b1f25c,2026-06-24T12:35:25.194044+00:00
1225382579,600376,首开股份,首开股份2026年第二次临时股东会会议资料,2026-06-24,1782230400000,http://static.cninfo.com.cn/finalpage/2026-06-24/1225382579.PDF,finalpage/2026-06-24/1225382579.PDF,szse,01010503||010113||011906,gssh0600376,142013621f9a4a76b95fa013330d03fef558677e,2026-06-24T12:35:25.194044+00:00
1225382514,600376,首开股份,首开股份关于召开2026年第二次临时股东会的提示性公告,2026-06-24,1782230400000,http://static.cninfo.com.cn/finalpage/2026-06-24/1225382514.PDF,finalpage/2026-06-24/1225382514.PDF,szse,01010503||010113||011901,gssh0600376,39d2e91301de8028fd67b67ab77f9adc6392560c,2026-06-24T12:35:28.449462+00:00
1225384486,600381,*ST春天,青海春天关于股票交易异常波动的公告,2026-06-24,1782230400000,http://static.cninfo.com.cn/finalpage/2026-06-24/1225384486.PDF,finalpage/2026-06-24/1225384486.PDF,szse,01010503||010113||012103,gssh0600381,99cf37aac1f52cba370ca4c6e8faf512750d9f89,2026-06-24T12:34:25.047344+00:00
1225383967,600396,华电辽能,2025年年度股东会决议公告,2026-06-24,1782230400000,http://static.cninfo.com.cn/finalpage/2026-06-24/1225383967.PDF,finalpage/2026-06-24/1225383967.PDF,szse,01010503||010113||011905,gssh0600396,e3efa9fe58ffa1b39661f5d36c47a213f54f5483,2026-06-24T12:34:44.622624+00:00
1225383968,600396,华电辽能,2025年年度股东会法律意见书,2026-06-24,1782230400000,http://static.cninfo.com.cn/finalpage/2026-06-24/1225383968.PDF,finalpage/2026-06-24/1225383968.PDF,szse,01010901||010113||011999||012903,gssh0600396,4a4c26d7490def2f6cbf5509cefccf116fa3a988,2026-06-24T12:34:44.622624+00:00
1225383074,600397,江钨装备,江西江钨稀贵装备股份有限公司股票交易异常波动暨风险提示公告,2026-06-24,1782230400000,http://static.cninfo.com.cn/finalpage/2026-06-24/1225383074.PDF,finalpage/2026-06-24/1225383074.PDF,szse,01010503||010113||012103||012109,gssh0600397,4a8a047f82eede7ae307aeb4af05e3780f6b1193,2026-06-24T12:35:13.853092+00:00
1225384033,600400,红豆股份,红豆股份股票交易异常波动公告,2026-06-24,1782230400000,http://static.cninfo.com.cn/finalpage/2026-06-24/1225384033.PDF,finalpage/2026-06-24/1225384033.PDF,szse,01010503||010113||012103,gssh0600400,a72fd042b2afb8a91c107418230af737903d466e,2026-06-24T12:34:42.413458+00:00
1225383662,600406,国电南瑞,上海东方华银律师事务所关于国电南瑞科技股份有限公司差异化分红之法律意见书,2026-06-24,1782230400000,http://static.cninfo.com.cn/finalpage/2026-06-24/1225383662.PDF,finalpage/2026-06-24/1225383662.PDF,szse,01010901||010113||012903,gssh0600406,0754fe128c87a1c7bac91bb10cb6821a3d62a30c,2026-06-24T12:34:51.854617+00:00
1225383654,600406,国电南瑞,国电南瑞2025年年度权益分派实施公告,2026-06-24,1782230400000,http://static.cninfo.com.cn/finalpage/2026-06-24/1225383654.PDF,finalpage/2026-06-24/1225383654.PDF,szse,01010503||010113||011301,gssh0600406,d36d53cc4625421a91a8bfda87664eb79549cd8b,2026-06-24T12:34:53.354865+00:00
1225384341,600418,江淮汽车,江淮汽车2026年第一次临时股东会会议资料,2026-06-24,1782230400000,http://static.cninfo.com.cn/finalpage/2026-06-24/1225384341.PDF,finalpage/2026-06-24/1225384341.PDF,szse,01010503||010113||011906,gssh0600418,9ec4cff0edc98b6bc29944ee3fc229c949ffdf65,2026-06-24T12:34:29.576800+00:00
1225382750,600420,国药现代,关于下属子公司获得药品注册证书的公告,2026-06-24,1782230400000,http://static.cninfo.com.cn/finalpage/2026-06-24/1225382750.PDF,finalpage/2026-06-24/1225382750.PDF,szse,01010503||010113||012305,gssh0600420,6b6aebc718e4945508f5cac25f64c6596ffe40d9,2026-06-24T12:35:21.975535+00:00
1225383555,600436,片仔癀,漳州片仔癀药业股份有限公司关于肠激安胶囊Ⅲ期临床试验完成首例试验参与者入组的公告,2026-06-24,1782230400000,http://static.cninfo.com.cn/finalpage/2026-06-24/1225383555.PDF,finalpage/2026-06-24/1225383555.PDF,szse,01010503||010113||012399,gssh0600436,00aa1bbb15bdacb4c36aaac66351fcd650815737,2026-06-24T12:34:54.484377+00:00
1225383556,600444,国机通用,国机通用2025年年度股东会决议公告,2026-06-24,1782230400000,http://static.cninfo.com.cn/finalpage/2026-06-24/1225383556.PDF,finalpage/2026-06-24/1225383556.PDF,szse,01010503||010113||011905,gssh0600444,1f675489ae74df03b4933cd945dc43eb779b2669,2026-06-24T12:34:54.484377+00:00
1225383557,600444,国机通用,国机通用召开2025年年度股东会的法律意见书,2026-06-24,1782230400000,http://static.cninfo.com.cn/finalpage/2026-06-24/1225383557.PDF,finalpage/2026-06-24/1225383557.PDF,szse,01010503||01010901||010113||011901||011999||012903,gssh0600444,8cb9032519d1200276783d6f1cd0726d6b3dcddb,2026-06-24T12:34:54.484377+00:00
1225383765,600456,宝钛股份,宝鸡钛业股份有限公司向不特定对象发行可转换公司债券发行提示性公告,2026-06-24,1782230400000,http://static.cninfo.com.cn/finalpage/2026-06-24/1225383765.PDF,finalpage/2026-06-24/1225383765.PDF,szse,01010503||010113||010909||010999,gssh0600456,eb117735a0384ca072ddcde6e0e341d04864ec1e,2026-06-24T12:34:49.316380+00:00
1225382521,600463,空港股份,空港股份关于全资子公司完成工商变更登记的公告,2026-06-24,1782230400000,http://static.cninfo.com.cn/finalpage/2026-06-24/1225382521.PDF,finalpage/2026-06-24/1225382521.PDF,szse,01010503||010113||012301,gssh0600463,df9288fc0e54e1fe9b7aa0a8dc881e2bb54469d1,2026-06-24T12:35:26.368157+00:00
1225383932,600470,六国化工,六国化工股票交易异常波动公告,2026-06-24,1782230400000,http://static.cninfo.com.cn/finalpage/2026-06-24/1225383932.PDF,finalpage/2026-06-24/1225383932.PDF,szse,01010503||010113||012103,gssh0600470,8cda89bf0a3cb2787d756fcbae8f175f30099d4a,2026-06-24T12:34:45.829939+00:00
1225382929,600476,*ST湘邮,湖南湘邮科技股份有限公司2026年第二次临时股东会会议资料,2026-06-24,1782230400000,http://static.cninfo.com.cn/finalpage/2026-06-24/1225382929.PDF,finalpage/2026-06-24/1225382929.PDF,szse,01010503||010113||011906,gssh0600476,38bd23f9b305b2c2b94c2473bc727e06a37e14ad,2026-06-24T12:35:17.790269+00:00
1225382839,600479,千金药业,千金药业2025年度权益分派实施公告,2026-06-24,1782230400000,http://static.cninfo.com.cn/finalpage/2026-06-24/1225382839.PDF,finalpage/2026-06-24/1225382839.PDF,szse,01010503||010113||011301,gssh0600479,91cda44aea4585f49638ab6dafafefee9b4f9172,2026-06-24T12:35:20.089098+00:00
1225383657,600481,双良节能,双良节能系统股份有限公司关于不向下修正“双良转债”转股价格的公告,2026-06-24,1782230400000,http://static.cninfo.com.cn/finalpage/2026-06-24/1225383657.PDF,finalpage/2026-06-24/1225383657.PDF,szse,01010503||010113||010915,gssh0600481,4ab7019d919330925c12ab8314a871dce654ee51,2026-06-24T12:34:53.354865+00:00
1225383088,600482,中国动力,中国动力关于公司副总经理辞职的公告,2026-06-24,1782230400000,http://static.cninfo.com.cn/finalpage/2026-06-24/1225383088.PDF,finalpage/2026-06-24/1225383088.PDF,szse,01010503||010113||012303,gssh0600482,6706ba6ca3c322fba2bbaf59a42ef4d0d975cb1b,2026-06-24T12:35:12.824426+00:00
1225384140,600489,中金黄金,中金黄金股份有限公司2025年年度股东会决议公告,2026-06-24,1782230400000,http://static.cninfo.com.cn/finalpage/2026-06-24/1225384140.PDF,finalpage/2026-06-24/1225384140.PDF,szse,01010503||010113||011905,gssh0600489,e9f68880a23643f27dbc30a5cec26bdb45f724aa,2026-06-24T12:34:39.702893+00:00
1225384132,600489,中金黄金,北京大成律师事务所关于中金黄金股份有限公司2025年年度股东会之法律意见书,2026-06-24,1782230400000,http://static.cninfo.com.cn/finalpage/2026-06-24/1225384132.PDF,finalpage/2026-06-24/1225384132.PDF,szse,01010901||010113||011999||012903,gssh0600489,0f107d161768b3019d342a98b18db8846c866068,2026-06-24T12:34:39.702893+00:00
1225382504,600502,安徽建工,安徽建工2026年第一次临时股东会会议资料,2026-06-24,1782230400000,http://static.cninfo.com.cn/finalpage/2026-06-24/1225382504.PDF,finalpage/2026-06-24/1225382504.PDF,szse,01010503||010113||011906,gssh0600502,87ca14a9a93d9483ca68ff556bcb2576fca650ff,2026-06-24T12:35:28.450468+00:00
1225382500,600520,三佳科技,三佳科技关于召开2025年年度业绩说明会的预告公告,2026-06-24,1782230400000,http://static.cninfo.com.cn/finalpage/2026-06-24/1225382500.PDF,finalpage/2026-06-24/1225382500.PDF,szse,01010503||010113||012399,gssh0600520,88c7463f839d36680faeb1194664680f9b8a62f1,2026-06-24T12:35:28.451467+00:00
1225384162,600521,华海药业,浙江华海药业股份有限公司关于公司涉及仲裁案件的进展公告,2026-06-24,1782230400000,http://static.cninfo.com.cn/finalpage/2026-06-24/1225384162.PDF,finalpage/2026-06-24/1225384162.PDF,szse,01010503||010113||012311,gssh0600521,2decb587d7d79e21a6fb1328a7bfccc81603fd20,2026-06-24T12:34:35.334695+00:00
1225382699,600551,时代出版,安徽承义律师事务所关于时代出版召开2026年第一次临时股东会的法律意见书,2026-06-24,1782230400000,http://static.cninfo.com.cn/finalpage/2026-06-24/1225382699.PDF,finalpage/2026-06-24/1225382699.PDF,szse,01010503||01010901||010113||011901||011999||012903,gssh0600551,b5d9b2f6e23cec511d370e99b7c2669c2eabc11f,2026-06-24T12:35:21.976540+00:00
1225382695,600551,时代出版,时代出版2026年第一次临时股东会决议公告,2026-06-24,1782230400000,http://static.cninfo.com.cn/finalpage/2026-06-24/1225382695.PDF,finalpage/2026-06-24/1225382695.PDF,szse,01010503||010113||011905,gssh0600551,889714ac1a0ec1c127640527d75211f781dbb7ce,2026-06-24T12:35:21.976540+00:00
1225383082,600566,济川药业,北京植德律师事务所关于湖北济川药业股份有限公司差异化分红事项的法律意见书,2026-06-24,1782230400000,http://static.cninfo.com.cn/finalpage/2026-06-24/1225383082.PDF,finalpage/2026-06-24/1225383082.PDF,szse,01010901||010113||012903,gssh0600566,9576604319b08045daddc64c1d5697af05618c2d,2026-06-24T12:35:13.852057+00:00
1225383090,600566,济川药业,国浩律师（上海）事务所关于湖北济川药业股份有限公司调整2022年限制性股票与股票期权激励计划相关事项之法律意见书,2026-06-24,1782230400000,http://static.cninfo.com.cn/finalpage/2026-06-24/1225383090.PDF,finalpage/2026-06-24/1225383090.PDF,szse,01010503||01010901||010113||012325||012903,gssh0600566,f8eddeb513c32dee4fa3db18240cfe3dbadd60d2,2026-06-24T12:35:12.824426+00:00
1225383031,600566,济川药业,湖北济川药业股份有限公司2025年年度权益分派实施公告,2026-06-24,1782230400000,http://static.cninfo.com.cn/finalpage/2026-06-24/1225383031.PDF,finalpage/2026-06-24/1225383031.PDF,szse,01010503||010113||011301,gssh0600566,74ad9296d08ab743f0d0d24aeef204e8f24d2478,2026-06-24T12:35:15.299640+00:00
1225383038,600566,济川药业,湖北济川药业股份有限公司关于2025年年度权益分派实施后调整回购价格上限的公告,2026-06-24,1782230400000,http://static.cninfo.com.cn/finalpage/2026-06-24/1225383038.PDF,finalpage/2026-06-24/1225383038.PDF,szse,01010503||010113||011513,gssh0600566,1489b92ee2cef0d928116bbb497ea6fb40dae4e8,2026-06-24T12:35:15.299640+00:00
1225383042,600566,济川药业,湖北济川药业股份有限公司关于调整2022年限制性股票与股票期权激励计划首次授予股票期权行权价格的公告,2026-06-24,1782230400000,http://static.cninfo.com.cn/finalpage/2026-06-24/1225383042.PDF,finalpage/2026-06-24/1225383042.PDF,szse,01010503||010113||012325,gssh0600566,7b7cabcdff9da295fde7ae628f03e6f740b6adc6,2026-06-24T12:35:15.299640+00:00
1225383997,600569,安阳钢铁,2026年度向特定对象发行A股股票预案,2026-06-24,1782230400000,http://static.cninfo.com.cn/finalpage/2026-06-24/1225383997.PDF,finalpage/2026-06-24/1225383997.PDF,szse,01010503||010113||010701,gssh0600569,70367bcf68f363e06ae9be73d1ccfe5ea84d7f68,2026-06-24T12:34:44.622624+00:00
1225384006,600569,安阳钢铁,安阳钢铁股份有限公司2026年度向特定对象发行A股股票募集资金运用的可行性分析报告,2026-06-24,1782230400000,http://static.cninfo.com.cn/finalpage/2026-06-24/1225384006.PDF,finalpage/2026-06-24/1225384006.PDF,szse,01010503||010113||010799||012399,gssh0600569,852a1a0beff68318f70812379b4006fb3d1185ab,2026-06-24T12:34:42.414761+00:00
1225384010,600569,安阳钢铁,安阳钢铁股份有限公司2026年度向特定对象发行A股股票方案论证分析报告,2026-06-24,1782230400000,http://static.cninfo.com.cn/finalpage/2026-06-24/1225384010.PDF,finalpage/2026-06-24/1225384010.PDF,szse,01010503||010113||010799,gssh0600569,e08db7f49f958cdae9fbbc8d96756769f21ebd0d,2026-06-24T12:34:42.414455+00:00
1225384008,600569,安阳钢铁,安阳钢铁股份有限公司2026年第七次临时董事会会议决议公告,2026-06-24,1782230400000,http://static.cninfo.com.cn/finalpage/2026-06-24/1225384008.PDF,finalpage/2026-06-24/1225384008.PDF,szse,01010503||010113||01239901,gssh0600569,504c2805278a817de6aa9006df25b88f1888b513,2026-06-24T12:34:42.414455+00:00
1225383999,600569,安阳钢铁,安阳钢铁股份有限公司与特定对象签署附条件生效的股份认购协议暨关联交易的公告,2026-06-24,1782230400000,http://static.cninfo.com.cn/finalpage/2026-06-24/1225383999.PDF,finalpage/2026-06-24/1225383999.PDF,szse,01010503||010113||011719,gssh0600569,cf00481e2aed3c75678fe2b6e38a089e9d12f842,2026-06-24T12:34:44.622624+00:00
1225384001,600569,安阳钢铁,安阳钢铁股份有限公司关于向特定对象发行A股股票导致股东权益变动的提示性公告,2026-06-24,1782230400000,http://static.cninfo.com.cn/finalpage/2026-06-24/1225384001.PDF,finalpage/2026-06-24/1225384001.PDF,szse,01010503||010113||010799||011501,gssh0600569,3587c53a916823c1193bded94ca62300d2c18cf6,2026-06-24T12:34:44.621618+00:00
1225384012,600569,安阳钢铁,安阳钢铁股份有限公司关于向特定对象发行股票摊薄即期回报的风险提示、填补回报措施及相关主体承诺的公告,2026-06-24,1782230400000,http://static.cninfo.com.cn/finalpage/2026-06-24/1225384012.PDF,finalpage/2026-06-24/1225384012.PDF,szse,01010503||010113||010799||012109||012399,gssh0600569,e5a018a9045a9d16325ad2abb902f4c771369576,2026-06-24T12:34:42.414455+00:00
1225384011,600569,安阳钢铁,安阳钢铁股份有限公司关于控股子公司与华融金融租赁股份有限公司开展融资租赁业务的公告,2026-06-24,1782230400000,http://static.cninfo.com.cn/finalpage/2026-06-24/1225384011.PDF,finalpage/2026-06-24/1225384011.PDF,szse,01010503||010113||011707,gssh0600569,b80cbb5e5604ceb2380110bb2d2fb758ca67152d,2026-06-24T12:34:42.414455+00:00
1225383996,600569,安阳钢铁,安阳钢铁股份有限公司关于控股子公司与皖江金融租赁股份有限公司开展融资租赁业务的公告,2026-06-24,1782230400000,http://static.cninfo.com.cn/finalpage/2026-06-24/1225383996.PDF,finalpage/2026-06-24/1225383996.PDF,szse,01010503||010113||011707,gssh0600569,d8026ee8217e47c22d7798d24242e36855521a46,2026-06-24T12:34:44.622624+00:00
1225384015,600569,安阳钢铁,安阳钢铁股份有限公司关于无需编制前次募集资金使用情况报告的公告,2026-06-24,1782230400000,http://static.cninfo.com.cn/finalpage/2026-06-24/1225384015.PDF,finalpage/2026-06-24/1225384015.PDF,szse,01010503||010113||012315,gssh0600569,c131063af691b5a5660f6cc4cc3728e7fca3e1bd,2026-06-24T12:34:42.413458+00:00
1225384005,600569,安阳钢铁,安阳钢铁股份有限公司关于最近五年不存在被证券监管部门和交易所采取监管措施或处罚情况的公告,2026-06-24,1782230400000,http://static.cninfo.com.cn/finalpage/2026-06-24/1225384005.PDF,finalpage/2026-06-24/1225384005.PDF,szse,01010503||010113||012399,gssh0600569,73076d4ca6b439fc0a248906704364d426d7fa81,2026-06-24T12:34:42.414761+00:00
1225384002,600569,安阳钢铁,安阳钢铁股份有限公司关于本次向特定对象发行股票不存在直接或通过利益相关方向参与认购的投资者提供财务资助或补偿的公告,2026-06-24,1782230400000,http://static.cninfo.com.cn/finalpage/2026-06-24/1225384002.PDF,finalpage/2026-06-24/1225384002.PDF,szse,01010503||010113||010799||011705||011713,gssh0600569,e79e3a36db1e42b0f405c5a3e9678bdb25a1371a,2026-06-24T12:34:44.621618+00:00
1225384003,600569,安阳钢铁,安阳钢铁股份有限公司向特定对象发行股票预案披露的提示性公告,2026-06-24,1782230400000,http://static.cninfo.com.cn/finalpage/2026-06-24/1225384003.PDF,finalpage/2026-06-24/1225384003.PDF,szse,01010501||010113||012399,gssh0600569,066f713ad23afa2349c14c4398d622618a58f1bf,2026-06-24T12:34:42.414761+00:00
1225384004,600569,安阳钢铁,安阳钢铁集团有限责任公司收购报告书摘要,2026-06-24,1782230400000,http://static.cninfo.com.cn/finalpage/2026-06-24/1225384004.PDF,finalpage/2026-06-24/1225384004.PDF,szse,01011109||010113||011503,gssh0600569,837372a9d8ddab907b03029c7c41280254803bbb,2026-06-24T12:34:42.414761+00:00
1225383908,600578,京能电力,京能电力：2025年年度股东会决议公告,2026-06-24,1782230400000,http://static.cninfo.com.cn/finalpage/2026-06-24/1225383908.PDF,finalpage/2026-06-24/1225383908.PDF,szse,01010503||010113||011905,gssh0600578,0c8bd0b2e6f2a1cf4a295a8e49c50d5d63bd63f6,2026-06-24T12:34:46.803581+00:00
1225383864,600578,京能电力,国浩律师（北京）事务所关于北京京能电力股份有限公司2025年年度股东会的法律意见书,2026-06-24,1782230400000,http://static.cninfo.com.cn/finalpage/2026-06-24/1225383864.PDF,finalpage/2026-06-24/1225383864.PDF,szse,01010901||010113||011999||012903,gssh0600578,d2cd2fb0b11995527b0120318cfd343ad430bfc1,2026-06-24T12:34:46.804580+00:00
1225383826,600583,海油工程,北京市中伦律师事务所关于海油工程2025年年度股东会的法律意见书,2026-06-24,1782230400000,http://static.cninfo.com.cn/finalpage/2026-06-24/1225383826.PDF,finalpage/2026-06-24/1225383826.PDF,szse,01010901||010113||011999||012903,gssh0600583,f1362b3335f3b5e0a4e23477086e5aafe8e7aa93,2026-06-24T12:34:47.965430+00:00
1225383825,600583,海油工程,海油工程2025年年度股东会决议公告,2026-06-24,1782230400000,http://static.cninfo.com.cn/finalpage/2026-06-24/1225383825.PDF,finalpage/2026-06-24/1225383825.PDF,szse,01010503||010113||011905,gssh0600583,9576296a800e9a703e8148881285bc4ed226eecf,2026-06-24T12:34:47.965430+00:00
1225383828,600583,海油工程,海油工程董事、高级管理人员薪酬管理办法,2026-06-24,1782230400000,http://static.cninfo.com.cn/finalpage/2026-06-24/1225383828.PDF,finalpage/2026-06-24/1225383828.PDF,szse,01010503||010113||013199,gssh0600583,382ef83a57e90c7095f318006c71b3332fad029e,2026-06-24T12:34:47.964423+00:00
1225382919,600587,新华医疗,新华医疗2025年年度权益分派实施公告,2026-06-24,1782230400000,http://static.cninfo.com.cn/finalpage/2026-06-24/1225382919.PDF,finalpage/2026-06-24/1225382919.PDF,szse,01010503||010113||011301,gssh0600587,d9c48ad8a74f98e4921b5b8a4034e6566abaf4f6,2026-06-24T12:35:18.998569+00:00
1225382565,600587,新华医疗,新华医疗关于变更持续督导保荐代表人的公告,2026-06-24,1782230400000,http://static.cninfo.com.cn/finalpage/2026-06-24/1225382565.PDF,finalpage/2026-06-24/1225382565.PDF,szse,01010503||010113||012301,gssh0600587,a1588aaac1ae83b54e993b705dc84f9bfc9d2399,2026-06-24T12:35:26.367156+00:00
1225382568,600587,新华医疗,新华医疗关于子公司产品获得二类医疗器械注册证的公告,2026-06-24,1782230400000,http://static.cninfo.com.cn/finalpage/2026-06-24/1225382568.PDF,finalpage/2026-06-24/1225382568.PDF,szse,01010503||010113||012305,gssh0600587,047e236f6956ce1cfa43b646026c18a5a9898085,2026-06-24T12:35:26.366151+00:00
1225384158,600602,云赛智联,云赛智联2025年年度股东会决议公告,2026-06-24,1782230400000,http://static.cninfo.com.cn/finalpage/2026-06-24/1225384158.PDF,finalpage/2026-06-24/1225384158.PDF,szse,01010503||010113||011905,gssh0600602,f0118a664c871ace6b6457fc75e0ebfdd639cd05,2026-06-24T12:34:35.336199+00:00
1225384165,600602,云赛智联,云赛智联2025年年度股东会法律意见书,2026-06-24,1782230400000,http://static.cninfo.com.cn/finalpage/2026-06-24/1225384165.PDF,finalpage/2026-06-24/1225384165.PDF,szse,01010901||010113||011999||012903,gssh0600602,bfbc2fd6330fb6d4e03662c6a6ce52506630204c,2026-06-24T12:34:35.334695+00:00
1225384163,600602,云赛智联,云赛智联关于职工董事选举结果的公告,2026-06-24,1782230400000,http://static.cninfo.com.cn/finalpage/2026-06-24/1225384163.PDF,finalpage/2026-06-24/1225384163.PDF,szse,01010503||010113||012303,gssh0600602,904a49504d1473b749c05842fe00f544c020252d,2026-06-24T12:34:35.334695+00:00
1225384156,600602,云赛智联,云赛智联第十三届董事会第一次会议决议公告,2026-06-24,1782230400000,http://static.cninfo.com.cn/finalpage/2026-06-24/1225384156.PDF,finalpage/2026-06-24/1225384156.PDF,szse,01010503||010113||01239901,gssh0600602,a977a229c7797e6949ad3de4548120be9dd69bf1,2026-06-24T12:34:35.336199+00:00
1225382496,600604,市北高新,市北高新关于子公司签订房屋销售合同的公告,2026-06-24,1782230400000,http://static.cninfo.com.cn/finalpage/2026-06-24/1225382496.PDF,finalpage/2026-06-24/1225382496.PDF,szse,01010503||010113||012327,gssh0600604,dc9ee8a30218397ad6669e31612fb6346aa23e01,2026-06-24T12:35:28.451467+00:00
1225383532,600605,汇通能源,关于控股股东部分股份解除质押的公告,2026-06-24,1782230400000,http://static.cninfo.com.cn/finalpage/2026-06-24/1225383532.PDF,finalpage/2026-06-24/1225383532.PDF,szse,01010503||010113||012307,gssh0600605,569aaa596fd6ea1080df82ef9618f75b690d0a59,2026-06-24T12:34:58.878887+00:00
1225382551,600608,退市沪科,退市沪科股票进入退市整理期交易的第四次风险提示公告,2026-06-24,1782230400000,http://static.cninfo.com.cn/finalpage/2026-06-24/1225382551.PDF,finalpage/2026-06-24/1225382551.PDF,szse,01010503||010113||012107||012109||012509,gssh0600608,e789494bc923208a66e6539ad5d8a9c833a738d7,2026-06-24T12:35:26.367156+00:00
1225383656,600618,氯碱化工,氯碱化工2025年年度股东会决议公告,2026-06-24,1782230400000,http://static.cninfo.com.cn/finalpage/2026-06-24/1225383656.PDF,finalpage/2026-06-24/1225383656.PDF,szse,01010503||010113||011905,gssh0600618,deb76ecb7a5bf5a966005b182074e2928f086e01,2026-06-24T12:34:53.354865+00:00
1225383651,600618,氯碱化工,氯碱化工2025年年度股东会法律意见书,2026-06-24,1782230400000,http://static.cninfo.com.cn/finalpage/2026-06-24/1225383651.PDF,finalpage/2026-06-24/1225383651.PDF,szse,01010901||010113||011999||012903,gssh0600618,0c7a33f730f2b1f70ab693f68364c485e0c46477,2026-06-24T12:34:53.355869+00:00
1225384124,600622,光大嘉宝,光大嘉宝股份有限公司关于参与在管基金开展的商业不动产公募REITs战略配售暨关联交易的进展公告,2026-06-24,1782230400000,http://static.cninfo.com.cn/finalpage/2026-06-24/1225384124.PDF,finalpage/2026-06-24/1225384124.PDF,szse,01010503||010113||011719,gssh0600622,0ee3863d940dabe95727625d5d37c38067602b11,2026-06-24T12:34:39.704403+00:00
1225383122,600624,ST复华,上海复旦复华科技股份有限公司举报投诉和举报人保护制度,2026-06-24,1782230400000,http://static.cninfo.com.cn/finalpage/2026-06-24/1225383122.PDF,finalpage/2026-06-24/1225383122.PDF,szse,01010503||010113||013199,gssh0600624,a22732ed0af770509bc30aa2fedd4a5cd30dfd4b,2026-06-24T12:35:12.823419+00:00
1225383129,600624,ST复华,上海复旦复华科技股份有限公司信息披露管理办法,2026-06-24,1782230400000,http://static.cninfo.com.cn/finalpage/2026-06-24/1225383129.PDF,finalpage/2026-06-24/1225383129.PDF,szse,01010503||010113||013199,gssh0600624,73f083fd733c479beeb983877de8c9bd3b9ff0d4,2026-06-24T12:35:12.014695+00:00
1225383126,600624,ST复华,上海复旦复华科技股份有限公司关于修订相关公司制度的公告,2026-06-24,1782230400000,http://static.cninfo.com.cn/finalpage/2026-06-24/1225383126.PDF,finalpage/2026-06-24/1225383126.PDF,szse,01010501||010113||012399,gssh0600624,6e5afc6297101b51e7cd014deccef76a19f908a3,2026-06-24T12:35:12.014695+00:00
1225383125,600624,ST复华,上海复旦复华科技股份有限公司关联交易管理制度,2026-06-24,1782230400000,http://static.cninfo.com.cn/finalpage/2026-06-24/1225383125.PDF,finalpage/2026-06-24/1225383125.PDF,szse,01010503||010113||013199,gssh0600624,ed2ac94b00de27c4408389067254a664cef07ec2,2026-06-24T12:35:12.014695+00:00
1225383127,600624,ST复华,上海复旦复华科技股份有限公司内幕信息知情人登记管理制度,2026-06-24,1782230400000,http://static.cninfo.com.cn/finalpage/2026-06-24/1225383127.PDF,finalpage/2026-06-24/1225383127.PDF,szse,01010503||010113||013199,gssh0600624,aae6041659b25a39ac9c7cfaab83776f467db548,2026-06-24T12:35:12.014695+00:00
1225383136,600624,ST复华,上海复旦复华科技股份有限公司募集资金存储、使用与管理内部控制制度,2026-06-24,1782230400000,http://static.cninfo.com.cn/finalpage/2026-06-24/1225383136.PDF,finalpage/2026-06-24/1225383136.PDF,szse,01010503||010113||013199,gssh0600624,c79fe9fcdb698e4856e7ba6d823626416275632a,2026-06-24T12:35:12.013729+00:00
1225383130,600624,ST复华,上海复旦复华科技股份有限公司募集资金管理办法,2026-06-24,1782230400000,http://static.cninfo.com.cn/finalpage/2026-06-24/1225383130.PDF,finalpage/2026-06-24/1225383130.PDF,szse,01010503||010113||013199,gssh0600624,02880cb53679ae9fa2e4e69d7764c911a664b188,2026-06-24T12:35:12.014695+00:00
1225383128,600624,ST复华,上海复旦复华科技股份有限公司外部信息报送和使用管理制度,2026-06-24,1782230400000,http://static.cninfo.com.cn/finalpage/2026-06-24/1225383128.PDF,finalpage/2026-06-24/1225383128.PDF,szse,01010503||010113||013199,gssh0600624,9912a6c4288b1482712c7628dd7d92b72aa018a1,2026-06-24T12:35:12.014695+00:00
1225383131,600624,ST复华,上海复旦复华科技股份有限公司对外投资管理制度,2026-06-24,1782230400000,http://static.cninfo.com.cn/finalpage/2026-06-24/1225383131.PDF,finalpage/2026-06-24/1225383131.PDF,szse,01010503||010113||013199,gssh0600624,ca3b70bc20e69cd2531cde1d5fc118af44302058,2026-06-24T12:35:12.014695+00:00
1225383117,600624,ST复华,上海复旦复华科技股份有限公司对外担保管理制度,2026-06-24,1782230400000,http://static.cninfo.com.cn/finalpage/2026-06-24/1225383117.PDF,finalpage/2026-06-24/1225383117.PDF,szse,01010503||010113||013199,gssh0600624,17fa287148da8bf1ee8623a2e90f14e352f821aa,2026-06-24T12:35:12.823419+00:00
1225383133,600624,ST复华,上海复旦复华科技股份有限公司对外股权投资管理制度,2026-06-24,1782230400000,http://static.cninfo.com.cn/finalpage/2026-06-24/1225383133.PDF,finalpage/2026-06-24/1225383133.PDF,szse,01010503||010113||013199,gssh0600624,3dcf6eef1e5821ff829b352e6d4da6d8aeb76293,2026-06-24T12:35:12.013729+00:00
1225383138,600624,ST复华,上海复旦复华科技股份有限公司总经理工作细则,2026-06-24,1782230400000,http://static.cninfo.com.cn/finalpage/2026-06-24/1225383138.PDF,finalpage/2026-06-24/1225383138.PDF,szse,01010503||010113||013199,gssh0600624,feb89beeab01e8036b5768f6e81493e7578eec29,2026-06-24T12:35:12.013729+00:00
1225383123,600624,ST复华,上海复旦复华科技股份有限公司投资者关系管理制度,2026-06-24,1782230400000,http://static.cninfo.com.cn/finalpage/2026-06-24/1225383123.PDF,finalpage/2026-06-24/1225383123.PDF,szse,01010503||010113||013199,gssh0600624,8e9a16a3b30b9df64a52d7c458aaa3808f5ef7b2,2026-06-24T12:35:12.823419+00:00
1225383135,600624,ST复华,上海复旦复华科技股份有限公司独立董事年报工作制度,2026-06-24,1782230400000,http://static.cninfo.com.cn/finalpage/2026-06-24/1225383135.PDF,finalpage/2026-06-24/1225383135.PDF,szse,01010503||010113||013105||013199,gssh0600624,ea84d10767446e20833a1cc875cd1ebfe21e6f0b,2026-06-24T12:35:12.013729+00:00
1225383134,600624,ST复华,上海复旦复华科技股份有限公司第十一届董事会第二十二次会议决议公告,2026-06-24,1782230400000,http://static.cninfo.com.cn/finalpage/2026-06-24/1225383134.PDF,finalpage/2026-06-24/1225383134.PDF,szse,01010503||010113||01239901,gssh0600624,e532a5f688e0886f26355427a9ccc3e89b36ef83,2026-06-24T12:35:12.013729+00:00
1225383120,600624,ST复华,上海复旦复华科技股份有限公司筹资管理制度,2026-06-24,1782230400000,http://static.cninfo.com.cn/finalpage/2026-06-24/1225383120.PDF,finalpage/2026-06-24/1225383120.PDF,szse,01010503||010113||013199,gssh0600624,3d6e52e3698e20c85c4337a7186a40b7b851b83d,2026-06-24T12:35:12.823419+00:00
1225383116,600624,ST复华,上海复旦复华科技股份有限公司董事、高级管理人员离职管理制度,2026-06-24,1782230400000,http://static.cninfo.com.cn/finalpage/2026-06-24/1225383116.PDF,finalpage/2026-06-24/1225383116.PDF,szse,01010503||010113||013105||013199,gssh0600624,e7ac85badfa1519b257c1de81a36ba2e14f698e7,2026-06-24T12:35:12.823419+00:00
1225383124,600624,ST复华,上海复旦复华科技股份有限公司董事会秘书工作制度,2026-06-24,1782230400000,http://static.cninfo.com.cn/finalpage/2026-06-24/1225383124.PDF,finalpage/2026-06-24/1225383124.PDF,szse,01010503||010113||013105||013199,gssh0600624,6aa288da20a49247af026fb2a5b33a95b2b78b04,2026-06-24T12:35:12.014695+00:00
1225383139,600624,ST复华,上海复旦复华科技股份有限公司远期结售汇套期保值业务管理制度,2026-06-24,1782230400000,http://static.cninfo.com.cn/finalpage/2026-06-24/1225383139.PDF,finalpage/2026-06-24/1225383139.PDF,szse,01010503||010113||013199,gssh0600624,8d40054a54fc3810b23d2b2d0e5d5dcc9995b190,2026-06-24T12:35:12.013729+00:00
1225383119,600624,ST复华,上海复旦复华科技股份有限公司重大信息内部报告制度,2026-06-24,1782230400000,http://static.cninfo.com.cn/finalpage/2026-06-24/1225383119.PDF,finalpage/2026-06-24/1225383119.PDF,szse,01010503||010113||013199,gssh0600624,871f06e12ea0f2173668e921f79a569079b11cbc,2026-06-24T12:35:12.823419+00:00
1225382505,600626,申达股份,申达股份2025年年度股东会会议文件,2026-06-24,1782230400000,http://static.cninfo.com.cn/finalpage/2026-06-24/1225382505.PDF,finalpage/2026-06-24/1225382505.PDF,szse,01010503||010113||011906,gssh0600626,f24936ad44984526d0661ef5866fedf7d03327f5,2026-06-24T12:35:28.450468+00:00
1225384257,600637,东方明珠,东方明珠关于2025年度业绩说明会召开情况的公告,2026-06-24,1782230400000,http://static.cninfo.com.cn/finalpage/2026-06-24/1225384257.PDF,finalpage/2026-06-24/1225384257.PDF,szse,01010503||010113||012399,gssh0600637,fc217326efd1882a7fc3691240dd2c12b34fce79,2026-06-24T12:34:30.956175+00:00
1225383729,600644,乐山电力,乐山电力股份有限公司2026年第二次临时股东会决议公告,2026-06-24,1782230400000,http://static.cninfo.com.cn/finalpage/2026-06-24/1225383729.PDF,finalpage/2026-06-24/1225383729.PDF,szse,01010503||010113||011905,gssh0600644,c9f25e92ab90d62db1cd09e52919f596466cb7b2,2026-06-24T12:34:50.548403+00:00
1225383734,600644,乐山电力,乐山电力股份有限公司董事和高级管理人员薪酬管理办法（2026年制订）,2026-06-24,1782230400000,http://static.cninfo.com.cn/finalpage/2026-06-24/1225383734.PDF,finalpage/2026-06-24/1225383734.PDF,szse,01010503||010113||013199,gssh0600644,77947687e8c58d90f7976a4897e9a598196dd4bb,2026-06-24T12:34:50.548403+00:00
1225383730,600644,乐山电力,北京康达（成都）律师事务所关于乐山电力股份有限公司2026年第二次临时股东会的法律意见书,2026-06-24,1782230400000,http://static.cninfo.com.cn/finalpage/2026-06-24/1225383730.PDF,finalpage/2026-06-24/1225383730.PDF,szse,01010901||010113||011999||012903,gssh0600644,0d17126348fd4af562ebcab07f7e7a9f9a3c8187,2026-06-24T12:34:50.548403+00:00
1225383077,600650,锦江在线,上海市方达律师事务所关于上海锦江在线网络服务股份有限公司2025年年度股东会之法律意见书,2026-06-24,1782230400000,http://static.cninfo.com.cn/finalpage/2026-06-24/1225383077.PDF,finalpage/2026-06-24/1225383077.PDF,szse,01010901||010113||011999||012903,gssh0600650,9305632b1769da62b0112864f472d4588a6dee99,2026-06-24T12:35:13.853092+00:00
1225383048,600650,锦江在线,锦江在线2025年年度股东会决议公告,2026-06-24,1782230400000,http://static.cninfo.com.cn/finalpage/2026-06-24/1225383048.PDF,finalpage/2026-06-24/1225383048.PDF,szse,01010503||010113||011905,gssh0600650,736260e15b3c7ce75545dcf40c3d4fc9c177b0bf,2026-06-24T12:35:15.299640+00:00
1225383178,600664,哈药股份,北京岳成（黑龙江）律师事务所关于哈药集团股份有限公司2025年年度股东会之法律意见书,2026-06-24,1782230400000,http://static.cninfo.com.cn/finalpage/2026-06-24/1225383178.PDF,finalpage/2026-06-24/1225383178.PDF,szse,01010901||010113||011999||012903,gssh0600664,7da6d04fe1bbb8c3c60488185afd3cbeaee8f9f3,2026-06-24T12:35:10.759677+00:00
1225383180,600664,哈药股份,哈药集团股份有限公司2025年年度股东会决议公告,2026-06-24,1782230400000,http://static.cninfo.com.cn/finalpage/2026-06-24/1225383180.PDF,finalpage/2026-06-24/1225383180.PDF,szse,01010503||010113||011905,gssh0600664,83af28a4b141c198158723c8f9bbe338f9d9abb5,2026-06-24T12:35:10.759677+00:00
1225383186,600664,哈药股份,哈药集团股份有限公司关于所属企业获得药品注册证书的公告,2026-06-24,1782230400000,http://static.cninfo.com.cn/finalpage/2026-06-24/1225383186.PDF,finalpage/2026-06-24/1225383186.PDF,szse,01010503||010113||012305,gssh0600664,8d93e8856186b22f3e06d5452b5661abb29d04ac,2026-06-24T12:35:10.758672+00:00
1225383179,600664,哈药股份,哈药集团股份有限公司关于所属企业获得药品注册证书的公告,2026-06-24,1782230400000,http://static.cninfo.com.cn/finalpage/2026-06-24/1225383179.PDF,finalpage/2026-06-24/1225383179.PDF,szse,01010503||010113||012305,gssh0600664,2a4cb14612882d78402761b787837f29ea5c6223,2026-06-24T12:35:10.759677+00:00
1225383600,600674,川投能源,四川川投能源股份有限公司关于使用部分闲置募集资金购买理财产品到期赎回的公告,2026-06-24,1782230400000,http://static.cninfo.com.cn/finalpage/2026-06-24/1225383600.PDF,finalpage/2026-06-24/1225383600.PDF,szse,01010503||010113||011705||012315,gssh0600674,1a2cd681bf6fda8baee3afc157d5d4f42909db69,2026-06-24T12:34:53.356871+00:00
1225382665,600675,中华企业,中华企业股份有限公司第十一届董事会第十二次会议决议公告,2026-06-24,1782230400000,http://static.cninfo.com.cn/finalpage/2026-06-24/1225382665.PDF,finalpage/2026-06-24/1225382665.PDF,szse,01010503||010113||01239901,gssh0600675,d05b95b86c2c2843a7f79954df0fcb9414ff96b3,2026-06-24T12:35:22.810246+00:00
1225382503,600676,交运股份,上海交运集团股份有限公司2026年第三次临时股东会会议资料,2026-06-24,1782230400000,http://static.cninfo.com.cn/finalpage/2026-06-24/1225382503.PDF,finalpage/2026-06-24/1225382503.PDF,szse,01010503||010113||011906,gssh0600676,20b121bab0f300bd776a6b0e04ec95833f499430,2026-06-24T12:35:28.450468+00:00
1225384130,600683,京投发展,京投发展股份有限公司关于放弃相关商业机会的公告,2026-06-24,1782230400000,http://static.cninfo.com.cn/finalpage/2026-06-24/1225384130.PDF,finalpage/2026-06-24/1225384130.PDF,szse,01010501||010113||012399,gssh0600683,d2d68b9cd294151fcfdf9a193caffdfbc3066828,2026-06-24T12:34:39.702893+00:00
1225384135,600683,京投发展,京投发展股份有限公司第十二届董事会第二十七次会议决议公告,2026-06-24,1782230400000,http://static.cninfo.com.cn/finalpage/2026-06-24/1225384135.PDF,finalpage/2026-06-24/1225384135.PDF,szse,01010503||010113||01239901,gssh0600683,546affd51e3a61695165ae9aac12a9c350baf7f0,2026-06-24T12:34:39.702893+00:00
1225383728,600684,珠江股份,2026年第二次临时股东会会议资料,2026-06-24,1782230400000,http://static.cninfo.com.cn/finalpage/2026-06-24/1225383728.PDF,finalpage/2026-06-24/1225383728.PDF,szse,01010503||010113||011906,gssh0600684,4cc491956c373b905332248a1cb836ab0dd9f92e,2026-06-24T12:34:50.548403+00:00
1225383067,600698,湖南天雁,湖南天雁机械股份有限公司2026年第二次临时股东会决议公告,2026-06-24,1782230400000,http://static.cninfo.com.cn/finalpage/2026-06-24/1225383067.PDF,finalpage/2026-06-24/1225383067.PDF,szse,01010503||010113||011905,gssh0600698,65ed844a9d36c88042e556a5c89c0c576fac5275,2026-06-24T12:35:13.853092+00:00
1225383080,600698,湖南天雁,湖南居安律师事务所关于湖南天雁机械股份有限公司2026年第二次临时股东会法律意见书,2026-06-24,1782230400000,http://static.cninfo.com.cn/finalpage/2026-06-24/1225383080.PDF,finalpage/2026-06-24/1225383080.PDF,szse,01010901||010113||011999||012903,gssh0600698,b4418c2a919abd0bd84f2ab90b2e3863cc1c88d6,2026-06-24T12:35:13.852057+00:00
1225383648,600713,南京医药,中信建投证券股份有限公司关于南京医药集团股份有限公司向不特定对象发行可转换公司债券2026年度第三次临时受托管理事务报告,2026-06-24,1782230400000,http://static.cninfo.com.cn/finalpage/2026-06-24/1225383648.PDF,finalpage/2026-06-24/1225383648.PDF,szse,01010503||010113||010999,gssh0600713,72e94fbeeada3b95388728c8965c72815e4bb8be,2026-06-24T12:34:53.355869+00:00
1225383661,600713,南京医药,南京医药2025年年度权益分派实施公告,2026-06-24,1782230400000,http://static.cninfo.com.cn/finalpage/2026-06-24/1225383661.PDF,finalpage/2026-06-24/1225383661.PDF,szse,01010503||010113||011301,gssh0600713,d276b44c906fe06fa56ceadac1bf7fbaffb486b0,2026-06-24T12:34:51.854617+00:00
1225383649,600713,南京医药,南京医药关于因实施权益分派调整可转债转股价格的公告,2026-06-24,1782230400000,http://static.cninfo.com.cn/finalpage/2026-06-24/1225383649.PDF,finalpage/2026-06-24/1225383649.PDF,szse,01010503||010113||010915||010999,gssh0600713,cfc7f5431a9e093d92d19ca55efb142e677a9d63,2026-06-24T12:34:53.355869+00:00
1225383660,600713,南京医药,南京医药关于调整2025年年度利润分配现金分红总额的公告,2026-06-24,1782230400000,http://static.cninfo.com.cn/finalpage/2026-06-24/1225383660.PDF,finalpage/2026-06-24/1225383660.PDF,szse,01010503||010113||011301,gssh0600713,4022c23bb0b090ef68d79ff68662d21330158ae3,2026-06-24T12:34:51.854617+00:00
1225383653,600713,南京医药,南京医药集团股份有限公司向不特定对象发行可转换公司债券受托管理事务报告（2025年度）,2026-06-24,1782230400000,http://static.cninfo.com.cn/finalpage/2026-06-24/1225383653.PDF,finalpage/2026-06-24/1225383653.PDF,szse,01010503||010113||010999,gssh0600713,3bb459c7096f82e11561560eb9feee987f1d23ad,2026-06-24T12:34:53.354865+00:00
1225382918,600717,天津港,天津港股份有限公司2026年第一次临时股东会决议公告,2026-06-24,1782230400000,http://static.cninfo.com.cn/finalpage/2026-06-24/1225382918.PDF,finalpage/2026-06-24/1225382918.PDF,szse,01010503||010113||011905,gssh0600717,19dbe9e66860c83d62c8e741b2e67a2575e5df0a,2026-06-24T12:35:18.999073+00:00
1225382932,600717,天津港,天津港股份有限公司2026年第一次临时股东会法律意见书,2026-06-24,1782230400000,http://static.cninfo.com.cn/finalpage/2026-06-24/1225382932.PDF,finalpage/2026-06-24/1225382932.PDF,szse,01010901||010113||011999||012903,gssh0600717,850314f16580301b71ca6fa55c37991cdf4b3c19,2026-06-24T12:35:17.790269+00:00
1225382842,600717,天津港,天津港股份有限公司十一届七次临时董事会决议公告,2026-06-24,1782230400000,http://static.cninfo.com.cn/finalpage/2026-06-24/1225382842.PDF,finalpage/2026-06-24/1225382842.PDF,szse,01010503||010113||01239901,gssh0600717,fab4a7fe157f7ee7906cbff45d8eb97a92c127d0,2026-06-24T12:35:20.088099+00:00
1225382923,600717,天津港,天津港股份有限公司董事、高级管理人员薪酬管理制度,2026-06-24,1782230400000,http://static.cninfo.com.cn/finalpage/2026-06-24/1225382923.PDF,finalpage/2026-06-24/1225382923.PDF,szse,01010503||010113||013105||013199,gssh0600717,9b90f58fbd914556946bd47bd0b241b417ba4036,2026-06-24T12:35:17.790269+00:00
1225383471,600718,东软集团,东软集团十一届二次董事会决议公告,2026-06-24,1782230400000,http://static.cninfo.com.cn/finalpage/2026-06-24/1225383471.PDF,finalpage/2026-06-24/1225383471.PDF,szse,01010503||010113||01239901,gssh0600718,a339dacef8f4b5f2caa19f7eeb3eff7911c9af92,2026-06-24T12:34:59.896546+00:00
1225384367,600728,佳都科技,佳都科技2025年年度权益分派实施公告,2026-06-24,1782230400000,http://static.cninfo.com.cn/finalpage/2026-06-24/1225384367.PDF,finalpage/2026-06-24/1225384367.PDF,szse,01010503||010113||011301,gssh0600728,04b5d510a08d79cbb86264e2d1cf5ffa015a64c7,2026-06-24T12:34:28.347492+00:00
1225384366,600728,佳都科技,北京国枫律师事务所关于佳都科技集团股份有限公司差异化分红事项的专项核查意见,2026-06-24,1782230400000,http://static.cninfo.com.cn/finalpage/2026-06-24/1225384366.PDF,finalpage/2026-06-24/1225384366.PDF,szse,01010901||010113||0129,gssh0600728,fcb14feeeda1502cbbaf38a7be3624258171d9da,2026-06-24T12:34:28.347492+00:00
1225384530,600735,ST新华锦,新华锦关于公司股票被实施其他风险警示事项的进展公告,2026-06-24,1782230400000,http://static.cninfo.com.cn/finalpage/2026-06-24/1225384530.PDF,finalpage/2026-06-24/1225384530.PDF,szse,01010503||010113||012501,gssh0600735,bca5f9f5b05152925bf066e595a00e5f6823d530,2026-06-24T12:34:25.046822+00:00
1225383271,600742,富维股份,信永中和会计师事务所（特殊普通合伙）关于《长春富维集团汽车零部件股份有限公司2025年年度报告的信息披露监管问询函》的专项说明,2026-06-24,1782230400000,http://static.cninfo.com.cn/finalpage/2026-06-24/1225383271.PDF,finalpage/2026-06-24/1225383271.PDF,szse,01010503||01010903||010113||012399||0129,gssh0600742,0d42ba16d7da48cc3d9fdd361c30a9350d9c951f,2026-06-24T12:35:08.312771+00:00
1225383278,600742,富维股份,关于《2025年年度报告的信息披露监管问询函》的回复,2026-06-24,1782230400000,http://static.cninfo.com.cn/finalpage/2026-06-24/1225383278.PDF,finalpage/2026-06-24/1225383278.PDF,szse,010109||010113||0129,gssh0600742,b1ed7778319fbd4ac9c82ad99328971a4f5c6a26,2026-06-24T12:35:08.312771+00:00
1225383273,600742,富维股份,关于获得新能源品牌客户外饰项目定点的公告,2026-06-24,1782230400000,http://static.cninfo.com.cn/finalpage/2026-06-24/1225383273.PDF,finalpage/2026-06-24/1225383273.PDF,szse,01010503||010113||012305||012399,gssh0600742,eb2ce7ab5f4a037f2d0b11901d22451bff777298,2026-06-24T12:35:08.312771+00:00
1225383268,600742,富维股份,独立董事专门会议关于公司2025年年度报告信息披露监管问询函所涉问题的相关意见,2026-06-24,1782230400000,http://static.cninfo.com.cn/finalpage/2026-06-24/1225383268.PDF,finalpage/2026-06-24/1225383268.PDF,szse,01011107||010113||013105,gssh0600742,37cdbab255b3deed982763a853d1bfbee0072087,2026-06-24T12:35:08.312771+00:00
1225383091,600755,厦门国贸,上海市通力律师事务所关于厦门国贸集团股份有限公司回购注销2022年限制性股票激励计划剩余限制性股票的法律意见书,2026-06-24,1782230400000,http://static.cninfo.com.cn/finalpage/2026-06-24/1225383091.PDF,finalpage/2026-06-24/1225383091.PDF,szse,01010503||01010901||010113||012325||012903,gssh0600755,d88f9a94cc2dbb47d41ec9f3a420d09c898e00d3,2026-06-24T12:35:12.824426+00:00
1225383034,600755,厦门国贸,厦门国贸集团股份有限公司关于回购注销剩余限制性股票的公告,2026-06-24,1782230400000,http://static.cninfo.com.cn/finalpage/2026-06-24/1225383034.PDF,finalpage/2026-06-24/1225383034.PDF,szse,01010503||010113||011513,gssh0600755,c16adeebf8116547e49d025c89204e26d4429c8e,2026-06-24T12:35:15.299640+00:00
1225383045,600755,厦门国贸,厦门国贸集团股份有限公司关于回购注销限制性股票通知债权人的公告,2026-06-24,1782230400000,http://static.cninfo.com.cn/finalpage/2026-06-24/1225383045.PDF,finalpage/2026-06-24/1225383045.PDF,szse,01010503||010113||011513,gssh0600755,e354d259e03c383de1304542202cfdfa48eacb2a,2026-06-24T12:35:15.299640+00:00
1225383083,600755,厦门国贸,厦门国贸集团股份有限公司董事会决议公告,2026-06-24,1782230400000,http://static.cninfo.com.cn/finalpage/2026-06-24/1225383083.PDF,finalpage/2026-06-24/1225383083.PDF,szse,01010503||010113||01239901,gssh0600755,957d695031485759cd1f27458753d8d9510d0d75,2026-06-24T12:35:12.824426+00:00
1225383386,600775,南京熊猫,港股公告：須予披露交易認購結構性存款產品,2026-06-24,1782230400000,http://static.cninfo.com.cn/finalpage/2026-06-24/1225383386.PDF,finalpage/2026-06-24/1225383386.PDF,szse,01010501||010113||012399,gssh0600775,984df29293274d35943d4799721642b172f1c624,2026-06-24T12:35:02.749451+00:00
1225382493,600784,鲁银投资,鲁银投资关于控股子公司增资扩股事项预挂牌的提示性公告,2026-06-24,1782230400000,http://static.cninfo.com.cn/finalpage/2026-06-24/1225382493.PDF,finalpage/2026-06-24/1225382493.PDF,szse,01010503||010113||011705,gssh0600784,3dee0531e1f2b473b5bec5dd700ee73395474794,2026-06-24T12:35:28.451467+00:00
1225382670,600787,中储股份,中储发展股份有限公司关于召开2026年第二次临时股东会的提示性公告,2026-06-24,1782230400000,http://static.cninfo.com.cn/finalpage/2026-06-24/1225382670.PDF,finalpage/2026-06-24/1225382670.PDF,szse,01010503||010113||011901,gssh0600787,25df608d070f49ce6c8d0ab8d5325b6da0b89af0,2026-06-24T12:35:22.809240+00:00
1225383040,600789,鲁抗医药,中国国际金融股份有限公司关于山东鲁抗医药股份有限公司向特定对象发行股票限售股上市流通的核查意见,2026-06-24,1782230400000,http://static.cninfo.com.cn/finalpage/2026-06-24/1225383040.PDF,finalpage/2026-06-24/1225383040.PDF,szse,010109||010113||0129,gssh0600789,8fd1eebe620f4f805937de85bb4cd1b8cc7f4fbd,2026-06-24T12:35:15.299640+00:00
1225383073,600789,鲁抗医药,鲁抗医药关于向特定对象发行股票限售股上市流通公告,2026-06-24,1782230400000,http://static.cninfo.com.cn/finalpage/2026-06-24/1225383073.PDF,finalpage/2026-06-24/1225383073.PDF,szse,01010503||010113||011303,gssh0600789,37894527086dc5c44e1bada31fc7c76a8fce3313,2026-06-24T12:35:13.853092+00:00
1225382796,600800,渤海化学,天津渤海化学股份有限公司关于子公司PDH装置恢复生产的公告,2026-06-24,1782230400000,http://static.cninfo.com.cn/finalpage/2026-06-24/1225382796.PDF,finalpage/2026-06-24/1225382796.PDF,szse,01010503||010113||012305,gssh0600800,a68350b95c3293c842f5740efe3ea8e201308d31,2026-06-24T12:35:21.153394+00:00
1225382508,600800,渤海化学,天津渤海化学股份有限公司董事、高级管理人员薪酬管理制度,2026-06-24,1782230400000,http://static.cninfo.com.cn/finalpage/2026-06-24/1225382508.PDF,finalpage/2026-06-24/1225382508.PDF,szse,01010503||010113||013105||013199,gssh0600800,97dbe9bfc22274afd94279e3ad2f429f555a9f7e,2026-06-24T12:35:28.450468+00:00
1225382698,600801,华新建材,关于持股5%以上股东增持公司股份计划实施完毕暨增持结果公告,2026-06-24,1782230400000,http://static.cninfo.com.cn/finalpage/2026-06-24/1225382698.PDF,finalpage/2026-06-24/1225382698.PDF,szse,01010503||010113||011501,gssh0600801,07dabfe2fc1065d0953a72bb5e5f26065800f94c,2026-06-24T12:35:21.976540+00:00
1225383044,600812,华北制药,关于公司获得《药品注册证书》的公告,2026-06-24,1782230400000,http://static.cninfo.com.cn/finalpage/2026-06-24/1225383044.PDF,finalpage/2026-06-24/1225383044.PDF,szse,01010503||010113||012305,gssh0600812,9dda037422a6334cbb1e858cad2c74f7ca19ff81,2026-06-24T12:35:15.299640+00:00
1225382739,600816,建元信托,诉讼进展公告,2026-06-24,1782230400000,http://static.cninfo.com.cn/finalpage/2026-06-24/1225382739.PDF,finalpage/2026-06-24/1225382739.PDF,szse,01010503||010113||012309,gssh0600816,dce40fb86f462ea8dc912f72e4af17bd8452a380,2026-06-24T12:35:21.976540+00:00
1225382614,600821,金开新能,关于以集中竞价交易方式回购股份比例达到总股本2%暨股份回购进展公告,2026-06-24,1782230400000,http://static.cninfo.com.cn/finalpage/2026-06-24/1225382614.PDF,finalpage/2026-06-24/1225382614.PDF,szse,01010503||010113||011513,gssh0600821,bfcefaddc77f7fbe91708a8953efafe9b56e6562,2026-06-24T12:35:25.193039+00:00
1225382922,600829,人民同泰,公司章程（2026年6月修订）,2026-06-24,1782230400000,http://static.cninfo.com.cn/finalpage/2026-06-24/1225382922.PDF,finalpage/2026-06-24/1225382922.PDF,szse,01010503||010113||013101,gssh0600829,11d41543029b9057fd706fabfb8715b8d23f2fd9,2026-06-24T12:35:17.790269+00:00
1225382935,600829,人民同泰,关于公司董事辞职暨补选董事的公告,2026-06-24,1782230400000,http://static.cninfo.com.cn/finalpage/2026-06-24/1225382935.PDF,finalpage/2026-06-24/1225382935.PDF,szse,01010503||010113||012303,gssh0600829,b6acfa659989c3e3c691a271ba62c736d418b752,2026-06-24T12:35:17.790269+00:00
1225382934,600829,人民同泰,关于变更经营范围并修订《公司章程》的公告,2026-06-24,1782230400000,http://static.cninfo.com.cn/finalpage/2026-06-24/1225382934.PDF,finalpage/2026-06-24/1225382934.PDF,szse,01010503||010113||012301,gssh0600829,2ee6f42dba70af66ac9e8101834bc2337a68e96f,2026-06-24T12:35:17.790269+00:00
1225382930,600829,人民同泰,关于召开2026年第一次临时股东会的通知,2026-06-24,1782230400000,http://static.cninfo.com.cn/finalpage/2026-06-24/1225382930.PDF,finalpage/2026-06-24/1225382930.PDF,szse,01010503||010113||011901,gssh0600829,c2ebb3f623bcf7afe7e8c94c0e8f73d2b2add6c7,2026-06-24T12:35:17.790269+00:00
1225382927,600829,人民同泰,第十一届董事会第十次会议决议公告,2026-06-24,1782230400000,http://static.cninfo.com.cn/finalpage/2026-06-24/1225382927.PDF,finalpage/2026-06-24/1225382927.PDF,szse,01010503||010113||01239901,gssh0600829,f017f5606a55b55ab937903432d39696cb14ee23,2026-06-24T12:35:17.790269+00:00
1225382585,600844,金煤科技,公司章程（2026年6月22日修订）,2026-06-24,1782230400000,http://static.cninfo.com.cn/finalpage/2026-06-24/1225382585.PDF,finalpage/2026-06-24/1225382585.PDF,szse,01010503||010113||013101,gssh0600844,5c9223cc99d6017160ad7493dba7632c564ec750,2026-06-24T12:35:25.194044+00:00
1225382587,600844,金煤科技,董事、高级管理人员薪酬管理制度（2026年6月）,2026-06-24,1782230400000,http://static.cninfo.com.cn/finalpage/2026-06-24/1225382587.PDF,finalpage/2026-06-24/1225382587.PDF,szse,01010503||010113||013105||013199,gssh0600844,56b39120d31b42cd08c16d6057fe108f9adc273d,2026-06-24T12:35:25.194044+00:00
1225383387,600851,海欣股份,上海海欣集团股份有限公司股票交易异常波动公告,2026-06-24,1782230400000,http://static.cninfo.com.cn/finalpage/2026-06-24/1225383387.PDF,finalpage/2026-06-24/1225383387.PDF,szse,01010503||010113||012103,gssh0600851,458a73fdb5f7bc594c3c723cd1cc26a6c8419faf,2026-06-24T12:35:02.749451+00:00
1225382570,600861,北京人力,北京人力2026年第一次临时股东会会议材料,2026-06-24,1782230400000,http://static.cninfo.com.cn/finalpage/2026-06-24/1225382570.PDF,finalpage/2026-06-24/1225382570.PDF,szse,01010503||010113||011906,gssh0600861,6063f64f456ed73a05f264ffc8fb75af5f568e0b,2026-06-24T12:35:26.366151+00:00
1225383494,600864,哈投股份,哈投股份2025年年度股东会决议公告,2026-06-24,1782230400000,http://static.cninfo.com.cn/finalpage/2026-06-24/1225383494.PDF,finalpage/2026-06-24/1225383494.PDF,szse,01010503||010113||011905,gssh0600864,a694dd730f9e37c6b7829d0ef716f8e918afea96,2026-06-24T12:34:58.879887+00:00
1225383486,600864,哈投股份,黑龙江朗信银龙律师事务所关于哈投股份2025年年度股东会的法律意见书,2026-06-24,1782230400000,http://static.cninfo.com.cn/finalpage/2026-06-24/1225383486.PDF,finalpage/2026-06-24/1225383486.PDF,szse,01010901||010113||011999||012903,gssh0600864,3e72c2aaceb46a280d1616da66b85e44683573a0,2026-06-24T12:34:59.895392+00:00
1225382745,600865,百大集团,百大集团股份有限公司关于收到委托理财收益的公告,2026-06-24,1782230400000,http://static.cninfo.com.cn/finalpage/2026-06-24/1225382745.PDF,finalpage/2026-06-24/1225382745.PDF,szse,01010503||010113||011705,gssh0600865,7cffd65632bcb20f67d0118546d4108f1212e1dd,2026-06-24T12:35:21.975535+00:00
1225382792,600885,宏发股份,宏发股份：关于控股子公司对外投资进展暨设立子公司并取得营业执照的公告,2026-06-24,1782230400000,http://static.cninfo.com.cn/finalpage/2026-06-24/1225382792.PDF,finalpage/2026-06-24/1225382792.PDF,szse,01010503||010113||011705||012399,gssh0600885,793b2c40e473f857d4bd77b8541ef5a669f3a196,2026-06-24T12:35:21.153394+00:00
1225383059,600893,航发动力,中国航发动力股份有限公司关于子公司使用自有资金购买结构性存款的公告,2026-06-24,1782230400000,http://static.cninfo.com.cn/finalpage/2026-06-24/1225383059.PDF,finalpage/2026-06-24/1225383059.PDF,szse,01010503||010113||011705,gssh0600893,7f7c35fdcd41ea1d346a1bdd79d7dff505cfd629,2026-06-24T12:35:13.854091+00:00
1225383529,600894,广日股份,广州广日股份有限公司关于收到参股公司现金分红款的提示性公告,2026-06-24,1782230400000,http://static.cninfo.com.cn/finalpage/2026-06-24/1225383529.PDF,finalpage/2026-06-24/1225383529.PDF,szse,01010501||010113||012399,gssh0600894,9bc1804a27a1f1e970092ab3b2ea4709ac5559fb,2026-06-24T12:34:58.878887+00:00
1225383759,600900,长江电力,北京市天元律师事务所关于中国长江电力股份有限公司2026年第一次临时股东会的法律意见,2026-06-24,1782230400000,http://static.cninfo.com.cn/finalpage/2026-06-24/1225383759.PDF,finalpage/2026-06-24/1225383759.PDF,szse,01010901||010113||011999||012903,gssh0600900,ee8512132648a054d32045e3624425941c7d60f9,2026-06-24T12:34:49.316380+00:00
1225383773,600900,长江电力,长江电力2026年第一次临时股东会决议公告,2026-06-24,1782230400000,http://static.cninfo.com.cn/finalpage/2026-06-24/1225383773.PDF,finalpage/2026-06-24/1225383773.PDF,szse,01010503||010113||011905,gssh0600900,612f6d74a4b24dee8588778ab86ef48edfe35b6d,2026-06-24T12:34:49.315375+00:00
1225384305,600909,华安证券,华安证券股份有限公司2025年年度股东会决议公告,2026-06-24,1782230400000,http://static.cninfo.com.cn/finalpage/2026-06-24/1225384305.PDF,finalpage/2026-06-24/1225384305.PDF,szse,01010503||010113||011905,qsgn0000505,b319858905d3457b3454782573b483761503a144,2026-06-24T12:34:29.577804+00:00
1225384304,600909,华安证券,华安证券股份有限公司关于公司董事会换届选举的公告,2026-06-24,1782230400000,http://static.cninfo.com.cn/finalpage/2026-06-24/1225384304.PDF,finalpage/2026-06-24/1225384304.PDF,szse,01010503||010113||012303,qsgn0000505,77386a5e7cc2fae74561f54dc5fa345b50a2d127,2026-06-24T12:34:29.577804+00:00
1225384302,600909,华安证券,华安证券股份有限公司募集资金管理办法,2026-06-24,1782230400000,http://static.cninfo.com.cn/finalpage/2026-06-24/1225384302.PDF,finalpage/2026-06-24/1225384302.PDF,szse,01010503||010113||013199,qsgn0000505,62b2783ed99c7179ef093e35e9db9537945f9274,2026-06-24T12:34:30.955169+00:00
1225384309,600909,华安证券,华安证券股份有限公司独立董事候选人声明,2026-06-24,1782230400000,http://static.cninfo.com.cn/finalpage/2026-06-24/1225384309.PDF,finalpage/2026-06-24/1225384309.PDF,szse,01011199||010113||012303,qsgn0000505,210280d82e8c696bbbf7d1345c652822be01ab42,2026-06-24T12:34:29.577804+00:00
1225384300,600909,华安证券,华安证券股份有限公司独立董事提名人声明,2026-06-24,1782230400000,http://static.cninfo.com.cn/finalpage/2026-06-24/1225384300.PDF,finalpage/2026-06-24/1225384300.PDF,szse,01010503||010113||012303,qsgn0000505,7af7d43233dfd10105e97329879fadf6d7908b43,2026-06-24T12:34:30.955169+00:00
1225384307,600909,华安证券,华安证券股份有限公司第四届董事会第三十五次会议决议公告,2026-06-24,1782230400000,http://static.cninfo.com.cn/finalpage/2026-06-24/1225384307.PDF,finalpage/2026-06-24/1225384307.PDF,szse,01010503||010113||01239901,qsgn0000505,7b46d9374a89f5f7bb9201ac6b1482416e36f759,2026-06-24T12:34:29.577804+00:00
1225384310,600909,华安证券,安徽天禾律师事务所关于华安证券股份有限公司2025年年度股东会法律意见书,2026-06-24,1782230400000,http://static.cninfo.com.cn/finalpage/2026-06-24/1225384310.PDF,finalpage/2026-06-24/1225384310.PDF,szse,01010901||010113||011999||012903,qsgn0000505,51e80d041e9962a8228fb3ad51e48b030fc7399a,2026-06-24T12:34:29.577804+00:00
1225383270,600925,苏能股份,江苏徐矿能源股份有限公司2025年年度权益分派实施公告,2026-06-24,1782230400000,http://static.cninfo.com.cn/finalpage/2026-06-24/1225383270.PDF,finalpage/2026-06-24/1225383270.PDF,szse,01010503||010113||011301,9900051620,0d9560d1f9c65b128d913291877fa5c804a8564e,2026-06-24T12:35:08.312771+00:00
1225383055,600927,永安期货,永安期货股份有限公司2026年第一次临时股东会会议资料,2026-06-24,1782230400000,http://static.cninfo.com.cn/finalpage/2026-06-24/1225383055.PDF,finalpage/2026-06-24/1225383055.PDF,szse,01010503||010113||011906,gfbj0833840,1e2dedf5477bb9d719e1ff701f38746f01ea1a8a,2026-06-24T12:35:13.854091+00:00
1225382584,600930,华电新能,华电新能源集团股份有限公司关于完成2026年面向专业投资者公开发行绿色公司债券（第一期）发行的公告,2026-06-24,1782230400000,http://static.cninfo.com.cn/finalpage/2026-06-24/1225382584.PDF,finalpage/2026-06-24/1225382584.PDF,szse,01010503||010113||013999,fzqy1062763,3792ef20fb9468bebe82dbc78e4e0b01dba96137,2026-06-24T12:35:25.194044+00:00
1225382742,600933,爱柯迪,关于“爱迪转债”2026年跟踪评级结果的公告,2026-06-24,1782230400000,http://static.cninfo.com.cn/finalpage/2026-06-24/1225382742.PDF,finalpage/2026-06-24/1225382742.PDF,szse,01010503||010113||010999,gfbj0834393,0900069b7ea24259d0630272e1840a7e45523f47,2026-06-24T12:35:21.976540+00:00
1225382744,600933,爱柯迪,爱柯迪股份有限公司相关债券2026年跟踪评级报告,2026-06-24,1782230400000,http://static.cninfo.com.cn/finalpage/2026-06-24/1225382744.PDF,finalpage/2026-06-24/1225382744.PDF,szse,01010501||010113||013999,gfbj0834393,8af425bbd27b5ccb9aceb2725acdaa3c7479d005,2026-06-24T12:35:21.976540+00:00
1225383061,600939,重庆建工,重庆建工2025年年度股东会资料,2026-06-24,1782230400000,http://static.cninfo.com.cn/finalpage/2026-06-24/1225383061.PDF,finalpage/2026-06-24/1225383061.PDF,szse,01010503||010113||011906,9900006064,8aa98d23fec7a7f240f0f75f0d887c6a15ee2a02,2026-06-24T12:35:13.854091+00:00
1225383659,600956,新天绿能,北京市嘉源律师事务所关于新天绿色能源股份有限公司控股股东之一致行动人增持股份的法律意见书,2026-06-24,1782230400000,http://static.cninfo.com.cn/finalpage/2026-06-24/1225383659.PDF,finalpage/2026-06-24/1225383659.PDF,szse,01010901||010113||012903,9900015548,6827e0f12513ab86a13ea2f2ef18e7b038ce8fea,2026-06-24T12:34:51.854617+00:00
1225383650,600956,新天绿能,新天绿能关于控股股东之一致行动人增持公司股份计划实施完成的公告,2026-06-24,1782230400000,http://static.cninfo.com.cn/finalpage/2026-06-24/1225383650.PDF,finalpage/2026-06-24/1225383650.PDF,szse,01010503||010113||011501,9900015548,0076be156bb7b14730f167b90b930b3862c59705,2026-06-24T12:34:53.355869+00:00
1225383737,600961,株冶集团,株冶集团股票交易异常波动公告,2026-06-24,1782230400000,http://static.cninfo.com.cn/finalpage/2026-06-24/1225383737.PDF,finalpage/2026-06-24/1225383737.PDF,szse,01010503||010113||012103,gssh0600961,71fe54b5315df553999be2664fb598e46bd6ddae,2026-06-24T12:34:50.547402+00:00
1225384306,600965,*ST福成,泓函字（2026）010006号-非标意见专项说明（修订版）,2026-06-24,1782230400000,http://static.cninfo.com.cn/finalpage/2026-06-24/1225384306.PDF,finalpage/2026-06-24/1225384306.PDF,szse,01010501||010113||012399,gssh0600965,6fc35e30118de2f1d96fb46fa85597dabb624b42,2026-06-24T12:34:29.577804+00:00
1225384335,600965,*ST福成,福成股份：关于公司股票被实施其他风险警示相关事项的进展公告,2026-06-24,1782230400000,http://static.cninfo.com.cn/finalpage/2026-06-24/1225384335.PDF,finalpage/2026-06-24/1225384335.PDF,szse,01010503||010113||012501,gssh0600965,28d17834fb7fc3895f2dc43ac74cbb1c3095237d,2026-06-24T12:34:29.577804+00:00
1225382746,600968,海油发展,关于履行担保责任的公告,2026-06-24,1782230400000,http://static.cninfo.com.cn/finalpage/2026-06-24/1225382746.PDF,finalpage/2026-06-24/1225382746.PDF,szse,01010503||010113||011711,9900033231,8462722f719340e3653921928b03453b470491a7,2026-06-24T12:35:21.975535+00:00
1225384531,600986,浙文互联,北京市金杜律师事务所关于浙文互联集团股份有限公司2026年第二次临时股东会的法律意见书,2026-06-24,1782230400000,http://static.cninfo.com.cn/finalpage/2026-06-24/1225384531.PDF,finalpage/2026-06-24/1225384531.PDF,szse,01010901||010113||011999||012903,gssh0600986,f0300f8e71f41bb0cc94d4821851233026129d35,2026-06-24T12:34:25.046822+00:00
1225384525,600986,浙文互联,浙文互联2026年第二次临时股东会决议公告,2026-06-24,1782230400000,http://static.cninfo.com.cn/finalpage/2026-06-24/1225384525.PDF,finalpage/2026-06-24/1225384525.PDF,szse,01010503||010113||011905,gssh0600986,e663f35aaecec2b391e150300e4f1f66d69ddae3,2026-06-24T12:34:25.046822+00:00
1225383474,600998,九州通,九州通关于控股股东及其一致行动人解除股份质押及质押的公告,2026-06-24,1782230400000,http://static.cninfo.com.cn/finalpage/2026-06-24/1225383474.PDF,finalpage/2026-06-24/1225383474.PDF,szse,01010503||010113||012307,9900015627,b627a8beb08be79f2f474073d66e8735d07eb570,2026-06-24T12:34:59.895981+00:00
1225383159,601005,重庆钢铁,中国国际金融股份有限公司、华宝证券股份有限公司关于重庆钢铁股份有限公司2025年度向特定对象发行A股股票之上市保荐书,2026-06-24,1782230400000,http://static.cninfo.com.cn/finalpage/2026-06-24/1225383159.PDF,finalpage/2026-06-24/1225383159.PDF,szse,01010701||010113||012911,9900002184,7e7b69be68791122290a51294468208474c072eb,2026-06-24T12:35:12.012690+00:00
1225383174,601005,重庆钢铁,关于向特定对象发行A股股票发行结果暨股本变动的公告,2026-06-24,1782230400000,http://static.cninfo.com.cn/finalpage/2026-06-24/1225383174.PDF,finalpage/2026-06-24/1225383174.PDF,szse,01010501||010113||012399,9900002184,84fd00059aed7ecffc1e8dcc134b41104b8b054d,2026-06-24T12:35:10.759677+00:00
1225383172,601005,重庆钢铁,重庆钢铁股份有限公司2025年度向特定对象发行A股股票上市公告书,2026-06-24,1782230400000,http://static.cninfo.com.cn/finalpage/2026-06-24/1225383172.PDF,finalpage/2026-06-24/1225383172.PDF,szse,01010503||010113||010713,9900002184,551e43a2ef598538795a8c7279d8acd4a2adcab1,2026-06-24T12:35:10.759677+00:00
1225382926,601006,大秦铁路,大秦铁路股份有限公司关于调整2025年度利润分配方案每股分红金额的公告,2026-06-24,1782230400000,http://static.cninfo.com.cn/finalpage/2026-06-24/1225382926.PDF,finalpage/2026-06-24/1225382926.PDF,szse,01010503||010113||011301,9900000261,eb5843643851b906ae127c211a90efa8614366f1,2026-06-24T12:35:17.790269+00:00
1225383165,601011,宝泰隆,宝泰隆新材料股份有限公司关于宝泰隆三矿收到建设项目联合试运转备案回执的公告,2026-06-24,1782230400000,http://static.cninfo.com.cn/finalpage/2026-06-24/1225383165.PDF,finalpage/2026-06-24/1225383165.PDF,szse,01010501||010113||012399,9900018407,f8a35f98d874f240a37d896b562157f24df2a378,2026-06-24T12:35:10.760708+00:00
1225382608,601012,隆基绿能,关于员工持股计划完成非交易过户的公告,2026-06-24,1782230400000,http://static.cninfo.com.cn/finalpage/2026-06-24/1225382608.PDF,finalpage/2026-06-24/1225382608.PDF,szse,01010503||010113||011507||012399,9900022338,3fe6a5d64c2119c78ff6adbb63cdd2dce7213fe8,2026-06-24T12:35:25.193039+00:00
1225382616,601012,隆基绿能,关于控股股东股份解除质押的公告,2026-06-24,1782230400000,http://static.cninfo.com.cn/finalpage/2026-06-24/1225382616.PDF,finalpage/2026-06-24/1225382616.PDF,szse,01010503||010113||012307,9900022338,d2169680048865230f1233e4016840918d3b7d3e,2026-06-24T12:35:25.193039+00:00
1225382522,601022,宁波远洋,宁波远洋运输股份有限公司2026年第二次临时股东会会议资料,2026-06-24,1782230400000,http://static.cninfo.com.cn/finalpage/2026-06-24/1225382522.PDF,finalpage/2026-06-24/1225382522.PDF,szse,01010503||010113||011906,9900051994,4ae1e66c106d85daff12c8fcb308db10806b8be3,2026-06-24T12:35:26.368157+00:00
1225383093,601083,锦江航运,锦江航运关于投资建造集装箱船舶的进展公告,2026-06-24,1782230400000,http://static.cninfo.com.cn/finalpage/2026-06-24/1225383093.PDF,finalpage/2026-06-24/1225383093.PDF,szse,01010503||010113||011705,9900057394,ad5420bcb3d6d4fa990a8ced0fe37ef1da59b79d,2026-06-24T12:35:12.824426+00:00
1225383176,601107,四川成渝,四川成渝关于职工董事辞任的公告,2026-06-24,1782230400000,http://static.cninfo.com.cn/finalpage/2026-06-24/1225383176.PDF,finalpage/2026-06-24/1225383176.PDF,szse,01010503||010113||012303,9900007387,7341d6bfd4248c4cc05bf4ed26400f45d1da4fb3,2026-06-24T12:35:10.759677+00:00
1225383185,601113,华鼎股份,义乌华鼎锦纶股份有限公司关于使用募集资金置换预先投入募投项目及已支付发行费用的自筹资金并等额置换后续相关支出的公告,2026-06-24,1782230400000,http://static.cninfo.com.cn/finalpage/2026-06-24/1225383185.PDF,finalpage/2026-06-24/1225383185.PDF,szse,01010503||010113||012315,9900019412,5828d7ec18ce8fc8731e40d7b5d541e9205f8d34,2026-06-24T12:35:10.758672+00:00
1225383166,601113,华鼎股份,义乌华鼎锦纶股份有限公司关于变更注册资本及修订《公司章程》的公告,2026-06-24,1782230400000,http://static.cninfo.com.cn/finalpage/2026-06-24/1225383166.PDF,finalpage/2026-06-24/1225383166.PDF,szse,01010503||010113||012301,9900019412,57291edf019fc996eb31dd22f9f828a0a221203c,2026-06-24T12:35:10.760708+00:00
1225383167,601113,华鼎股份,义乌华鼎锦纶股份有限公司章程（2026年6月修订),2026-06-24,1782230400000,http://static.cninfo.com.cn/finalpage/2026-06-24/1225383167.PDF,finalpage/2026-06-24/1225383167.PDF,szse,01010503||010113||013101,9900019412,6ff386c132266c0c0106518fafa59e46a639335a,2026-06-24T12:35:10.759677+00:00
1225383173,601113,华鼎股份,义乌华鼎锦纶股份有限公司第七届董事会第三次会议决议公告,2026-06-24,1782230400000,http://static.cninfo.com.cn/finalpage/2026-06-24/1225383173.PDF,finalpage/2026-06-24/1225383173.PDF,szse,01010503||010113||01239901,9900019412,214467ca950467edb75f449d93738a13de5d5e0d,2026-06-24T12:35:10.759677+00:00
1225383181,601113,华鼎股份,北京兴华会计师事务所（特殊普通合伙）关于义乌华鼎锦纶股份有限公司使用募集资金置换预先投入募投项目及支付发行费用专项鉴证报告,2026-06-24,1782230400000,http://static.cninfo.com.cn/finalpage/2026-06-24/1225383181.PDF,finalpage/2026-06-24/1225383181.PDF,szse,01010903||010113||0129,9900019412,ec48466cb51fcea6b979542a586b7fb004d48c91,2026-06-24T12:35:10.759677+00:00
1225383171,601113,华鼎股份,国投证券股份有限公司关于义乌华鼎锦纶股份有限公司以募集资金置换预先投入募投项目及已支付发行费用的自筹资金并以募集资金等额置换后续相关支出的核查意见,2026-06-24,1782230400000,http://static.cninfo.com.cn/finalpage/2026-06-24/1225383171.PDF,finalpage/2026-06-24/1225383171.PDF,szse,010109||010113||0129,9900019412,0cfebcafd2d1c98fa9435f2cf1a3f1c78ae25aac,2026-06-24T12:35:10.759677+00:00
1225383237,601139,深圳燃气,深圳燃气关于“燃23转债”预计触发转股价格向下修正的提示性公告,2026-06-24,1782230400000,http://static.cninfo.com.cn/finalpage/2026-06-24/1225383237.PDF,finalpage/2026-06-24/1225383237.PDF,szse,01010503||010113||010915,9900009513,9b1f802b7a4dc60588a0845da479bf7e417e2fa0,2026-06-24T12:35:08.313770+00:00
1225383398,601139,深圳燃气,深圳燃气向不特定对象发行可转换公司债券受托管理事务报告（2025年度）,2026-06-24,1782230400000,http://static.cninfo.com.cn/finalpage/2026-06-24/1225383398.PDF,finalpage/2026-06-24/1225383398.PDF,szse,01010503||010113||010999,9900009513,ff5c90a76bd6ffc2ba8a8e0ca86635c6e04166bc,2026-06-24T12:35:02.748452+00:00
1225382530,601233,桐昆股份,桐昆集团股份有限公司2026年第二次临时股东会会议资料,2026-06-24,1782230400000,http://static.cninfo.com.cn/finalpage/2026-06-24/1225382530.PDF,finalpage/2026-06-24/1225382530.PDF,szse,01010503||010113||011906,9900019547,27e6964308a7b0e58d31ddc2e65d49284b604327,2026-06-24T12:35:26.368157+00:00
1225382510,601233,桐昆股份,桐昆集团股份有限公司关于召开2026年第二次临时股东会的提示性公告,2026-06-24,1782230400000,http://static.cninfo.com.cn/finalpage/2026-06-24/1225382510.PDF,finalpage/2026-06-24/1225382510.PDF,szse,01010503||010113||011901,9900019547,1ee0df94afe345f5632888cd6811ee79b2a750b7,2026-06-24T12:35:28.450468+00:00
1225383491,601328,交通银行,交通银行关于高管任职资格获监管机构核准的公告,2026-06-24,1782230400000,http://static.cninfo.com.cn/finalpage/2026-06-24/1225383491.PDF,finalpage/2026-06-24/1225383491.PDF,szse,01010503||010113||012303,9900002841,11c54b5b8d5b32745309c2ae14d7fe644b8eeba1,2026-06-24T12:34:58.879887+00:00
1225384208,601360,三六零,三六零安全科技股份有限公司关于控股股东减持股份计划公告,2026-06-24,1782230400000,http://static.cninfo.com.cn/finalpage/2026-06-24/1225384208.PDF,finalpage/2026-06-24/1225384208.PDF,szse,01010503||010113||011501,9900021962,b4bde8f66b7571ec1be680a86a09fc33f5ade6ab,2026-06-24T12:34:33.205725+00:00
1225383175,601518,吉林高速,吉林高速公路股份有限公司关于控股子公司工程施工项目（联合体）中标的公告,2026-06-24,1782230400000,http://static.cninfo.com.cn/finalpage/2026-06-24/1225383175.PDF,finalpage/2026-06-24/1225383175.PDF,szse,01010503||010113||012327,9900011627,1c88bd6e6e1b001e4457bd09ebed14d9a4a8243e,2026-06-24T12:35:10.759677+00:00
1225382513,601599,浙文影业,关于参与投资设立电影产业基金暨关联交易的进展公告,2026-06-24,1782230400000,http://static.cninfo.com.cn/finalpage/2026-06-24/1225382513.PDF,finalpage/2026-06-24/1225382513.PDF,szse,01010503||010113||011705||011719,9900019840,d135232feba149739270b8e0a4461dec46cc96d2,2026-06-24T12:35:28.449462+00:00
1225382626,601608,中信重工,中信重工关于公司董事、总经理辞任暨增补董事及聘任总经理的公告,2026-06-24,1782230400000,http://static.cninfo.com.cn/finalpage/2026-06-24/1225382626.PDF,finalpage/2026-06-24/1225382626.PDF,szse,01010503||010113||012303,9900022870,27755710ce87dda92ca4e51ce5ee317a63d90cf1,2026-06-24T12:35:22.810246+00:00
1225382628,601608,中信重工,中信重工第六届董事会第二十二次会议决议公告,2026-06-24,1782230400000,http://static.cninfo.com.cn/finalpage/2026-06-24/1225382628.PDF,finalpage/2026-06-24/1225382628.PDF,szse,01010503||010113||01239901,9900022870,262d19b6152477de52bd8218f2dbaa68823a5859,2026-06-24T12:35:22.810246+00:00
1225382789,601609,金田股份,2021年宁波金田铜业（集团）股份有限公司可转换公司债券定期跟踪评级报告,2026-06-24,1782230400000,http://static.cninfo.com.cn/finalpage/2026-06-24/1225382789.PDF,finalpage/2026-06-24/1225382789.PDF,szse,01010503||01010907||010113||010999||0129,9900023721,fa3f8c7e7d652a20dbaa20e050f559c9ae741193,2026-06-24T12:35:21.153394+00:00
1225382802,601609,金田股份,金田股份关于可转换公司债券2026年跟踪评级结果的公告,2026-06-24,1782230400000,http://static.cninfo.com.cn/finalpage/2026-06-24/1225382802.PDF,finalpage/2026-06-24/1225382802.PDF,szse,01010503||010113||010999,9900023721,d6207d1a4d56d1884c92ecf7879f1aa9f20267a1,2026-06-24T12:35:21.153394+00:00
1225383227,601636,旗滨集团,旗滨集团关于2026年度第一期超短期融资券发行情况的公告,2026-06-24,1782230400000,http://static.cninfo.com.cn/finalpage/2026-06-24/1225383227.PDF,finalpage/2026-06-24/1225383227.PDF,szse,01010503||010113||011103,9900021239,c1b81e442ddfa773a955f117f0c2f23368f028cc,2026-06-24T12:35:09.581590+00:00
1225383470,601666,平煤股份,平煤股份2025年年度权益分派实施公告,2026-06-24,1782230400000,http://static.cninfo.com.cn/finalpage/2026-06-24/1225383470.PDF,finalpage/2026-06-24/1225383470.PDF,szse,01010503||010113||011301,9900001301,54501c4a897a0092e73647e3feaa92e7815f1b32,2026-06-24T12:34:59.896546+00:00
1225383473,601666,平煤股份,平煤股份关于可转换公司债券转股价格调整的公告,2026-06-24,1782230400000,http://static.cninfo.com.cn/finalpage/2026-06-24/1225383473.PDF,finalpage/2026-06-24/1225383473.PDF,szse,01010503||010113||010915||010999,9900001301,2d66ff71251518ca75aafc4232100960207ceadb,2026-06-24T12:34:59.895981+00:00
1225383475,601666,平煤股份,平顶山天安煤业股份有限公司差异化分红事项的法律意见书,2026-06-24,1782230400000,http://static.cninfo.com.cn/finalpage/2026-06-24/1225383475.PDF,finalpage/2026-06-24/1225383475.PDF,szse,01010901||010113||012903,9900001301,2eeb28796ce1a9db9c821a5d9b2222f564477c39,2026-06-24T12:34:59.895981+00:00
1225382861,601686,友发集团,关于“友发转债”跟踪信用评级结果的公告,2026-06-24,1782230400000,http://static.cninfo.com.cn/finalpage/2026-06-24/1225382861.PDF,finalpage/2026-06-24/1225382861.PDF,szse,01010503||010113||010999,9900039715,2f156da58ebb445af6e64b965c2f70ae4d7ea50f,2026-06-24T12:35:20.088099+00:00
1225382841,601686,友发集团,天津友发钢管集团股份有限公司公开发行可转换公司债券2026年跟踪评级报告,2026-06-24,1782230400000,http://static.cninfo.com.cn/finalpage/2026-06-24/1225382841.PDF,finalpage/2026-06-24/1225382841.PDF,szse,01010503||01010907||010113||010999||0129,9900039715,61b62746b4a3274da75ed2a2028cb3c652a8793d,2026-06-24T12:35:20.088099+00:00
1225383161,601700,风范股份,关于公司高级管理人员离任的公告,2026-06-24,1782230400000,http://static.cninfo.com.cn/finalpage/2026-06-24/1225383161.PDF,finalpage/2026-06-24/1225383161.PDF,szse,01010503||010113||012303,9900017119,ebcdf5cd9ac5e75d4e34cf6d7f6627022a9cd2ad,2026-06-24T12:35:12.012690+00:00
1225383182,601700,风范股份,关于公开挂牌转让苏州晶樱光电科技有限公司60%股权暨关联交易的进展公告,2026-06-24,1782230400000,http://static.cninfo.com.cn/finalpage/2026-06-24/1225383182.PDF,finalpage/2026-06-24/1225383182.PDF,szse,01010503||010113||011719,9900017119,3121dd9604689e780928c9f2cefb58fcd05323ad,2026-06-24T12:35:10.758672+00:00
1225383187,601700,风范股份,关于控股股东部分股份解除质押的公告,2026-06-24,1782230400000,http://static.cninfo.com.cn/finalpage/2026-06-24/1225383187.PDF,finalpage/2026-06-24/1225383187.PDF,szse,01010503||010113||012307,9900017119,b7861192b38cada35cf7dda54cff64919d059224,2026-06-24T12:35:10.758672+00:00
1225382845,601778,晶科科技,关于控股股东部分股份质押及解除质押的公告,2026-06-24,1782230400000,http://static.cninfo.com.cn/finalpage/2026-06-24/1225382845.PDF,finalpage/2026-06-24/1225382845.PDF,szse,01010503||010113||012307,9900038390,feee1242303320ee132e2b8e06e3971f82107fe9,2026-06-24T12:35:20.088099+00:00
1225383766,601798,蓝科高新,蓝科高新2026年第一次临时股东会会议资料,2026-06-24,1782230400000,http://static.cninfo.com.cn/finalpage/2026-06-24/1225383766.PDF,finalpage/2026-06-24/1225383766.PDF,szse,01010503||010113||011906,9900020287,d8f073b77e8b3726b5a04cfe7bc762373a30f91a,2026-06-24T12:34:49.316380+00:00
1225382676,601865,福莱特,国泰海通证券股份有限公司关于福莱特玻璃集团股份有限公司公开发行可转换公司债券第一次临时受托管理事务报告（2026年度）,2026-06-24,1782230400000,http://static.cninfo.com.cn/finalpage/2026-06-24/1225382676.PDF,finalpage/2026-06-24/1225382676.PDF,szse,01010503||010113||010999,9900031502,4b5db0e99ae848870c45725cd1ccf5d3b892ae9e,2026-06-24T12:35:22.809240+00:00
1225382694,601865,福莱特,福莱特玻璃集团股份有限公司公开发行A股可转换公司债券受托管理事务报告（2025年度）,2026-06-24,1782230400000,http://static.cninfo.com.cn/finalpage/2026-06-24/1225382694.PDF,finalpage/2026-06-24/1225382694.PDF,szse,01010503||010113||010999,9900031502,aa1f46603b1e2f3f397f2296e39ed70e1c0a671c,2026-06-24T12:35:21.976540+00:00
1225384248,601869,长飞光纤,长飞光纤光缆股份有限公司关于股票交易异常波动的公告,2026-06-24,1782230400000,http://static.cninfo.com.cn/finalpage/2026-06-24/1225384248.PDF,finalpage/2026-06-24/1225384248.PDF,szse,01010503||010113||012103,GD100544,008ed318b8453b0b92194038a5c701d8cc297048,2026-06-24T12:34:30.956175+00:00
1225382588,601877,正泰电器,正泰电器关于参与竞拍控股子公司股权的公告,2026-06-24,1782230400000,http://static.cninfo.com.cn/finalpage/2026-06-24/1225382588.PDF,finalpage/2026-06-24/1225382588.PDF,szse,01010501||010113||012399,9900010254,809289b416511c72fc3768f2a293b0b6675f7292,2026-06-24T12:35:25.194044+00:00
1225382580,601877,正泰电器,正泰电器关于对外担保进展的公告,2026-06-24,1782230400000,http://static.cninfo.com.cn/finalpage/2026-06-24/1225382580.PDF,finalpage/2026-06-24/1225382580.PDF,szse,01010503||010113||011711,9900010254,a19a6ed80914af3b88f57c4723e919bbc803296a,2026-06-24T12:35:25.194044+00:00
1225382582,601877,正泰电器,正泰电器第十届董事会2026年第二次独立董事专门会议审核意见,2026-06-24,1782230400000,http://static.cninfo.com.cn/finalpage/2026-06-24/1225382582.PDF,finalpage/2026-06-24/1225382582.PDF,szse,01011107||010113||013105,9900010254,d90b4d3479a311d4e3e64f1b7d8f1c0b64c4e5ca,2026-06-24T12:35:25.194044+00:00
1225382589,601877,正泰电器,正泰电器第十届董事会第十三次会议决议公告,2026-06-24,1782230400000,http://static.cninfo.com.cn/finalpage/2026-06-24/1225382589.PDF,finalpage/2026-06-24/1225382589.PDF,szse,01010503||010113||01239901,9900010254,fa021da9efc4df86100ec0c9ebfdf799417fccf0,2026-06-24T12:35:25.194044+00:00
1225383118,601881,中国银河,中国银河：2026年度第九期短期融资券发行结果公告,2026-06-24,1782230400000,http://static.cninfo.com.cn/finalpage/2026-06-24/1225383118.PDF,finalpage/2026-06-24/1225383118.PDF,szse,01010503||010113||011103,qsgn0000512,8ca15b025b79949e4ad43024a765c76cceb9d10b,2026-06-24T12:35:12.823419+00:00
1225383760,601900,南方传媒,北京浩天（广州）律师事务所关于南方出版传媒股份有限公司2025年年度股东会的法律意见书,2026-06-24,1782230400000,http://static.cninfo.com.cn/finalpage/2026-06-24/1225383760.PDF,finalpage/2026-06-24/1225383760.PDF,szse,01010901||010113||011999||012903,9900024439,5663c4a64a881fc2f3bd3a49cf2bb6ceb61cd7e7,2026-06-24T12:34:49.316380+00:00
1225383774,601900,南方传媒,南方传媒2025年年度股东会决议公告,2026-06-24,1782230400000,http://static.cninfo.com.cn/finalpage/2026-06-24/1225383774.PDF,finalpage/2026-06-24/1225383774.PDF,szse,01010503||010113||011905,9900024439,6b34075ac7db6d09efc39a033e0b64c6e5e7aae9,2026-06-24T12:34:49.315375+00:00
1225384495,601933,永辉超市,永辉超市股份有限公司高级管理人员减持股份结果公告,2026-06-24,1782230400000,http://static.cninfo.com.cn/finalpage/2026-06-24/1225384495.PDF,finalpage/2026-06-24/1225384495.PDF,szse,01010503||010113||011501||01230350,9900016367,f7f851cc14f3dcabc569aa65b46af12e41b71dd8,2026-06-24T12:34:25.047344+00:00
1225383732,601958,金钼股份,北京观韬（西安）律师事务所关于金堆城钼业股份有限公司2025年年度股东会的法律意见书,2026-06-24,1782230400000,http://static.cninfo.com.cn/finalpage/2026-06-24/1225383732.PDF,finalpage/2026-06-24/1225383732.PDF,szse,01010901||010113||011999||012903,9900004461,b60f58256855b70702da5cbde6fcd32691da321e,2026-06-24T12:34:50.548403+00:00
1225383727,601958,金钼股份,金钼股份2025年年度股东会决议公告,2026-06-24,1782230400000,http://static.cninfo.com.cn/finalpage/2026-06-24/1225383727.PDF,finalpage/2026-06-24/1225383727.PDF,szse,01010503||010113||011905,9900004461,fd3d4752196c730b0c80686bd042e7b19c61f2f1,2026-06-24T12:34:50.548403+00:00
1225384078,601963,重庆银行,2025年度股东会决议公告,2026-06-24,1782230400000,http://static.cninfo.com.cn/finalpage/2026-06-24/1225384078.PDF,finalpage/2026-06-24/1225384078.PDF,szse,01010503||010113||011905,9900006641,d6de886671a8b9d07819ec87216fda534c2df855,2026-06-24T12:34:40.990928+00:00
1225384076,601963,重庆银行,关于重庆银行股份有限公司2025年度股东会的法律意见书,2026-06-24,1782230400000,http://static.cninfo.com.cn/finalpage/2026-06-24/1225384076.PDF,finalpage/2026-06-24/1225384076.PDF,szse,01010901||010113||011999||012903,9900006641,41dbff5a25c0b58fad3a393bd677459b73ad501b,2026-06-24T12:34:40.990928+00:00
1225384072,601963,重庆银行,第七届董事会第二十五次会议决议公告,2026-06-24,1782230400000,http://static.cninfo.com.cn/finalpage/2026-06-24/1225384072.PDF,finalpage/2026-06-24/1225384072.PDF,szse,01010503||010113||01239901,9900006641,824226a0f452b09e519b257c47cf44219fb6cb0c,2026-06-24T12:34:40.990928+00:00
1225384071,601963,重庆银行,董事会提名与薪酬委员会工作细则,2026-06-24,1782230400000,http://static.cninfo.com.cn/finalpage/2026-06-24/1225384071.PDF,finalpage/2026-06-24/1225384071.PDF,szse,01010503||010113||013105||013199,9900006641,530669bafb8c82c5c125dcdd417c6ab9600a2be2,2026-06-24T12:34:40.990928+00:00
1225384084,601963,重庆银行,董事薪酬管理办法,2026-06-24,1782230400000,http://static.cninfo.com.cn/finalpage/2026-06-24/1225384084.PDF,finalpage/2026-06-24/1225384084.PDF,szse,01010503||010113||013199,9900006641,9b6ff860bbb634a616d609e9b03f099b6a6f467f,2026-06-24T12:34:39.704403+00:00
1225384077,601963,重庆银行,高级管理人员薪酬管理办法,2026-06-24,1782230400000,http://static.cninfo.com.cn/finalpage/2026-06-24/1225384077.PDF,finalpage/2026-06-24/1225384077.PDF,szse,01010503||010113||013199,9900006641,393a5c927244c98a4846ddf9e47ba9c800e31984,2026-06-24T12:34:40.990928+00:00
1225384134,603020,爱普股份,爱普香料集团股份有限公司关于收购挪亚圣诺（太仓）生物科技有限公司100%股权的进展公告,2026-06-24,1782230400000,http://static.cninfo.com.cn/finalpage/2026-06-24/1225384134.PDF,finalpage/2026-06-24/1225384134.PDF,szse,01010503||010113||011701,9900023123,b3ee918f7f348cd94faf638345b46d97381c89ef,2026-06-24T12:34:39.702893+00:00
1225383469,603023,威帝股份,哈尔滨威帝电子股份有限公司股东及董事、高级管理人员减持股份计划公告,2026-06-24,1782230400000,http://static.cninfo.com.cn/finalpage/2026-06-24/1225383469.PDF,finalpage/2026-06-24/1225383469.PDF,szse,01010503||010113||011501||01230350,9900023114,6d0bb07d4c289b08c5966e1a6cef5741e34ecbbd,2026-06-24T12:34:59.896546+00:00
1225384159,603025,大豪科技,北京大豪科技股份有限公司产业并购基金第二期进展公告,2026-06-24,1782230400000,http://static.cninfo.com.cn/finalpage/2026-06-24/1225384159.PDF,finalpage/2026-06-24/1225384159.PDF,szse,01010501||010113||012399,9900023457,c10bb231da632e7995b5ceaf12daa033523e2326,2026-06-24T12:34:35.334695+00:00
1225383393,603037,凯众股份,上海凯众材料科技股份有限公司向不特定对象发行可转换公司债券受托管理事务报告（2025年度）,2026-06-24,1782230400000,http://static.cninfo.com.cn/finalpage/2026-06-24/1225383393.PDF,finalpage/2026-06-24/1225383393.PDF,szse,01010503||010113||010999,9900029866,e1d8f8c0ed36da97413a90c1224fc29b02378846,2026-06-24T12:35:02.748452+00:00
1225383400,603037,凯众股份,关于发行股份及支付现金购买资产并募集配套资金相关主体买卖股票情况自查报告的公告,2026-06-24,1782230400000,http://static.cninfo.com.cn/finalpage/2026-06-24/1225383400.PDF,finalpage/2026-06-24/1225383400.PDF,szse,01010503||010113||010799||011701||012317,9900029866,710912ca07c17435338f84e7e825cec1999cdfc3,2026-06-24T12:35:02.748452+00:00
1225383397,603037,凯众股份,国泰海通证券股份有限公司关于上海凯众材料科技股份有限公司本次交易相关主体买卖股票情况的自查报告的核查意见,2026-06-24,1782230400000,http://static.cninfo.com.cn/finalpage/2026-06-24/1225383397.PDF,finalpage/2026-06-24/1225383397.PDF,szse,010109||010113||0129,9900029866,3aebe5bfa339d1a569c9fad28c4a6ca34069caaf,2026-06-24T12:35:02.748452+00:00
1225383394,603037,凯众股份,国浩律师（上海）事务所关于上海凯众材料科技股份有限公司发行股份及支付现金购买资产并募集配套资金相关主体买卖股票情况自查报告的专项核查意见,2026-06-24,1782230400000,http://static.cninfo.com.cn/finalpage/2026-06-24/1225383394.PDF,finalpage/2026-06-24/1225383394.PDF,szse,01010503||010113||010799,9900029866,dadb6f65640df9ee51cabb9acf6959646f408a35,2026-06-24T12:35:02.748452+00:00
1225382583,603057,紫燕食品,紫燕食品关于使用闲置募集资金进行现金管理的进展公告,2026-06-24,1782230400000,http://static.cninfo.com.cn/finalpage/2026-06-24/1225382583.PDF,finalpage/2026-06-24/1225382583.PDF,szse,01010503||010113||012315,nssc1000798,80e826101a497bd5d135d14027638275ecd893cf,2026-06-24T12:35:25.194044+00:00
1225382525,603061,金海通,关于召开2026年第三次临时股东会的通知,2026-06-24,1782230400000,http://static.cninfo.com.cn/finalpage/2026-06-24/1225382525.PDF,finalpage/2026-06-24/1225382525.PDF,szse,01010503||010113||011901,9900048113,9ae453ae06d2912bddd54e1e48f56a5700b63658,2026-06-24T12:35:26.368157+00:00
1225382527,603061,金海通,关于增加2026年度日常关联交易预计额度的公告,2026-06-24,1782230400000,http://static.cninfo.com.cn/finalpage/2026-06-24/1225382527.PDF,finalpage/2026-06-24/1225382527.PDF,szse,01010503||010113||011719,9900048113,1a49aca5608600fdfd520f600f2303065564fd5c,2026-06-24T12:35:26.368157+00:00
1225382509,603061,金海通,关于增加向金融机构申请综合授信额度的公告,2026-06-24,1782230400000,http://static.cninfo.com.cn/finalpage/2026-06-24/1225382509.PDF,finalpage/2026-06-24/1225382509.PDF,szse,01010503||010113||011709,9900048113,2b7b8db9ddd1a4e89f34734a4e987f6d1f89632a,2026-06-24T12:35:28.450468+00:00
1225382494,603061,金海通,第二届董事会第九次独立董事专门会议决议,2026-06-24,1782230400000,http://static.cninfo.com.cn/finalpage/2026-06-24/1225382494.PDF,finalpage/2026-06-24/1225382494.PDF,szse,01010503||010113||012399||01239901,9900048113,c200781a524285ddc46a62aa088b457c3cf69793,2026-06-24T12:35:28.451467+00:00
1225382516,603061,金海通,第二届董事会第二十九次会议决议公告,2026-06-24,1782230400000,http://static.cninfo.com.cn/finalpage/2026-06-24/1225382516.PDF,finalpage/2026-06-24/1225382516.PDF,szse,01010503||010113||01239901,9900048113,8efc1af82d0f459cfcdd9dc3a461f9b64ecc5bd2,2026-06-24T12:35:28.449462+00:00
1225383761,603065,宿迁联盛,宿迁联盛股票交易异常波动暨风险提示公告,2026-06-24,1782230400000,http://static.cninfo.com.cn/finalpage/2026-06-24/1225383761.PDF,finalpage/2026-06-24/1225383761.PDF,szse,01010503||010113||012103||012109,9900051383,95d9859bf914a5f57984ae0539f31a3b12df07c5,2026-06-24T12:34:49.316380+00:00
1225382748,603073,彩蝶实业,浙江彩蝶实业股份有限公司关于使用闲置自有资金进行现金管理到期赎回的公告,2026-06-24,1782230400000,http://static.cninfo.com.cn/finalpage/2026-06-24/1225382748.PDF,finalpage/2026-06-24/1225382748.PDF,szse,01010503||010113||011705,nssc1000544,e7fef9205dbdaefcc8e9a31f9e6865c2c43baa9f,2026-06-24T12:35:21.975535+00:00
1225383062,603079,圣达生物,中信建投证券股份有限公司关于浙江圣达生物药业股份有限公司差异化分红事项的核查意见,2026-06-24,1782230400000,http://static.cninfo.com.cn/finalpage/2026-06-24/1225383062.PDF,finalpage/2026-06-24/1225383062.PDF,szse,010109||010113||0129,9900031480,f026dfa8516028f447bf87c71f1e037e4ad5c3a0,2026-06-24T12:35:13.854091+00:00
1225383089,603079,圣达生物,浙江圣达生物药业股份有限公司2025年年度权益分派实施公告,2026-06-24,1782230400000,http://static.cninfo.com.cn/finalpage/2026-06-24/1225383089.PDF,finalpage/2026-06-24/1225383089.PDF,szse,01010503||010113||011301,9900031480,3f7f4f384c3efb934db35eff662a3c6800ab098d,2026-06-24T12:35:12.824426+00:00
1225383058,603079,圣达生物,浙江天册律师事务所关于浙江圣达生物药业股份有限公司2025年度差异化分红事项的法律意见书,2026-06-24,1782230400000,http://static.cninfo.com.cn/finalpage/2026-06-24/1225383058.PDF,finalpage/2026-06-24/1225383058.PDF,szse,01010901||010113||012903,9900031480,60312c001b09c88ebcd8ed11bfbcdd98cd93fdc4,2026-06-24T12:35:13.854091+00:00
1225383238,603085,天成自控,浙江天成自控股份有限公司2026年第二次临时股东会会议资料,2026-06-24,1782230400000,http://static.cninfo.com.cn/finalpage/2026-06-24/1225383238.PDF,finalpage/2026-06-24/1225383238.PDF,szse,01010503||010113||011906,9900024678,84be2810ea0108a900e14e3a916247bf980ad695,2026-06-24T12:35:08.313770+00:00
1225383524,603093,南华期货,南华期货股份有限公司关于对外投资设立境外全资子公司的进展公告,2026-06-24,1782230400000,http://static.cninfo.com.cn/finalpage/2026-06-24/1225383524.PDF,finalpage/2026-06-24/1225383524.PDF,szse,01010503||010113||011705,9900031483,b0b6b7e873645e1108a7549eb14c066bedf17534,2026-06-24T12:34:58.878887+00:00
1225382749,603099,长白山,长白山旅游股份有限公司关于调整长白山景区外部分客运线路票价的公告,2026-06-24,1782230400000,http://static.cninfo.com.cn/finalpage/2026-06-24/1225382749.PDF,finalpage/2026-06-24/1225382749.PDF,szse,01010501||010113||012399,9900022933,de5fd304a33d3a3b4c4174e8d5ee9d9ba6bd99f2,2026-06-24T12:35:21.975535+00:00
1225382740,603099,长白山,长白山旅游股份有限公司第五届董事会第十四次会议决议公告,2026-06-24,1782230400000,http://static.cninfo.com.cn/finalpage/2026-06-24/1225382740.PDF,finalpage/2026-06-24/1225382740.PDF,szse,01010503||010113||01239901,9900022933,f0c62d7ea3ebdc10ce48394b8c1279d3ed57a98f,2026-06-24T12:35:21.976540+00:00
1225384224,603105,芯能科技,浙江芯能光伏科技股份有限公司关于“芯能转债”2026年跟踪评级结果的公告,2026-06-24,1782230400000,http://static.cninfo.com.cn/finalpage/2026-06-24/1225384224.PDF,finalpage/2026-06-24/1225384224.PDF,szse,01010503||010113||010999,gfbj0833677,9d17a18231a68903f86e456506001f99fdcc78cf,2026-06-24T12:34:33.204719+00:00
1225384226,603105,芯能科技,浙江芯能光伏科技股份有限公司相关债券2026年跟踪评级报告,2026-06-24,1782230400000,http://static.cninfo.com.cn/finalpage/2026-06-24/1225384226.PDF,finalpage/2026-06-24/1225384226.PDF,szse,01010501||010113||013999,gfbj0833677,ed69a88b2009096abd1f01a1818a77a134556295,2026-06-24T12:34:33.204719+00:00
1225383276,603115,海星股份,2025年年度权益分派实施公告,2026-06-24,1782230400000,http://static.cninfo.com.cn/finalpage/2026-06-24/1225383276.PDF,finalpage/2026-06-24/1225383276.PDF,szse,01010503||010113||011301,9900036552,d06a0207149fc61858853820c19ec0469b33c004,2026-06-24T12:35:08.312771+00:00
1225382804,603127,昭衍新药,北京市天元律师事务所关于北京昭衍新药研究中心股份有限公司2026年A股限制性股票激励计划相关调整事项的法律意见,2026-06-24,1782230400000,http://static.cninfo.com.cn/finalpage/2026-06-24/1225382804.PDF,finalpage/2026-06-24/1225382804.PDF,szse,01010503||01010901||010113||012325||012903,9900030771,3f0deb1d437c4edc9c0499baca49238146c81483,2026-06-24T12:35:21.153394+00:00
1225383041,603127,昭衍新药,北京市天元律师事务所关于昭衍新药差异化分红事项的专项法律意见,2026-06-24,1782230400000,http://static.cninfo.com.cn/finalpage/2026-06-24/1225383041.PDF,finalpage/2026-06-24/1225383041.PDF,szse,01010901||010113||012903,9900030771,50f64da02e7b67482e5d846bf5417812b157a428,2026-06-24T12:35:15.299640+00:00
1225383078,603127,昭衍新药,昭衍新药2025年年度A股权益分派实施公告,2026-06-24,1782230400000,http://static.cninfo.com.cn/finalpage/2026-06-24/1225383078.PDF,finalpage/2026-06-24/1225383078.PDF,szse,01010503||010113||011301,9900030771,6e393d94b311ed1fe985ccfd7f4a343fe04ec5c0,2026-06-24T12:35:13.853092+00:00
1225382794,603127,昭衍新药,昭衍新药关于调整2026年A股限制性股票激励计划授予价格的公告,2026-06-24,1782230400000,http://static.cninfo.com.cn/finalpage/2026-06-24/1225382794.PDF,finalpage/2026-06-24/1225382794.PDF,szse,01010503||010113||012325,9900030771,d514154defcf7da0f7fe7552e874c10e242886cc,2026-06-24T12:35:21.153394+00:00
1225382791,603127,昭衍新药,昭衍新药第五届董事会第五次会议决议公告,2026-06-24,1782230400000,http://static.cninfo.com.cn/finalpage/2026-06-24/1225382791.PDF,finalpage/2026-06-24/1225382791.PDF,szse,01010503||010113||01239901,9900030771,5ecbab79b6bb8eda9b9cb6ac2d636d13fdced5c5,2026-06-24T12:35:21.153394+00:00
1225382491,603132,金徽股份,金徽股份关于控股股东股份质押的公告,2026-06-24,1782230400000,http://static.cninfo.com.cn/finalpage/2026-06-24/1225382491.PDF,finalpage/2026-06-24/1225382491.PDF,szse,01010503||010113||012307,9900051476,a947563322cc82c72c9484ae5f6f31ba9045c8e9,2026-06-24T12:35:28.451467+00:00
1225382790,603137,恒尚节能,恒尚节能：关于筹划发行股份及支付现金购买资产并募集配套资金事项的停牌进展公告,2026-06-24,1782230400000,http://static.cninfo.com.cn/finalpage/2026-06-24/1225382790.PDF,finalpage/2026-06-24/1225382790.PDF,szse,01010503||010113||010799||011701||012399,9900048389,bed9822379f29368b1fa9104f99c6bf2cd69aad4,2026-06-24T12:35:21.153394+00:00
1225383275,603139,康惠股份,康惠股份关于持股5%以上股东减持股份计划公告,2026-06-24,1782230400000,http://static.cninfo.com.cn/finalpage/2026-06-24/1225383275.PDF,finalpage/2026-06-24/1225383275.PDF,szse,01010503||010113||011501,9900030778,8afe540c137dc552212026ad5f32bf0da39515d9,2026-06-24T12:35:08.312771+00:00
1225382520,603151,邦基科技,山东邦基科技股份有限公司关于2024年股票期权激励计划部分股票期权注销完成的公告,2026-06-24,1782230400000,http://static.cninfo.com.cn/finalpage/2026-06-24/1225382520.PDF,finalpage/2026-06-24/1225382520.PDF,szse,01010503||010113||012325,9900052705,53b3c2ff384cc3b4442181071111c64f48d39bf3,2026-06-24T12:35:26.368157+00:00
1225382499,603162,海通发展,福建海通发展股份有限公司2026年第二次临时股东会会议资料,2026-06-24,1782230400000,http://static.cninfo.com.cn/finalpage/2026-06-24/1225382499.PDF,finalpage/2026-06-24/1225382499.PDF,szse,01010503||010113||011906,gfbj0833362,c42f1a5330a746a1c631067f1a73bdb4f238cae4,2026-06-24T12:35:28.451467+00:00
1225383066,603163,圣晖集成,圣晖集成关于子公司已中标重大项目签订合同的进展公告,2026-06-24,1782230400000,http://static.cninfo.com.cn/finalpage/2026-06-24/1225383066.PDF,finalpage/2026-06-24/1225383066.PDF,szse,01010503||010113||012327,9900052777,7120cdf417ddcf9b9fd66afac6be2803dc781d4f,2026-06-24T12:35:13.854091+00:00
1225383168,603195,公牛集团,公牛集团股份有限公司部分股权激励限制性股票回购注销实施公告,2026-06-24,1782230400000,http://static.cninfo.com.cn/finalpage/2026-06-24/1225383168.PDF,finalpage/2026-06-24/1225383168.PDF,szse,01010503||010113||011513||012325,9900037723,c27d7830d5eb74c0d673aaa5cf11e20846aeb440,2026-06-24T12:35:10.759677+00:00
1225383169,603195,公牛集团,关于公牛集团股份有限公司回购注销部分限制性股票实施情况的法律意见书,2026-06-24,1782230400000,http://static.cninfo.com.cn/finalpage/2026-06-24/1225383169.PDF,finalpage/2026-06-24/1225383169.PDF,szse,01010901||010113||012903,9900037723,f38937988eaa314ae76eb3e5bef7716d7734ef51,2026-06-24T12:35:10.759677+00:00
1225383966,603197,保隆科技,保隆科技关于不向下修正“保隆转债”转股价格的公告,2026-06-24,1782230400000,http://static.cninfo.com.cn/finalpage/2026-06-24/1225383966.PDF,finalpage/2026-06-24/1225383966.PDF,szse,01010503||010113||010915,9900023976,2a12372c2dcfaf37c4e5e8321b15018b840babb0,2026-06-24T12:34:44.622624+00:00
1225384164,603201,常润股份,常熟通润汽车零部件股份有限公司关于签订股权收购框架协议的公告,2026-06-24,1782230400000,http://static.cninfo.com.cn/finalpage/2026-06-24/1225384164.PDF,finalpage/2026-06-24/1225384164.PDF,szse,01010503||010113||011705,9900051404,aabd58276dbabdc813bb8f7eb0e8f88fca7a5478,2026-06-24T12:34:35.334695+00:00
1225384157,603201,常润股份,常熟通润汽车零部件股份有限公司第六届董事会第九次会议决议公告,2026-06-24,1782230400000,http://static.cninfo.com.cn/finalpage/2026-06-24/1225384157.PDF,finalpage/2026-06-24/1225384157.PDF,szse,01010503||010113||01239901,9900051404,074110ca33da4a05f89534ed57df9156060a2fdc,2026-06-24T12:34:35.336199+00:00
1225384167,603201,常润股份,常熟通润汽车零部件股份有限公司股票交易异常波动公告,2026-06-24,1782230400000,http://static.cninfo.com.cn/finalpage/2026-06-24/1225384167.PDF,finalpage/2026-06-24/1225384167.PDF,szse,01010503||010113||012103,9900051404,eac9b50d48ffeccc1be74f8023b6bc9c7bc4bcba,2026-06-24T12:34:35.334695+00:00
1225384161,603201,常润股份,控股股东及实际控制人关于常熟通润汽车零部件股份有限公司股票交易异常波动询证函的回函,2026-06-24,1782230400000,http://static.cninfo.com.cn/finalpage/2026-06-24/1225384161.PDF,finalpage/2026-06-24/1225384161.PDF,szse,01010501||010113||012399,9900051404,403114f08d67d5cb1d41eee5e6517227a6bfecc5,2026-06-24T12:34:35.334695+00:00
1225384222,603202,天有为,中信建投证券股份有限公司关于黑龙江天有为电子股份有限公司2025年年报问询函回复的核查意见,2026-06-24,1782230400000,http://static.cninfo.com.cn/finalpage/2026-06-24/1225384222.PDF,finalpage/2026-06-24/1225384222.PDF,szse,010109||010113||0129,9900059219,3ebaa468d5e1c4c78e1ac58779e393b997e54ad3,2026-06-24T12:34:33.204719+00:00
1225384207,603202,天有为,信会师函字[2026]第ZG095号关于黑龙江天有为电子股份有限公司2025年年度报告的信息披露监管问询函的回复,2026-06-24,1782230400000,http://static.cninfo.com.cn/finalpage/2026-06-24/1225384207.PDF,finalpage/2026-06-24/1225384207.PDF,szse,010109||010113||0129,9900059219,7534764b284fdc1b15fd2f329aa7aeb87d739d3c,2026-06-24T12:34:33.205725+00:00
1225384211,603202,天有为,关于上海证券交易所对公司2025年年度报告的信息披露监管问询函的回复公告,2026-06-24,1782230400000,http://static.cninfo.com.cn/finalpage/2026-06-24/1225384211.PDF,finalpage/2026-06-24/1225384211.PDF,szse,01010503||010113||012399,9900059219,a625b862e4181d6962f390a8dad941d7d75d4375,2026-06-24T12:34:33.205725+00:00
1225382931,603207,小方制药,关于使用部分暂时闲置募集资金进行现金管理赎回的公告,2026-06-24,1782230400000,http://static.cninfo.com.cn/finalpage/2026-06-24/1225382931.PDF,finalpage/2026-06-24/1225382931.PDF,szse,01010503||010113||012315,9900056294,6c4c45573dac488b347c2449f1bb3e9da2ecf448,2026-06-24T12:35:17.790269+00:00
1225383824,603215,比依股份,北京金诚同达（上海）律师事务所关于浙江比依电器股份有限公司2023年限制性股票激励计划回购注销部分限制性股票的法律意见书（164人703571股）,2026-06-24,1782230400000,http://static.cninfo.com.cn/finalpage/2026-06-24/1225383824.PDF,finalpage/2026-06-24/1225383824.PDF,szse,01010503||01010901||010113||012325||012903,nssc1000801,894b3b18dcbe85981ff96e25abaa0dc8a3e61619,2026-06-24T12:34:47.965430+00:00
1225383822,603215,比依股份,北京金诚同达（上海）律师事务所关于浙江比依电器股份有限公司2023年限制性股票激励计划回购注销部分限制性股票的法律意见书（3人7600股）,2026-06-24,1782230400000,http://static.cninfo.com.cn/finalpage/2026-06-24/1225383822.PDF,finalpage/2026-06-24/1225383822.PDF,szse,01010503||01010901||010113||012325||012903,nssc1000801,c1d2eb8d308a1d09bfb7bd5c06fb7549a88b695b,2026-06-24T12:34:47.965430+00:00
1225383830,603215,比依股份,浙江比依电器股份有限公司关于部分限制性股票回购注销实施公告,2026-06-24,1782230400000,http://static.cninfo.com.cn/finalpage/2026-06-24/1225383830.PDF,finalpage/2026-06-24/1225383830.PDF,szse,01010503||010113||011513||012325,nssc1000801,f13da6ce5671bcc7eab054a9717e0305f79f6518,2026-06-24T12:34:47.964423+00:00
1225382528,603235,天新药业,关于部分募集资金专户注销完成的公告,2026-06-24,1782230400000,http://static.cninfo.com.cn/finalpage/2026-06-24/1225382528.PDF,finalpage/2026-06-24/1225382528.PDF,szse,01010503||010113||012315,9900048166,bb68e9042c2fdc302dcba8036173c72f7cfe3092,2026-06-24T12:35:26.368157+00:00
1225382567,603255,鼎际得,辽宁鼎际得石化股份有限公司关于公司董事、高级管理人员离任的公告,2026-06-24,1782230400000,http://static.cninfo.com.cn/finalpage/2026-06-24/1225382567.PDF,finalpage/2026-06-24/1225382567.PDF,szse,01010503||010113||012303,9900046841,9d88d9bf7cabc4a50ba9c31970609ab69f0a56e5,2026-06-24T12:35:26.367156+00:00
1225382801,603259,药明康德,H股公告,2026-06-24,1782230400000,http://static.cninfo.com.cn/finalpage/2026-06-24/1225382801.PDF,finalpage/2026-06-24/1225382801.PDF,szse,01010503||010113||012399,9900035584,b373d88faf21d3f29fcf387d1d3c5f1f46497a28,2026-06-24T12:35:21.153394+00:00
1225384042,603260,合盛硅业,上海市锦天城律师事务所关于合盛硅业股份有限公司2026年第二次临时股东会的法律意见书,2026-06-24,1782230400000,http://static.cninfo.com.cn/finalpage/2026-06-24/1225384042.PDF,finalpage/2026-06-24/1225384042.PDF,szse,01010901||010113||011999||012903,9900031901,5b55c1db9a5a9c663b6e569203ab5729d9ba2231,2026-06-24T12:34:40.991934+00:00
1225384039,603260,合盛硅业,合盛硅业2026年员工持股计划,2026-06-24,1782230400000,http://static.cninfo.com.cn/finalpage/2026-06-24/1225384039.PDF,finalpage/2026-06-24/1225384039.PDF,szse,01010503||010113||012399,9900031901,237cddef9692a794c5800f0efae21bb8995b3b9b,2026-06-24T12:34:42.412447+00:00
1225384032,603260,合盛硅业,合盛硅业2026年第二次临时股东会决议公告,2026-06-24,1782230400000,http://static.cninfo.com.cn/finalpage/2026-06-24/1225384032.PDF,finalpage/2026-06-24/1225384032.PDF,szse,01010503||010113||011905,9900031901,a1b3b3260f16b93531d64a22aaa7e2f3892fcbbe,2026-06-24T12:34:42.413458+00:00
1225384037,603260,合盛硅业,合盛硅业关于控股股东一致行动人部分股份质押的公告,2026-06-24,1782230400000,http://static.cninfo.com.cn/finalpage/2026-06-24/1225384037.PDF,finalpage/2026-06-24/1225384037.PDF,szse,01010503||010113||012307,9900031901,7af46ba26273b2638d6aa6885c769b8888cec5f0,2026-06-24T12:34:42.413458+00:00
1225383647,603261,立航科技,成都立航科技股份有限公司关于完成工商变更登记并换发营业执照的公告,2026-06-24,1782230400000,http://static.cninfo.com.cn/finalpage/2026-06-24/1225383647.PDF,finalpage/2026-06-24/1225383647.PDF,szse,01010503||010113||012301||012399,9900039859,81d2644089ed860444024971d51b702140fb2df7,2026-06-24T12:34:53.355869+00:00
1225383927,603269,海鸥股份,国联民生证券承销保荐有限公司关于江苏海鸥冷却塔股份有限公司2025年年度差异化分红事项的核查意见,2026-06-24,1782230400000,http://static.cninfo.com.cn/finalpage/2026-06-24/1225383927.PDF,finalpage/2026-06-24/1225383927.PDF,szse,010109||010113||0129,9900030693,a6a8f5ba6bd99710766d8e90065e9bfb61193007,2026-06-24T12:34:45.829939+00:00
1225383922,603269,海鸥股份,江苏海鸥冷却塔股份有限公司2025年年度权益分派实施公告,2026-06-24,1782230400000,http://static.cninfo.com.cn/finalpage/2026-06-24/1225383922.PDF,finalpage/2026-06-24/1225383922.PDF,szse,01010503||010113||011301,9900030693,f0a13f40053e0a320f7f1c558774728e31700d4a,2026-06-24T12:34:45.829939+00:00
1225383267,603270,金帝股份,国信证券股份有限公司关于山东金帝精密机械科技股份有限公司使用募集资金向子公司增资以实施募投项目的核查意见,2026-06-24,1782230400000,http://static.cninfo.com.cn/finalpage/2026-06-24/1225383267.PDF,finalpage/2026-06-24/1225383267.PDF,szse,010109||010113||0129,9900049007,bb3e9e44c1d4adf23203ce1ea335d9d7c56f8fd6,2026-06-24T12:35:08.312771+00:00
1225383280,603270,金帝股份,山东金帝精密机械科技股份有限公司关于为子公司提供担保进展的公告,2026-06-24,1782230400000,http://static.cninfo.com.cn/finalpage/2026-06-24/1225383280.PDF,finalpage/2026-06-24/1225383280.PDF,szse,01010503||010113||011711,9900049007,f9fbbb9d2a9f55a855ac0c58b1da2f2a1c6fedab,2026-06-24T12:35:08.312771+00:00
1225383277,603270,金帝股份,山东金帝精密机械科技股份有限公司关于使用募集资金向子公司增资以实施募投项目的公告,2026-06-24,1782230400000,http://static.cninfo.com.cn/finalpage/2026-06-24/1225383277.PDF,finalpage/2026-06-24/1225383277.PDF,szse,01010503||010113||011705||012315,9900049007,bb27afcfe62322b1a326edd7d1ee4d2ec2d1e013,2026-06-24T12:35:08.312771+00:00
1225383279,603270,金帝股份,山东金帝精密机械科技股份有限公司关于开立募集资金专户并签订募集资金三方及四方监管协议的公告,2026-06-24,1782230400000,http://static.cninfo.com.cn/finalpage/2026-06-24/1225383279.PDF,finalpage/2026-06-24/1225383279.PDF,szse,01010503||010113||012315,9900049007,3a805e1254d3364f9d5040792cce8fc7165a390a,2026-06-24T12:35:08.312771+00:00
1225383281,603270,金帝股份,山东金帝精密机械科技股份有限公司第四届董事会第八次会议决议公告,2026-06-24,1782230400000,http://static.cninfo.com.cn/finalpage/2026-06-24/1225383281.PDF,finalpage/2026-06-24/1225383281.PDF,szse,01010503||010113||01239901,9900049007,3b27a2da2d762b01fe45dea2224ec25917671459,2026-06-24T12:35:08.312771+00:00
1225383233,603280,南方路机,南方路机2025年年度权益分派实施公告,2026-06-24,1782230400000,http://static.cninfo.com.cn/finalpage/2026-06-24/1225383233.PDF,finalpage/2026-06-24/1225383233.PDF,szse,01010503||010113||011301,nssc1000815,a0f91d08673762729e0ae204c0c5d14ec2003878,2026-06-24T12:35:09.580577+00:00
1225383399,603311,金海高科,金海高科2026年第一次临时股东会会议资料,2026-06-24,1782230400000,http://static.cninfo.com.cn/finalpage/2026-06-24/1225383399.PDF,finalpage/2026-06-24/1225383399.PDF,szse,01010503||010113||011906,9900023522,7367db6616c0f22f3f133d58615cf4406752b73b,2026-06-24T12:35:02.748452+00:00
1225382855,603316,诚邦股份,诚邦智芯科技股份有限公司2026年第一次临时股东会会议资料,2026-06-24,1782230400000,http://static.cninfo.com.cn/finalpage/2026-06-24/1225382855.PDF,finalpage/2026-06-24/1225382855.PDF,szse,01010503||010113||011906,9900030890,46a0b1fe4a8b0479b93ee62b3e77c34afb898312,2026-06-24T12:35:20.088099+00:00
1225384079,603317,天味食品,关于对外投资的公告,2026-06-24,1782230400000,http://static.cninfo.com.cn/finalpage/2026-06-24/1225384079.PDF,finalpage/2026-06-24/1225384079.PDF,szse,01010503||010113||011705,9900023519,33fa4f5e167e9c3d430aaafd45da2cf65ce6c8b0,2026-06-24T12:34:40.990928+00:00
1225384075,603317,天味食品,关于退出与关联方共同投资企业暨关联交易的公告,2026-06-24,1782230400000,http://static.cninfo.com.cn/finalpage/2026-06-24/1225384075.PDF,finalpage/2026-06-24/1225384075.PDF,szse,01010503||010113||011705||011719,9900023519,485173d5e06534269df907c440e9c71f51db52a0,2026-06-24T12:34:40.990928+00:00
1225384081,603317,天味食品,第六届董事会独立董事专门会议第三次会议决议,2026-06-24,1782230400000,http://static.cninfo.com.cn/finalpage/2026-06-24/1225384081.PDF,finalpage/2026-06-24/1225384081.PDF,szse,01010503||010113||012399||01239901,9900023519,36d7e33be3f93dd01c30102479fb44d0291a1ab7,2026-06-24T12:34:40.990928+00:00
1225384082,603317,天味食品,第六届董事会第十八次会议决议公告,2026-06-24,1782230400000,http://static.cninfo.com.cn/finalpage/2026-06-24/1225384082.PDF,finalpage/2026-06-24/1225384082.PDF,szse,01010503||010113||01239901,9900023519,9d1dc6973e39faaa87a923e707e68c256e3c532d,2026-06-24T12:34:40.990928+00:00
1225383087,603329,上海雅仕,2025年年度权益分派实施公告,2026-06-24,1782230400000,http://static.cninfo.com.cn/finalpage/2026-06-24/1225383087.PDF,finalpage/2026-06-24/1225383087.PDF,szse,01010503||010113||011301,9900031812,8aa8614f33068a1acaecc5beb405580371fbd750,2026-06-24T12:35:12.824426+00:00
1225384250,603335,迪生力,迪生力2026年第三次临时股东会会议资料,2026-06-24,1782230400000,http://static.cninfo.com.cn/finalpage/2026-06-24/1225384250.PDF,finalpage/2026-06-24/1225384250.PDF,szse,01010503||010113||011906,9900030897,a860da7e304b3351a7a69ee96ebccb3b24c2e371,2026-06-24T12:34:30.956175+00:00
1225383605,603335,迪生力,迪生力关于召开2025年度暨2026年第一季度业绩说明会的公告,2026-06-24,1782230400000,http://static.cninfo.com.cn/finalpage/2026-06-24/1225383605.PDF,finalpage/2026-06-24/1225383605.PDF,szse,01010503||010113||012399,9900030897,52c8a28f337601c6838cb5b279918f355a46cccb,2026-06-24T12:34:53.355869+00:00
1225382671,603350,安乃达,关于使用部分闲置募集资金进行现金管理到期赎回的公告,2026-06-24,1782230400000,http://static.cninfo.com.cn/finalpage/2026-06-24/1225382671.PDF,finalpage/2026-06-24/1225382671.PDF,szse,01010503||010113||012315,gfbj0839807,9ad8375ed0687d196339b66f9e3cc289ca24eb8a,2026-06-24T12:35:22.809240+00:00
1225382573,603379,三美股份,浙江三美化工股份有限公司关于为参股公司提供担保暨关联交易的进展公告,2026-06-24,1782230400000,http://static.cninfo.com.cn/finalpage/2026-06-24/1225382573.PDF,finalpage/2026-06-24/1225382573.PDF,szse,01010503||010113||011711||011719,GD061916,87d4a5772e5bb475d846a8deceaa8a851282fe9c,2026-06-24T12:35:25.195044+00:00
1225383933,603380,易德龙,苏州易德龙科技股份有限公司关于2026年股票期权激励计划授予登记完成的公告,2026-06-24,1782230400000,http://static.cninfo.com.cn/finalpage/2026-06-24/1225383933.PDF,finalpage/2026-06-24/1225383933.PDF,szse,01010503||010113||012325,9900032569,443cee2de6816e9afb5bb05e4a4322e532a2e5e2,2026-06-24T12:34:45.829939+00:00
1225382674,603393,新天然气,新天然气-关于获得政府补助的公告,2026-06-24,1782230400000,http://static.cninfo.com.cn/finalpage/2026-06-24/1225382674.PDF,finalpage/2026-06-24/1225382674.PDF,szse,01010503||010113||012305,9900030440,215aef8e41ee2446290b678db31bbb02aa2f4f2e,2026-06-24T12:35:22.809240+00:00
1225382646,603399,永杉锂业,永杉锂业关于部分股票期权注销完成的公告,2026-06-24,1782230400000,http://static.cninfo.com.cn/finalpage/2026-06-24/1225382646.PDF,finalpage/2026-06-24/1225382646.PDF,szse,01010503||010113||012325,9900023227,863ccf5e4408ac9cfc83101e8591be0853ef7817,2026-06-24T12:35:22.810246+00:00
1225383492,603407,长裕集团,长裕控股集团股份有限公司股票交易异常波动公告,2026-06-24,1782230400000,http://static.cninfo.com.cn/finalpage/2026-06-24/1225383492.PDF,finalpage/2026-06-24/1225383492.PDF,szse,01010503||010113||012103,9900062968,e6249ab409a98203e4584a2aac9ccfcd08360ebf,2026-06-24T12:34:58.879887+00:00
1225383137,603439,三力制药,北京中伦关于贵州三力制药股份有限公司差异化分红事项的法律意见书,2026-06-24,1782230400000,http://static.cninfo.com.cn/finalpage/2026-06-24/1225383137.PDF,finalpage/2026-06-24/1225383137.PDF,szse,01010901||010113||012903,gfbj0832708,d1dadb95effb92b66540d6a051dd45147cf81691,2026-06-24T12:35:12.013729+00:00
1225383132,603439,三力制药,贵州三力制药股份有限公司2025年年度权益分派实施公告,2026-06-24,1782230400000,http://static.cninfo.com.cn/finalpage/2026-06-24/1225383132.PDF,finalpage/2026-06-24/1225383132.PDF,szse,01010503||010113||011301,gfbj0832708,3365cdafa6c180560af3adcc675487fc4c81f37a,2026-06-24T12:35:12.014695+00:00
1225383553,603486,科沃斯,关于2024年股票期权与限制性股票激励计划预留授予股票期权第一个行权期行权条件成就的公告,2026-06-24,1782230400000,http://static.cninfo.com.cn/finalpage/2026-06-24/1225383553.PDF,finalpage/2026-06-24/1225383553.PDF,szse,01010503||010113||011303||012325,GD134549,812e2c41fe534ec9c6900fdaa4605e3a0c5c1dc2,2026-06-24T12:34:54.484377+00:00
1225383561,603486,科沃斯,关于2024年股票期权与限制性股票激励计划预留授予股票期权第一个行权期采用自主行权模式的提示性公告,2026-06-24,1782230400000,http://static.cninfo.com.cn/finalpage/2026-06-24/1225383561.PDF,finalpage/2026-06-24/1225383561.PDF,szse,01010503||010113||012325,GD134549,303233440e8a4acfbdadec32ab87abd03816c665,2026-06-24T12:34:54.484377+00:00
1225383564,603486,科沃斯,关于公司2024年股票期权与限制性股票激励计划预留授予股票期权第一个行权期可行权激励对象名单的审核意见,2026-06-24,1782230400000,http://static.cninfo.com.cn/finalpage/2026-06-24/1225383564.PDF,finalpage/2026-06-24/1225383564.PDF,szse,01010503||010113||012325,GD134549,abe64d3051d22ba48faa95a1b4c2b885a09e9935,2026-06-24T12:34:54.483341+00:00
1225383558,603486,科沃斯,关于注销部分已授予但尚未行权的股票期权的公告,2026-06-24,1782230400000,http://static.cninfo.com.cn/finalpage/2026-06-24/1225383558.PDF,finalpage/2026-06-24/1225383558.PDF,szse,01010503||010113||012325,GD134549,6ef670f1015083185fbf18211c8f789969626b54,2026-06-24T12:34:54.484377+00:00
1225383562,603486,科沃斯,关于调整2024年股票期权与限制性股票激励计划相关事项的公告,2026-06-24,1782230400000,http://static.cninfo.com.cn/finalpage/2026-06-24/1225383562.PDF,finalpage/2026-06-24/1225383562.PDF,szse,01010503||010113||012325,GD134549,eeb8883aac55539c41a860764855c78fa91fab8c,2026-06-24T12:34:54.483341+00:00
1225383559,603486,科沃斯,君合律师事务所上海分所关于科沃斯机器人股份有限公司2024年股票期权与限制性股票激励计划调整、注销部分已授予但尚未行权的股票期权以及预留授予股票期权第一个行权期行权条件成就等相关事项的法律意见书,2026-06-24,1782230400000,http://static.cninfo.com.cn/finalpage/2026-06-24/1225383559.PDF,finalpage/2026-06-24/1225383559.PDF,szse,01010503||01010901||010113||012325||012903,GD134549,a852aadce50987c92d67e896a1a8fe4e7f1ba811,2026-06-24T12:34:54.484377+00:00
1225383550,603486,科沃斯,第四届董事会第十次会议决议公告,2026-06-24,1782230400000,http://static.cninfo.com.cn/finalpage/2026-06-24/1225383550.PDF,finalpage/2026-06-24/1225383550.PDF,szse,01010503||010113||01239901,GD134549,05bb9c06312fb82823b0a620d7f6806bdab96ba5,2026-06-24T12:34:54.484377+00:00
1225384427,603496,恒为科技,上海数珩信息科技股份有限公司2024年度及2025年度财务报表及审计报告（众会字（2026）第02895号）,2026-06-24,1782230400000,http://static.cninfo.com.cn/finalpage/2026-06-24/1225384427.PDF,finalpage/2026-06-24/1225384427.PDF,szse,01010903||010113||012913,9900030822,5f16bd33ccfb5226e0ec4e7699c38799f56924d7,2026-06-24T12:34:26.315699+00:00
1225384425,603496,恒为科技,上海数珩信息科技股份有限公司2026年1-3月财务报表及审计报告（众会字（2026）第10452号）,2026-06-24,1782230400000,http://static.cninfo.com.cn/finalpage/2026-06-24/1225384425.PDF,finalpage/2026-06-24/1225384425.PDF,szse,01010903||010113||012913,9900030822,ff344391d58a9a4075967d060f8f71f9c1608cfc,2026-06-24T12:34:26.315699+00:00
1225384429,603496,恒为科技,关于以现金方式收购上海数珩信息科技股份有限公司51%股权的公告,2026-06-24,1782230400000,http://static.cninfo.com.cn/finalpage/2026-06-24/1225384429.PDF,finalpage/2026-06-24/1225384429.PDF,szse,01010503||010113||011701,9900030822,079d84b937c545f807069c81db8e26a7441b4b83,2026-06-24T12:34:26.315699+00:00
1225384430,603496,恒为科技,关于向银行申请并购贷款的公告,2026-06-24,1782230400000,http://static.cninfo.com.cn/finalpage/2026-06-24/1225384430.PDF,finalpage/2026-06-24/1225384430.PDF,szse,01010503||010113||011709,9900030822,9f836ed3bdef08c4a48d17f2ee02d89300b9de37,2026-06-24T12:34:26.315699+00:00
1225384426,603496,恒为科技,关于本次交易相关事宜暂不召开股东会的公告,2026-06-24,1782230400000,http://static.cninfo.com.cn/finalpage/2026-06-24/1225384426.PDF,finalpage/2026-06-24/1225384426.PDF,szse,01010503||010113||011901,9900030822,ef4b7509437e9ac6b61e3fd55f400feafb9b1848,2026-06-24T12:34:26.315699+00:00
1225384428,603496,恒为科技,恒为科技（上海）股份有限公司拟支付现金购买资产所涉及的上海数珩信息科技股份有限公司股东全部权益价值资产评估报告（信资评报字（2026）第030084号）,2026-06-24,1782230400000,http://static.cninfo.com.cn/finalpage/2026-06-24/1225384428.PDF,finalpage/2026-06-24/1225384428.PDF,szse,01010909||010113||012905,9900030822,7c9c7400cab28ddc88d6c99887937c3a105b9886,2026-06-24T12:34:26.315699+00:00
1225384424,603496,恒为科技,第四届董事会第十六次会议决议公告,2026-06-24,1782230400000,http://static.cninfo.com.cn/finalpage/2026-06-24/1225384424.PDF,finalpage/2026-06-24/1225384424.PDF,szse,01010503||010113||01239901,9900030822,e7fca9481556d2b10dcb2c837dc740e5b1e21ad6,2026-06-24T12:34:28.346486+00:00
1225383049,603568,伟明环保,浙江伟明环保股份有限公司2022年公开发行可转换公司债券及2024年向不特定对象发行可转换公司债券受托管理事务报告（2025年度）,2026-06-24,1782230400000,http://static.cninfo.com.cn/finalpage/2026-06-24/1225383049.PDF,finalpage/2026-06-24/1225383049.PDF,szse,01010503||010113||010999,9900023680,d3d32a1298f9b7b7bc0caffd9ab4afcbcda35b52,2026-06-24T12:35:15.299640+00:00
1225382924,603585,苏利股份,江苏苏利精细化工股份有限公司公开发行可转换公司债券2025年度受托管理事务报告,2026-06-24,1782230400000,http://static.cninfo.com.cn/finalpage/2026-06-24/1225382924.PDF,finalpage/2026-06-24/1225382924.PDF,szse,01010503||010113||010999,9900029469,14253a73cda3807e8264b616c274b9cdcfeec1c1,2026-06-24T12:35:17.790269+00:00
1225383054,603588,高能环境,高能环境关于召开2026年第三次临时股东会的通知,2026-06-24,1782230400000,http://static.cninfo.com.cn/finalpage/2026-06-24/1225383054.PDF,finalpage/2026-06-24/1225383054.PDF,szse,01010503||010113||011901,9900023766,f717206905c567237f978221286240a317c741d3,2026-06-24T12:35:13.854091+00:00
1225383063,603588,高能环境,高能环境对外投资决策管理制度（2026年6月）,2026-06-24,1782230400000,http://static.cninfo.com.cn/finalpage/2026-06-24/1225383063.PDF,finalpage/2026-06-24/1225383063.PDF,szse,01010503||010113||013199,9900023766,d383ce148d4788c23cc553107b1432be4f1d8da9,2026-06-24T12:35:13.854091+00:00
1225383731,603588,高能环境,高能环境第六届董事会第十一次会议决议公告,2026-06-24,1782230400000,http://static.cninfo.com.cn/finalpage/2026-06-24/1225383731.PDF,finalpage/2026-06-24/1225383731.PDF,szse,01010503||010113||01239901,9900023766,bb090ebf55fc79d0932c85477c8b1002f31f49db,2026-06-24T12:34:50.548403+00:00
1225383770,603590,康辰药业,北京康辰药业股份有限公司2023年限制性股票激励计划首次授予第三期解锁及预留授予第二期解锁、回购注销的法律意见书,2026-06-24,1782230400000,http://static.cninfo.com.cn/finalpage/2026-06-24/1225383770.PDF,finalpage/2026-06-24/1225383770.PDF,szse,01010503||01010901||010113||012325||012903,9900034526,8d41cbfb5e274ccfad8a29cb86df21b39679b033,2026-06-24T12:34:49.315375+00:00
1225383758,603590,康辰药业,康辰药业关于公司2023年限制性股票激励计划首次授予部分第三个解除限售期及预留授予部分第二个解除限售期解除限售条件成就的公告,2026-06-24,1782230400000,http://static.cninfo.com.cn/finalpage/2026-06-24/1225383758.PDF,finalpage/2026-06-24/1225383758.PDF,szse,01010503||010113||011303||012325,9900034526,a91ce32e57cd4b067593f1528409a18daf8de79c,2026-06-24T12:34:49.316380+00:00
1225383769,603590,康辰药业,康辰药业关于回购注销部分激励对象已获授但尚未解除限售的限制性股票及调整回购价格的公告,2026-06-24,1782230400000,http://static.cninfo.com.cn/finalpage/2026-06-24/1225383769.PDF,finalpage/2026-06-24/1225383769.PDF,szse,01010503||010113||011513||012325,9900034526,969fa76fb626e611840d40daced0a4b6ce265ea8,2026-06-24T12:34:49.315375+00:00
1225383771,603590,康辰药业,康辰药业第五届董事会第三次会议决议公告,2026-06-24,1782230400000,http://static.cninfo.com.cn/finalpage/2026-06-24/1225383771.PDF,finalpage/2026-06-24/1225383771.PDF,szse,01010503||010113||01239901,9900034526,17c37ece6d71579cb5783c7be79382163081ca87,2026-06-24T12:34:49.315375+00:00
1225383551,603595,ST东尼,浙江东尼电子股份有限公司股票交易异常波动公告,2026-06-24,1782230400000,http://static.cninfo.com.cn/finalpage/2026-06-24/1225383551.PDF,finalpage/2026-06-24/1225383551.PDF,szse,01010503||010113||012103,9900032656,33bb9960ed0de52003de1241e2bfb056b189c403,2026-06-24T12:34:54.484377+00:00
1225382623,603596,伯特利,芜湖伯特利汽车安全系统股份有限公司向不特定对象发行可转换公司债券受托管理事务报告（2025年度）,2026-06-24,1782230400000,http://static.cninfo.com.cn/finalpage/2026-06-24/1225382623.PDF,finalpage/2026-06-24/1225382623.PDF,szse,01010503||010113||010999,gfbj0835470,05b1a7ba14d5086e0ecd2a06460ed7bf9fff62ca,2026-06-24T12:35:25.193039+00:00
1225382517,603609,禾丰股份,禾丰股份关于“禾丰转债”可选择回售的第三次提示性公告,2026-06-24,1782230400000,http://static.cninfo.com.cn/finalpage/2026-06-24/1225382517.PDF,finalpage/2026-06-24/1225382517.PDF,szse,01010503||010113||010917,9900022976,414f4d980e00a6444f4b747cd6c2e32b411baa97,2026-06-24T12:35:26.368157+00:00
1225382627,603612,索通发展,索通发展股份有限公司关于业绩补偿的进展公告,2026-06-24,1782230400000,http://static.cninfo.com.cn/finalpage/2026-06-24/1225382627.PDF,finalpage/2026-06-24/1225382627.PDF,szse,01010501||010113||012399,9900023754,8e58074b500a7aed7a5a8aa0cb8c915000eb1835,2026-06-24T12:35:22.810246+00:00
1225384225,603629,利通电子,603629：利通电子控股股东、实际控制人关于公司股票交易异常波动问询函的回复,2026-06-24,1782230400000,http://static.cninfo.com.cn/finalpage/2026-06-24/1225384225.PDF,finalpage/2026-06-24/1225384225.PDF,szse,010109||010113||0129,9900035548,a8c0eee8552116281d3b00eb24718fa638ac7e6b,2026-06-24T12:34:33.204719+00:00
1225384221,603629,利通电子,603629：利通电子股票交易异常波动公告,2026-06-24,1782230400000,http://static.cninfo.com.cn/finalpage/2026-06-24/1225384221.PDF,finalpage/2026-06-24/1225384221.PDF,szse,01010503||010113||012103,9900035548,b4b28eb9d9a83786aa7c978c1f2aaa7cdc204b99,2026-06-24T12:34:33.204719+00:00
1225383602,603633,徕木股份,上海贸悦律师事务所关于徕木股份2025年年度股东会法律意见书,2026-06-24,1782230400000,http://static.cninfo.com.cn/finalpage/2026-06-24/1225383602.PDF,finalpage/2026-06-24/1225383602.PDF,szse,01010901||010113||011999||012903,9900029035,ee33664d26076220cce9fe8d95d51a8732ad8f39,2026-06-24T12:34:53.356871+00:00
1225383601,603633,徕木股份,徕木股份2025年年度股东会决议公告,2026-06-24,1782230400000,http://static.cninfo.com.cn/finalpage/2026-06-24/1225383601.PDF,finalpage/2026-06-24/1225383601.PDF,szse,01010503||010113||011905,9900029035,d315e58ef85a33d966959a9f26919c13bd94a151,2026-06-24T12:34:53.356871+00:00
1225384303,603636,南威软件,南威软件：关于股东减持股份计划的公告,2026-06-24,1782230400000,http://static.cninfo.com.cn/finalpage/2026-06-24/1225384303.PDF,finalpage/2026-06-24/1225384303.PDF,szse,01010503||010113||011501,9900023642,70db0e9d44a6ad9a36a83ad556b337ab3f45c0af,2026-06-24T12:34:29.577804+00:00
1225382512,603638,艾迪精密,艾迪精密 关于实施“艾迪转债”赎回暨摘牌的第一次提示性公告,2026-06-24,1782230400000,http://static.cninfo.com.cn/finalpage/2026-06-24/1225382512.PDF,finalpage/2026-06-24/1225382512.PDF,szse,01010503||010113||010919||010999,9900029803,3ff7d4edf214354567cc9846d6dc28ad98da34e3,2026-06-24T12:35:28.449462+00:00
1225383065,603663,三祥新材,三祥新材股份有限公司股票交易异常波动公告,2026-06-24,1782230400000,http://static.cninfo.com.cn/finalpage/2026-06-24/1225383065.PDF,finalpage/2026-06-24/1225383065.PDF,szse,01010503||010113||012103,9900024948,9d7bf22849409abc597f9902a18df5d8cf01fd07,2026-06-24T12:35:13.854091+00:00
1225382741,603683,晶华新材,晶华新材2026年第二次临时股东会会议资料,2026-06-24,1782230400000,http://static.cninfo.com.cn/finalpage/2026-06-24/1225382741.PDF,finalpage/2026-06-24/1225382741.PDF,szse,01010503||010113||011906,9900031815,3678946d70918fc93f55c789f2a285d26700d69f,2026-06-24T12:35:21.976540+00:00
1225383121,603690,至纯科技,关于关联方与控股子公司签订《投资意向书》的提示性公告,2026-06-24,1782230400000,http://static.cninfo.com.cn/finalpage/2026-06-24/1225383121.PDF,finalpage/2026-06-24/1225383121.PDF,szse,01010501||010113||012399,9900023872,513ef6c588fb7657a58557a761bc72327cde0c5c,2026-06-24T12:35:12.823419+00:00
1225382610,603693,江苏新能,江苏新能关于副总经理辞职的公告,2026-06-24,1782230400000,http://static.cninfo.com.cn/finalpage/2026-06-24/1225382610.PDF,finalpage/2026-06-24/1225382610.PDF,szse,01010503||010113||012303,gfbj0833368,0414f9b96e243fe770bf66121b23d5a2d5b2e53b,2026-06-24T12:35:25.193039+00:00
1225383272,603727,博迈科,博迈科海洋工程股份有限公司关于股票交易异常波动的公告,2026-06-24,1782230400000,http://static.cninfo.com.cn/finalpage/2026-06-24/1225383272.PDF,finalpage/2026-06-24/1225383272.PDF,szse,01010503||010113||012103,9900029043,c380307fd1de0b26e1b9ecfc8dec8d9a9c04e934,2026-06-24T12:35:08.312771+00:00
1225382648,603757,大元泵业,浙江大元泵业股份有限公司股票交易异常波动公告,2026-06-24,1782230400000,http://static.cninfo.com.cn/finalpage/2026-06-24/1225382648.PDF,finalpage/2026-06-24/1225382648.PDF,szse,01010503||010113||012103,9900031903,515535e9b1da29ff8dbda58f02d9c1975df11481,2026-06-24T12:35:22.810246+00:00
1225382524,603768,常青股份,常青股份关于控股股东部分股份补充质押的公告,2026-06-24,1782230400000,http://static.cninfo.com.cn/finalpage/2026-06-24/1225382524.PDF,finalpage/2026-06-24/1225382524.PDF,szse,01010503||010113||012307,9900030531,ffe18b81e1865199d3c765243bf1ec275c0a16ec,2026-06-24T12:35:26.368157+00:00
1225382668,603778,国晟科技,关于累计诉讼、仲裁事项的公告,2026-06-24,1782230400000,http://static.cninfo.com.cn/finalpage/2026-06-24/1225382668.PDF,finalpage/2026-06-24/1225382668.PDF,szse,01010503||010113||012309||012311,9900024942,b813cad9113d9e27657045fdeaea1b2f46e4ffff,2026-06-24T12:35:22.809240+00:00
1225383821,603789,ST星农,ST星农关于筹划控制权变更事项的停牌公告,2026-06-24,1782230400000,http://static.cninfo.com.cn/finalpage/2026-06-24/1225383821.PDF,finalpage/2026-06-24/1225383821.PDF,szse,01010503||010113||011501||012399,9900023454,e1c870ed1a69242b05cf339accae7db8ea131bc2,2026-06-24T12:34:47.965430+00:00
1225384546,603828,*ST利达,柯利达关于公司控股股东股份解质押及再质押的公告,2026-06-24,1782230400000,http://static.cninfo.com.cn/finalpage/2026-06-24/1225384546.PDF,finalpage/2026-06-24/1225384546.PDF,szse,01010503||010113||012307,9900023713,278f1d53e7648bbef200b6a3ebb9e960ad0a81b8,2026-06-24T12:34:25.046822+00:00
1225382836,603833,欧派家居,国泰海通证券股份有限公司关于欧派家居集团股份有限公司公开发行可转换公司债券第二次临时受托管理事务报告（2026年度）,2026-06-24,1782230400000,http://static.cninfo.com.cn/finalpage/2026-06-24/1225382836.PDF,finalpage/2026-06-24/1225382836.PDF,szse,01010503||010113||010999,9900029667,7a644641aaa3a3c54c240c7a0fe2e922a4895095,2026-06-24T12:35:21.152390+00:00
1225382916,603833,欧派家居,国泰海通证券股份有限公司关于适用简化程序召开“欧22转债”2026年第二次债券持有人会议的通知,2026-06-24,1782230400000,http://static.cninfo.com.cn/finalpage/2026-06-24/1225382916.PDF,finalpage/2026-06-24/1225382916.PDF,szse,01010503||010113||010999,9900029667,5fb055b1ee2c5de5a6d5c93fe472b34ee60136ac,2026-06-24T12:35:18.999073+00:00
1225382866,603867,新化股份,新化股份关于开展外汇衍生品交易公告,2026-06-24,1782230400000,http://static.cninfo.com.cn/finalpage/2026-06-24/1225382866.PDF,finalpage/2026-06-24/1225382866.PDF,szse,01010503||010113||011799,gfbj0839128,1a5a851056793db729943cc98eb55ab86605ad6e,2026-06-24T12:35:20.087094+00:00
1225383081,603867,新化股份,新化股份第七届董事会第二次临时会议决议公告,2026-06-24,1782230400000,http://static.cninfo.com.cn/finalpage/2026-06-24/1225383081.PDF,finalpage/2026-06-24/1225383081.PDF,szse,01010503||010113||01239901,gfbj0839128,a146d26e20eff8980e8da8dd7fce43909e59a1fa,2026-06-24T12:35:13.852057+00:00
1225382850,603867,新化股份,浙江新化化工股份有限公司公开发行可转换公司债券受托管理事务报告（2025年度）,2026-06-24,1782230400000,http://static.cninfo.com.cn/finalpage/2026-06-24/1225382850.PDF,finalpage/2026-06-24/1225382850.PDF,szse,01010503||010113||010999,gfbj0839128,a9fb7689d7fdc9551edb0809464b326ead6ceb53,2026-06-24T12:35:20.088099+00:00
1225382840,603867,新化股份,浙江新化化工股份有限公司证券投资、期货与衍生品交易管理制度,2026-06-24,1782230400000,http://static.cninfo.com.cn/finalpage/2026-06-24/1225382840.PDF,finalpage/2026-06-24/1225382840.PDF,szse,01010503||010113||013199,gfbj0839128,1c59147d9fbf75a4753427cbd648311a0162744c,2026-06-24T12:35:20.089098+00:00
1225382795,603878,武进不锈,江苏武进不锈股份有限公司关于向不特定对象发行可转换公司债券2026年跟踪评级结果的公告,2026-06-24,1782230400000,http://static.cninfo.com.cn/finalpage/2026-06-24/1225382795.PDF,finalpage/2026-06-24/1225382795.PDF,szse,01010503||010113||010999,9900028821,114a597c9814543aaced56f84aeafcde41944f64,2026-06-24T12:35:21.153394+00:00
1225382797,603878,武进不锈,江苏武进不锈股份有限公司相关债券2026年跟踪评级报告,2026-06-24,1782230400000,http://static.cninfo.com.cn/finalpage/2026-06-24/1225382797.PDF,finalpage/2026-06-24/1225382797.PDF,szse,01010501||010113||013999,9900028821,bb0d26fb1b563630b97bfff05f250763e355d78f,2026-06-24T12:35:21.153394+00:00
1225383554,603882,金域医学,广州金域医学检验集团股份有限公司关于股东部分股份质押展期及补充质押的公告,2026-06-24,1782230400000,http://static.cninfo.com.cn/finalpage/2026-06-24/1225383554.PDF,finalpage/2026-06-24/1225383554.PDF,szse,01010503||010113||012307,9900035075,ccb407c6877971f89cc90e6d8802c206bff153b7,2026-06-24T12:34:54.484377+00:00
1225383231,603885,吉祥航空,上海吉祥航空股份有限公司关于股份回购比例达2%及回购实施结果暨股份变动的公告,2026-06-24,1782230400000,http://static.cninfo.com.cn/finalpage/2026-06-24/1225383231.PDF,finalpage/2026-06-24/1225383231.PDF,szse,01010503||010113||011513,9900023633,38dfaeb6d62a2865b7338bcc2b0311a58091b8ab,2026-06-24T12:35:09.580577+00:00
1225383036,603887,城地香江,城地香江：2026年第二次临时股东会会议资料,2026-06-24,1782230400000,http://static.cninfo.com.cn/finalpage/2026-06-24/1225383036.PDF,finalpage/2026-06-24/1225383036.PDF,szse,01010503||010113||011906,9900027318,e2f14d8f2e874e5138531ac9f0ece7cca6ccd1ca,2026-06-24T12:35:15.299640+00:00
1225383183,603906,龙蟠科技,H股公告-翌日披露报表,2026-06-24,1782230400000,http://static.cninfo.com.cn/finalpage/2026-06-24/1225383183.PDF,finalpage/2026-06-24/1225383183.PDF,szse,01010503||010113||012399,9900030660,22f6153aedb8dd73970a4527e3930f2379ccad90,2026-06-24T12:35:10.758672+00:00
1225383860,603938,三孚股份,三孚股份：股票交易异常波动的公告,2026-06-24,1782230400000,http://static.cninfo.com.cn/finalpage/2026-06-24/1225383860.PDF,finalpage/2026-06-24/1225383860.PDF,szse,01010503||010113||012103,9900031499,b6f4efd4bf4567d3b1e90a5e8b5462ac87d3fab6,2026-06-24T12:34:46.804580+00:00
1225383652,603950,长源东谷,襄阳长源东谷实业股份有限公司股票交易异常波动公告,2026-06-24,1782230400000,http://static.cninfo.com.cn/finalpage/2026-06-24/1225383652.PDF,finalpage/2026-06-24/1225383652.PDF,szse,01010503||010113||012103,9900037311,11e277da1621f93d7803561b10e28c6ccd88b6f6,2026-06-24T12:34:53.355869+00:00
1225383918,603966,法兰泰克,关于2024年股票期权与限制性股票激励计划回购注销部分限制性股票的实施公告,2026-06-24,1782230400000,http://static.cninfo.com.cn/finalpage/2026-06-24/1225383918.PDF,finalpage/2026-06-24/1225383918.PDF,szse,01010503||010113||011513||012325,9900029598,bc20e8f2dab0f80a4dda7a0d32504e892191adfb,2026-06-24T12:34:45.829939+00:00
1225383928,603966,法兰泰克,国浩律师（上海）事务所关于公司回购注销部分限制性股票事项之法律意见书,2026-06-24,1782230400000,http://static.cninfo.com.cn/finalpage/2026-06-24/1225383928.PDF,finalpage/2026-06-24/1225383928.PDF,szse,01010901||010113||012903,9900029598,f24f9e52357f290ecaef7c97d72093580566e1ab,2026-06-24T12:34:45.829939+00:00
1225382928,603978,深圳新星,关于归还部分临时补充流动资金的募集资金的公告,2026-06-24,1782230400000,http://static.cninfo.com.cn/finalpage/2026-06-24/1225382928.PDF,finalpage/2026-06-24/1225382928.PDF,szse,01010503||010113||012315,9900031492,88e2f7c4b5a73be4d6443dddfe29c6da9ad886ae,2026-06-24T12:35:17.790269+00:00
1225384400,603990,麦迪科技,麦迪科技关于签订日常经营合同的公告,2026-06-24,1782230400000,http://static.cninfo.com.cn/finalpage/2026-06-24/1225384400.PDF,finalpage/2026-06-24/1225384400.PDF,szse,01010503||010113||012327,9900029594,397b8ff5c2704561ce090592da396c393ffa4edc,2026-06-24T12:34:28.346486+00:00
1225382805,603995,甬金股份,关于回购专用证券账户库存股注销的实施公告,2026-06-24,1782230400000,http://static.cninfo.com.cn/finalpage/2026-06-24/1225382805.PDF,finalpage/2026-06-24/1225382805.PDF,szse,01010503||010113||011513,9900037183,7c97d91be1e228eafeaa78a6c484fa612477c893,2026-06-24T12:35:21.152390+00:00
1225383225,605006,山东玻纤,山东玻纤集团股份有限公司关于实施“山玻转债”赎回暨摘牌的第一次提示性公告,2026-06-24,1782230400000,http://static.cninfo.com.cn/finalpage/2026-06-24/1225383225.PDF,finalpage/2026-06-24/1225383225.PDF,szse,01010503||010113||010919||010999,9900033212,24e1c097842526afbe10da2b39bf84d0d1c03f67,2026-06-24T12:35:09.581590+00:00
1225383862,605007,五洲特纸,五洲特种纸业集团股份有限公司向特定对象发行股票限售股上市流通公告,2026-06-24,1782230400000,http://static.cninfo.com.cn/finalpage/2026-06-24/1225383862.PDF,finalpage/2026-06-24/1225383862.PDF,szse,01010503||010113||011303,9900039805,8d5c1e15a668d0a4a7b751ae1b7e9bfab4d4febd,2026-06-24T12:34:46.804580+00:00
1225383866,605007,五洲特纸,华创证券有限责任公司关于五洲特种纸业集团股份有限公司向特定对象发行股票限售股上市流通的核查意见,2026-06-24,1782230400000,http://static.cninfo.com.cn/finalpage/2026-06-24/1225383866.PDF,finalpage/2026-06-24/1225383866.PDF,szse,010109||010113||0129,9900039805,bb53007b4193785092c562d77d94d09a3313cb37,2026-06-24T12:34:46.804580+00:00
1225384154,605058,澳弘电子,澳弘电子关于调整 2025 年年度利润分配方案的提示性公告,2026-06-24,1782230400000,http://static.cninfo.com.cn/finalpage/2026-06-24/1225384154.PDF,finalpage/2026-06-24/1225384154.PDF,szse,01010503||010113||011301,9900039836,84eafeee686629d3eb0aac7a9dff63533eae0a84,2026-06-24T12:34:35.336199+00:00
1225382664,605068,明新旭腾,明新旭腾关于实施2025年度权益分派时“明新转债”停止转股的提示性公告,2026-06-24,1782230400000,http://static.cninfo.com.cn/finalpage/2026-06-24/1225382664.PDF,finalpage/2026-06-24/1225382664.PDF,szse,01010503||010113||010915,9900039848,ef8f495dc748e712bad53a4b8497f107e04da94d,2026-06-24T12:35:22.810246+00:00
1225384320,605069,正和生态,关于公司2025年年度报告的信息披露监管问询函的回复公告,2026-06-24,1782230400000,http://static.cninfo.com.cn/finalpage/2026-06-24/1225384320.PDF,finalpage/2026-06-24/1225384320.PDF,szse,01010503||010113||012399,9900027354,1c3b49ea41faababb5372e1cd16cadb0f67a49e1,2026-06-24T12:34:29.577804+00:00
1225384321,605069,正和生态,北京德皓国际会计师事务所（特殊普通合伙）关于《上海证券交易所关于北京正和恒基滨水生态环境治理股份有限公司2025年年度报告的信息披露监管问询函》的回复,2026-06-24,1782230400000,http://static.cninfo.com.cn/finalpage/2026-06-24/1225384321.PDF,finalpage/2026-06-24/1225384321.PDF,szse,010109||01010903||010113||0129,9900027354,0d20a2c0ab4cf6c44cc1b2e7b70abb197c11b021,2026-06-24T12:34:29.577804+00:00
1225384322,605069,正和生态,股票交易异常波动公告,2026-06-24,1782230400000,http://static.cninfo.com.cn/finalpage/2026-06-24/1225384322.PDF,finalpage/2026-06-24/1225384322.PDF,szse,01010503||010113||012103,9900027354,c783ab357871791c9c3cd85e6a682095880038ed,2026-06-24T12:34:29.577804+00:00
1225384286,605081,退市太和,上海太和水科技发展股份有限公司关于公司股票进入退市整理期交易的第四次风险提示公告,2026-06-24,1782230400000,http://static.cninfo.com.cn/finalpage/2026-06-24/1225384286.PDF,finalpage/2026-06-24/1225384286.PDF,szse,01010503||010113||012107||012109||012509,9900039856,794b08d51e4d7ef39f7074856a4ef5a0d6573288,2026-06-24T12:34:30.956175+00:00
1225383488,605089,味知香,2025年年度权益分派实施公告,2026-06-24,1782230400000,http://static.cninfo.com.cn/finalpage/2026-06-24/1225383488.PDF,finalpage/2026-06-24/1225383488.PDF,szse,01010503||010113||011301,9900043037,ef4a4832e2782eb700380559cf1363d69adc3d7a,2026-06-24T12:34:59.895392+00:00
1225383490,605089,味知香,国泰海通证券股份有限公司关于苏州市味知香食品股份有限公司关于差异化权益分派特殊除权除息的业务申请的核查意见,2026-06-24,1782230400000,http://static.cninfo.com.cn/finalpage/2026-06-24/1225383490.PDF,finalpage/2026-06-24/1225383490.PDF,szse,010109||010113||0129,9900043037,fb51efc120351634fbb2865eeffe2a798ae017b6,2026-06-24T12:34:59.895392+00:00
1225383053,605099,共创草坪,关于江苏共创人造草坪股份有限公司2024年股票期权与限制性股票激励计划实施回购注销部分限制性股票的法律意见书,2026-06-24,1782230400000,http://static.cninfo.com.cn/finalpage/2026-06-24/1225383053.PDF,finalpage/2026-06-24/1225383053.PDF,szse,01010503||01010901||010113||012325||012903,9900039858,d26babd15837d7bbc6e46d50cb3fe2b8fbaf7ea7,2026-06-24T12:35:13.855092+00:00
1225383068,605099,共创草坪,关于股权激励限制性股票回购注销实施的公告,2026-06-24,1782230400000,http://static.cninfo.com.cn/finalpage/2026-06-24/1225383068.PDF,finalpage/2026-06-24/1225383068.PDF,szse,01010503||010113||011513||012325,9900039858,b867d9bc03e667b40fe12a15460300625adb63e2,2026-06-24T12:35:13.853092+00:00
1225383163,605117,德业股份,关于全资子公司签署二期投资协议暨对外投资进展公告,2026-06-24,1782230400000,http://static.cninfo.com.cn/finalpage/2026-06-24/1225383163.PDF,finalpage/2026-06-24/1225383163.PDF,szse,01010503||010113||011705,9900039788,107f4687235271bebb382e0b77be8024d0bf4400,2026-06-24T12:35:10.760708+00:00
1225382675,605177,东亚药业,东亚药业关于上海证券交易所对公司2025年年度报告的信息披露监管问询函的回复公告,2026-06-24,1782230400000,http://static.cninfo.com.cn/finalpage/2026-06-24/1225382675.PDF,finalpage/2026-06-24/1225382675.PDF,szse,01010503||010113||012399,9900039857,c4244e382df9d9775d6d2b803d3b8a7d1e76c8d1,2026-06-24T12:35:22.809240+00:00
1225382677,605177,东亚药业,东亚药业关于依帕司他片获得药品注册证书的公告,2026-06-24,1782230400000,http://static.cninfo.com.cn/finalpage/2026-06-24/1225382677.PDF,finalpage/2026-06-24/1225382677.PDF,szse,01010503||010113||012305,9900039857,cf5128963f39e3aacfc458fd40cb487a0346f9db,2026-06-24T12:35:22.809240+00:00
1225382667,605177,东亚药业,东兴证券股份有限公司关于《东亚药业2025年年度报告的信息披露监管问询函》回复的核查意见,2026-06-24,1782230400000,http://static.cninfo.com.cn/finalpage/2026-06-24/1225382667.PDF,finalpage/2026-06-24/1225382667.PDF,szse,010109||010113||0129,9900039857,02428bd54add359ec65d1cea244cb4d7d31226a1,2026-06-24T12:35:22.810246+00:00
1225382669,605177,东亚药业,中汇会计师事务关于《东亚药业2025年年度报告的信息披露监管问询函》有关财务问题回复的专项说明,2026-06-24,1782230400000,http://static.cninfo.com.cn/finalpage/2026-06-24/1225382669.PDF,finalpage/2026-06-24/1225382669.PDF,szse,01010903||010113||012399||0129,9900039857,957f57e53f3104e463e9f042e887cdadab035989,2026-06-24T12:35:22.809240+00:00
1225384571,605198,安德利,安德利：关于上海证券交易所监管工作函的回复公告,2026-06-24,1782230400000,http://static.cninfo.com.cn/finalpage/2026-06-24/1225384571.PDF,finalpage/2026-06-24/1225384571.PDF,szse,01010503||010113||012399,gshk0008259,ac93fad42d9b954d8dd30709e7275653970436e4,2026-06-24T12:34:25.046822+00:00
1225383526,605222,起帆电缆,上海起帆电缆股份有限公司2026年度跟踪评级报告,2026-06-24,1782230400000,http://static.cninfo.com.cn/finalpage/2026-06-24/1225383526.PDF,finalpage/2026-06-24/1225383526.PDF,szse,01010501||010113||013999,9900039833,c9c8addb9cf8a0faf1aaeb1bf089009598b61d36,2026-06-24T12:34:58.878887+00:00
1225383522,605222,起帆电缆,起帆电缆关于起帆转债2026年跟踪评级结果的公告,2026-06-24,1782230400000,http://static.cninfo.com.cn/finalpage/2026-06-24/1225383522.PDF,finalpage/2026-06-24/1225383522.PDF,szse,01010503||010113||010999,9900039833,75d495f57dd492bc7a405a7b1b30021d85a1ac1e,2026-06-24T12:34:58.878887+00:00
1225382490,605228,神通科技,关于对外投资的公告,2026-06-24,1782230400000,http://static.cninfo.com.cn/finalpage/2026-06-24/1225382490.PDF,finalpage/2026-06-24/1225382490.PDF,szse,01010503||010113||011705,9900039800,530608c6f6fe769855cfb9522a26485b6ddcf067,2026-06-24T12:35:28.451467+00:00
1225383030,605333,沪光股份,关于全资子公司使用闲置自有资金委托理财产品到期赎回的公告,2026-06-24,1782230400000,http://static.cninfo.com.cn/finalpage/2026-06-24/1225383030.PDF,finalpage/2026-06-24/1225383030.PDF,szse,01010503||010113||011705,9900038389,0cdd39a57cd9824d9424e7026a7acc7812318db2,2026-06-24T12:35:15.299640+00:00
1225384080,605337,李子园,国浩律师（杭州）事务所关于浙江李子园食品股份有限公司2026年第一次临时股东会法律意见书,2026-06-24,1782230400000,http://static.cninfo.com.cn/finalpage/2026-06-24/1225384080.PDF,finalpage/2026-06-24/1225384080.PDF,szse,01010901||010113||011999||012903,9900039750,aa0dd5ec1579ab27a3f2672714a78c795c4e89a4,2026-06-24T12:34:40.990928+00:00
1225384074,605337,李子园,浙江李子园食品股份有限公司2026年第一次临时股东会决议公告,2026-06-24,1782230400000,http://static.cninfo.com.cn/finalpage/2026-06-24/1225384074.PDF,finalpage/2026-06-24/1225384074.PDF,szse,01010503||010113||011905,9900039750,0853c3c4b1a84f3b3dafd55617bd3ba0b07f1829,2026-06-24T12:34:40.990928+00:00
1225384083,605337,李子园,浙江李子园食品股份有限公司关于回购注销部分股份暨通知债权人的公告,2026-06-24,1782230400000,http://static.cninfo.com.cn/finalpage/2026-06-24/1225384083.PDF,finalpage/2026-06-24/1225384083.PDF,szse,01010503||010113||011513,9900039750,43c7291325ce2c6ff0bf6ca6c8c55198e1c0b02e,2026-06-24T12:34:39.704403+00:00
1225383301,605377,华旺科技,杭州华旺新材料科技股份有限公司股票交易异常波动公告,2026-06-24,1782230400000,http://static.cninfo.com.cn/finalpage/2026-06-24/1225383301.PDF,finalpage/2026-06-24/1225383301.PDF,szse,01010503||010113||012103,gfbj0832514,5c8b6b6493d30e8cc2dcbf6769dff414092781f2,2026-06-24T12:35:08.312771+00:00
1225384447,605388,均瑶健康,湖北均瑶大健康饮品股份有限公司关于召开2026年第一次临时股东会的通知,2026-06-24,1782230400000,http://static.cninfo.com.cn/finalpage/2026-06-24/1225384447.PDF,finalpage/2026-06-24/1225384447.PDF,szse,01010503||010113||011901,9900039814,3980100cd6329876aa8e00cb72b26fa2727f751e,2026-06-24T12:34:26.314186+00:00
1225384449,605388,均瑶健康,湖北均瑶大健康饮品股份有限公司关于续聘会计师事务所的公告,2026-06-24,1782230400000,http://static.cninfo.com.cn/finalpage/2026-06-24/1225384449.PDF,finalpage/2026-06-24/1225384449.PDF,szse,01010503||010113||012301,9900039814,66ebce2bf3b6812628dda4bcb26228aef8305ccd,2026-06-24T12:34:26.314186+00:00
1225384451,605388,均瑶健康,湖北均瑶大健康饮品股份有限公司第五届董事会第二十一次会议决议公告,2026-06-24,1782230400000,http://static.cninfo.com.cn/finalpage/2026-06-24/1225384451.PDF,finalpage/2026-06-24/1225384451.PDF,szse,01010503||010113||01239901,9900039814,37b46303dad5a2b56115f60ebbda9af4898dc956,2026-06-24T12:34:26.314186+00:00
1225384448,605388,均瑶健康,湖北均瑶大健康饮品股份有限公司董事、高级管理人员薪酬管理制度(2026年6月修订),2026-06-24,1782230400000,http://static.cninfo.com.cn/finalpage/2026-06-24/1225384448.PDF,finalpage/2026-06-24/1225384448.PDF,szse,01010503||010113||013105||013199,9900039814,fca3e9fee5c076c843b9027c6efbd38a850fa8db,2026-06-24T12:34:26.314186+00:00
1225384446,605388,均瑶健康,独立董事候选人声明与承诺（甘丽凝）,2026-06-24,1782230400000,http://static.cninfo.com.cn/finalpage/2026-06-24/1225384446.PDF,finalpage/2026-06-24/1225384446.PDF,szse,01011199||010113||012303,9900039814,0ce2dd7d08ca6eeea9d6edf98a7d6aaf315efd64,2026-06-24T12:34:26.314186+00:00
1225384445,605388,均瑶健康,独立董事候选人声明与承诺（罗劲）,2026-06-24,1782230400000,http://static.cninfo.com.cn/finalpage/2026-06-24/1225384445.PDF,finalpage/2026-06-24/1225384445.PDF,szse,01011199||010113||012303,9900039814,849b95c7bcf8fb55338ab8ed5845ca1183945a4f,2026-06-24T12:34:26.314186+00:00
1225384454,605388,均瑶健康,独立董事候选人声明与承诺（苏世彦）,2026-06-24,1782230400000,http://static.cninfo.com.cn/finalpage/2026-06-24/1225384454.PDF,finalpage/2026-06-24/1225384454.PDF,szse,01011199||010113||012303,9900039814,04c428356d717d35c051b1c974a552494f3e0955,2026-06-24T12:34:26.314186+00:00
1225384444,605388,均瑶健康,独立董事提名人声明与承诺（甘丽凝）,2026-06-24,1782230400000,http://static.cninfo.com.cn/finalpage/2026-06-24/1225384444.PDF,finalpage/2026-06-24/1225384444.PDF,szse,01010503||010113||012303,9900039814,c68562bf105eaae227d8c2f69a799588e92405c4,2026-06-24T12:34:26.314186+00:00
1225384450,605388,均瑶健康,独立董事提名人声明与承诺（罗劲）,2026-06-24,1782230400000,http://static.cninfo.com.cn/finalpage/2026-06-24/1225384450.PDF,finalpage/2026-06-24/1225384450.PDF,szse,01010503||010113||012303,9900039814,127550d1e2e5bbdef844d97063fb14ba7c2d5e10,2026-06-24T12:34:26.314186+00:00
1225384455,605388,均瑶健康,独立董事提名人声明与承诺（苏世彦）,2026-06-24,1782230400000,http://static.cninfo.com.cn/finalpage/2026-06-24/1225384455.PDF,finalpage/2026-06-24/1225384455.PDF,szse,01010503||010113||012303,9900039814,579bcd79414eabbc22d96a0a646001da52ca98ff,2026-06-24T12:34:26.314186+00:00
1225382672,605577,龙版传媒,黑龙江出版传媒股份有限公司董事及高级管理人员薪酬管理制度,2026-06-24,1782230400000,http://static.cninfo.com.cn/finalpage/2026-06-24/1225382672.PDF,finalpage/2026-06-24/1225382672.PDF,szse,01010503||010113||013105||013199,nssc1000394,a0a780f5285de5f06d3dd2c8f00b99fdd9ace2be,2026-06-24T12:35:22.809240+00:00
1225383603,605580,恒盛能源,恒盛能源股份有限公司股票交易异常波动公告,2026-06-24,1782230400000,http://static.cninfo.com.cn/finalpage/2026-06-24/1225383603.PDF,finalpage/2026-06-24/1225383603.PDF,szse,01010503||010113||012103,gfbj0872062,931680b912c542642b0fef1d6da65e3a7b415487,2026-06-24T12:34:53.356871+00:00
1225384288,688002,睿创微纳,2026年员工持股计划第一次持有人会议决议公告,2026-06-24,1782230400000,http://static.cninfo.com.cn/finalpage/2026-06-24/1225384288.PDF,finalpage/2026-06-24/1225384288.PDF,szse,01010503||010123||012399,9900038939,eab543f3bfbdfbf2c15b723fe4f1317766136dfe,2026-06-24T12:34:30.955169+00:00
1225384287,688002,睿创微纳,2026年第一次临时股东会决议公告,2026-06-24,1782230400000,http://static.cninfo.com.cn/finalpage/2026-06-24/1225384287.PDF,finalpage/2026-06-24/1225384287.PDF,szse,01010503||010123||011905,9900038939,c437b688b004eabc55bfd092f6ad129112e8014c,2026-06-24T12:34:30.955169+00:00
1225384301,688002,睿创微纳,关于注销公司回购股份并减少注册资本暨通知债权人的公告,2026-06-24,1782230400000,http://static.cninfo.com.cn/finalpage/2026-06-24/1225384301.PDF,finalpage/2026-06-24/1225384301.PDF,szse,01010503||010123||011513||012301,9900038939,a9134625073f4ac46941694ccbb7dd0704c92da0,2026-06-24T12:34:30.955169+00:00
1225384308,688002,睿创微纳,北京金诚同达（沈阳）律师事务所关于烟台睿创微纳技术股份有限公司2026年第一次临时股东会的法律意见书,2026-06-24,1782230400000,http://static.cninfo.com.cn/finalpage/2026-06-24/1225384308.PDF,finalpage/2026-06-24/1225384308.PDF,szse,01010901||010123||011999||012903,9900038939,5e814271f82a80f3d4abd9528346dbbccf90f4ae,2026-06-24T12:34:29.577804+00:00
1225383402,688017,绿的谐波,关于变更保荐代表人的公告,2026-06-24,1782230400000,http://static.cninfo.com.cn/finalpage/2026-06-24/1225383402.PDF,finalpage/2026-06-24/1225383402.PDF,szse,01010503||010123||012301,9900041602,2d7fe8c7075689322b00b5dbde6013ed16fabc73,2026-06-24T12:35:02.748452+00:00
1225384337,688026,洁特生物,关于“洁特转债”2026年跟踪评级结果的公告,2026-06-24,1782230400000,http://static.cninfo.com.cn/finalpage/2026-06-24/1225384337.PDF,finalpage/2026-06-24/1225384337.PDF,szse,01010503||010123||010999,gfbj0834589,6f2b578ac02eff6ee75079220748cdc8aa4c554e,2026-06-24T12:34:29.577804+00:00
1225384331,688026,洁特生物,广州洁特生物过滤股份有限公司相关债券2026年跟踪评级报告,2026-06-24,1782230400000,http://static.cninfo.com.cn/finalpage/2026-06-24/1225384331.PDF,finalpage/2026-06-24/1225384331.PDF,szse,01010501||010123||013999,gfbj0834589,2817ea368206a16b3501055906e6b82a98a0524d,2026-06-24T12:34:29.577804+00:00
1225384333,688026,洁特生物,股票交易异常波动公告,2026-06-24,1782230400000,http://static.cninfo.com.cn/finalpage/2026-06-24/1225384333.PDF,finalpage/2026-06-24/1225384333.PDF,szse,01010503||010123||012103,gfbj0834589,14e95b96e2208bd4f878f5e354aeeea20c10636c,2026-06-24T12:34:29.577804+00:00
1225382937,688033,*ST天宜,关于公司及全资子公司涉及诉讼的进展公告,2026-06-24,1782230400000,http://static.cninfo.com.cn/finalpage/2026-06-24/1225382937.PDF,finalpage/2026-06-24/1225382937.PDF,szse,01010503||010123||012309,9900039155,1675e4f8b847603445ac262fe7f566219cd2909d,2026-06-24T12:35:17.790269+00:00
1225383832,688051,佳华科技,关于对上海证券交易所《关于罗克佳华科技集团股份有限公司2025年年度报告的信息披露监管问询函》的回复公告,2026-06-24,1782230400000,http://static.cninfo.com.cn/finalpage/2026-06-24/1225383832.PDF,finalpage/2026-06-24/1225383832.PDF,szse,01010503||010123||012399,9900039347,8d7c2f6a6cf701389805b25358f172f5ffa63704,2026-06-24T12:34:47.964423+00:00
1225383829,688051,佳华科技,北京德皓国际会计师事务所（特殊普通合伙）关于《罗克佳华科技集团股份有限公司2025年年度报告的信息披露监管问询函》相关问题的回复,2026-06-24,1782230400000,http://static.cninfo.com.cn/finalpage/2026-06-24/1225383829.PDF,finalpage/2026-06-24/1225383829.PDF,szse,010109||01010903||010123||0129,9900039347,837e7109e8801cb928edae54794340eb4cbb6309,2026-06-24T12:34:47.964423+00:00
1225383833,688061,灿瑞科技,关于以集中竞价交易方式回购公司股份实施结果暨股份变动的公告,2026-06-24,1782230400000,http://static.cninfo.com.cn/finalpage/2026-06-24/1225383833.PDF,finalpage/2026-06-24/1225383833.PDF,szse,01010503||010123||011513,nssc1000405,035666bc0de605eb24a97624e084238868a76b0a,2026-06-24T12:34:47.964423+00:00
1225383909,688062,迈威生物,迈威生物自愿披露关于注射用6MW5311临床试验申请获得国家药品监督管理局批准的公告,2026-06-24,1782230400000,http://static.cninfo.com.cn/finalpage/2026-06-24/1225383909.PDF,finalpage/2026-06-24/1225383909.PDF,szse,01010503||010123||012399,nssc1000843,851074c8d599c0fd0c29426fd230c102c98728b4,2026-06-24T12:34:46.803581+00:00
1225384128,688066,*ST航图,2026年第二次临时股东会决议公告,2026-06-24,1782230400000,http://static.cninfo.com.cn/finalpage/2026-06-24/1225384128.PDF,finalpage/2026-06-24/1225384128.PDF,szse,01010503||010123||011905,fzqy1026111,333d10a5d2309a4864699dbb516792793d00a0f4,2026-06-24T12:34:39.702893+00:00
1225384129,688066,*ST航图,关于向下修正“宏图转债”转股价格暨转股停牌的公告,2026-06-24,1782230400000,http://static.cninfo.com.cn/finalpage/2026-06-24/1225384129.PDF,finalpage/2026-06-24/1225384129.PDF,szse,01010503||010123||010915||012399,fzqy1026111,ab538f270e7fb72dbed4315f261a82a0c1811913,2026-06-24T12:34:39.702893+00:00
1225384136,688066,*ST航图,航天宏图2026年第二次临时股东会法律意见书,2026-06-24,1782230400000,http://static.cninfo.com.cn/finalpage/2026-06-24/1225384136.PDF,finalpage/2026-06-24/1225384136.PDF,szse,01010901||010123||011999||012903,fzqy1026111,42b6dd005d614e7264b29e61c5ad2488910f25a8,2026-06-24T12:34:39.702893+00:00
1225384138,688090,瑞松科技,2026年第一次临时股东会决议公告,2026-06-24,1782230400000,http://static.cninfo.com.cn/finalpage/2026-06-24/1225384138.PDF,finalpage/2026-06-24/1225384138.PDF,szse,01010503||010123||011905,9900039482,e051f27b82713086c65ed8895d9b30110da9b2b0,2026-06-24T12:34:39.702893+00:00
1225384118,688090,瑞松科技,2026年限制性股票激励计划首次授予激励对象名单（截至授予日),2026-06-24,1782230400000,http://static.cninfo.com.cn/finalpage/2026-06-24/1225384118.PDF,finalpage/2026-06-24/1225384118.PDF,szse,01010503||010123||012325,9900039482,ce0653014568b33d6994e94c65b1dc94958f375c,2026-06-24T12:34:39.704403+00:00
1225384127,688090,瑞松科技,关于公司2026年限制性股票激励计划内幕信息知情人买卖公司股票情况的自查报告,2026-06-24,1782230400000,http://static.cninfo.com.cn/finalpage/2026-06-24/1225384127.PDF,finalpage/2026-06-24/1225384127.PDF,szse,01010503||010123||012317||012325,9900039482,5d8eda94bd6a830863d72270f93862e58ba67bb9,2026-06-24T12:34:39.704403+00:00
1225384126,688090,瑞松科技,关于向2026年限制性股票激励计划激励对象首次授予限制性股票的公告,2026-06-24,1782230400000,http://static.cninfo.com.cn/finalpage/2026-06-24/1225384126.PDF,finalpage/2026-06-24/1225384126.PDF,szse,01010503||010123||012325,9900039482,333685aa0148bee94b33119dca0be38d385abe3a,2026-06-24T12:34:39.704403+00:00
1225384137,688090,瑞松科技,北京市中伦（广州）律师事务所关于广州瑞松智能科技股份有限公司2026年第一次临时股东会的法律意见书,2026-06-24,1782230400000,http://static.cninfo.com.cn/finalpage/2026-06-24/1225384137.PDF,finalpage/2026-06-24/1225384137.PDF,szse,01010901||010123||011999||012903,9900039482,fc18af3d384f3259fe196530b164289e2a0ac04d,2026-06-24T12:34:39.702893+00:00
1225384125,688090,瑞松科技,北京市中伦（广州）律师事务所关于广州瑞松智能科技股份有限公司2026年限制性股票激励计划首次授予相关事项的法律意见书,2026-06-24,1782230400000,http://static.cninfo.com.cn/finalpage/2026-06-24/1225384125.PDF,finalpage/2026-06-24/1225384125.PDF,szse,01010503||01010901||010123||012325||012903,9900039482,46017f524ca14be544c318c20f7d3f681ad65f32,2026-06-24T12:34:39.704403+00:00
1225384121,688090,瑞松科技,第四届董事会第十一次会议决议公告,2026-06-24,1782230400000,http://static.cninfo.com.cn/finalpage/2026-06-24/1225384121.PDF,finalpage/2026-06-24/1225384121.PDF,szse,01010503||010123||01239901,9900039482,201b455cd29464f1e1419255fa986e5152c336e3,2026-06-24T12:34:39.704403+00:00
1225384116,688090,瑞松科技,董事会薪酬与考核委员会关于公司2026年限制性股票激励计划首次授予激励对象名单的核查意见（截至授予日）,2026-06-24,1782230400000,http://static.cninfo.com.cn/finalpage/2026-06-24/1225384116.PDF,finalpage/2026-06-24/1225384116.PDF,szse,01010503||010123||012325,9900039482,828c4685272042231a8d85d7e49545e05050f985,2026-06-24T12:34:39.704403+00:00
1225382933,688092,爱科科技,国泰海通证券股份有限公司关于杭州爱科科技股份有限公司使用部分募集资金向全资子公司增资以实施募投项目的核查意见,2026-06-24,1782230400000,http://static.cninfo.com.cn/finalpage/2026-06-24/1225382933.PDF,finalpage/2026-06-24/1225382933.PDF,szse,010109||010123||0129,9900041941,d51da118b5ef34a4e1d55ac45686cccb0a501a4e,2026-06-24T12:35:17.790269+00:00
1225382920,688092,爱科科技,国泰海通证券股份有限公司关于杭州爱科科技股份有限公司使用部分暂时闲置募集资金进行现金管理的核查意见,2026-06-24,1782230400000,http://static.cninfo.com.cn/finalpage/2026-06-24/1225382920.PDF,finalpage/2026-06-24/1225382920.PDF,szse,010109||010123||0129,9900041941,a0ee2d57029f06e6c1e32f524221586b26367a43,2026-06-24T12:35:17.790269+00:00
1225382921,688092,爱科科技,杭州爱科科技股份有限公司关于使用部分募集资金向全资子公司增资以实施募投项目的公告,2026-06-24,1782230400000,http://static.cninfo.com.cn/finalpage/2026-06-24/1225382921.PDF,finalpage/2026-06-24/1225382921.PDF,szse,01010503||010123||011705||012315,9900041941,3b94362309c7d549aa794574239d8581d56b337f,2026-06-24T12:35:17.790269+00:00
1225382936,688092,爱科科技,杭州爱科科技股份有限公司关于使用部分暂时闲置募集资金进行现金管理的公告,2026-06-24,1782230400000,http://static.cninfo.com.cn/finalpage/2026-06-24/1225382936.PDF,finalpage/2026-06-24/1225382936.PDF,szse,01010503||010123||012315,9900041941,ccb75c6d9cbf0d09ce38386d3bb3d0cd76418b28,2026-06-24T12:35:17.790269+00:00
1225382612,688096,京源环保,关于提前归还临时用于补充流动资金的募集资金的公告,2026-06-24,1782230400000,http://static.cninfo.com.cn/finalpage/2026-06-24/1225382612.PDF,finalpage/2026-06-24/1225382612.PDF,szse,01010503||010123||012315,gfbj0831540,826af9f5ff6048876596ad9e2fa451f60eceb359,2026-06-24T12:35:25.193039+00:00
1225382917,688098,申联生物,关于获得兽药产品批准文号批件的自愿性披露公告,2026-06-24,1782230400000,http://static.cninfo.com.cn/finalpage/2026-06-24/1225382917.PDF,finalpage/2026-06-24/1225382917.PDF,szse,01010501||010123||012399,9900034444,95090b34052fc64628915e27525c1dab6e5a68e4,2026-06-24T12:35:18.999073+00:00
1225382666,688109,品茗科技,2025年员工持股计划锁定期届满暨解锁条件成就的公告,2026-06-24,1782230400000,http://static.cninfo.com.cn/finalpage/2026-06-24/1225382666.PDF,finalpage/2026-06-24/1225382666.PDF,szse,01010503||010123||011303||012399,gfbj0836188,2a2dc6207642711c30255c62ac58a539ce8da007,2026-06-24T12:35:22.810246+00:00
1225384013,688114,华大智造,关于与专业机构合作设立投资基金暨关联交易的公告,2026-06-24,1782230400000,http://static.cninfo.com.cn/finalpage/2026-06-24/1225384013.PDF,finalpage/2026-06-24/1225384013.PDF,szse,01010503||010123||011705||011719,9900046518,cebac70b155f576cf9a0f62e94006b8d4e442837,2026-06-24T12:34:42.414455+00:00
1225384000,688114,华大智造,关于以集中竞价交易方式首次回购公司股份的公告,2026-06-24,1782230400000,http://static.cninfo.com.cn/finalpage/2026-06-24/1225384000.PDF,finalpage/2026-06-24/1225384000.PDF,szse,01010503||010123||011513,9900046518,4623f68f8db78e3b670168626b9bfddf56cf989f,2026-06-24T12:34:44.622624+00:00
1225383035,688116,天奈科技,中信证券股份有限公司关于江苏天奈科技股份有限公司差异化权益分派特殊除权除息事项的核查意见,2026-06-24,1782230400000,http://static.cninfo.com.cn/finalpage/2026-06-24/1225383035.PDF,finalpage/2026-06-24/1225383035.PDF,szse,010109||010123||0129,9900038935,1b2ef097e094543c3f461be16d486e7186867fb6,2026-06-24T12:35:15.299640+00:00
1225383037,688116,天奈科技,天奈科技2025年年度权益分派实施公告,2026-06-24,1782230400000,http://static.cninfo.com.cn/finalpage/2026-06-24/1225383037.PDF,finalpage/2026-06-24/1225383037.PDF,szse,01010503||010123||011301,9900038935,bfec019951753e9f994b9374b7872b5e2414181a,2026-06-24T12:35:15.299640+00:00
1225383050,688116,天奈科技,天奈科技关于实施2025年年度权益分派调整“天奈转债”转股价格的公告,2026-06-24,1782230400000,http://static.cninfo.com.cn/finalpage/2026-06-24/1225383050.PDF,finalpage/2026-06-24/1225383050.PDF,szse,01010503||010123||010915,9900038935,ca2cdba21be584f65f5bd5f35be8c584c53d3357,2026-06-24T12:35:15.298635+00:00
1225383064,688116,天奈科技,天奈科技关于调整2025年度利润分配现金分红总额的公告,2026-06-24,1782230400000,http://static.cninfo.com.cn/finalpage/2026-06-24/1225383064.PDF,finalpage/2026-06-24/1225383064.PDF,szse,01010503||010123||011301,9900038935,9e55d89b296559fea377df4c0b8c4acc02f05d8c,2026-06-24T12:35:13.854091+00:00
1225383076,688116,天奈科技,天奈科技董事会薪酬与考核委员会关于公司2026年限制性股票激励计划首次授予激励对象名单的核查意见及公示情况说明,2026-06-24,1782230400000,http://static.cninfo.com.cn/finalpage/2026-06-24/1225383076.PDF,finalpage/2026-06-24/1225383076.PDF,szse,01010503||010123||012325||012399,9900038935,687bf0d702fb1baee3698d860192bd5b45922a17,2026-06-24T12:35:13.853092+00:00
1225383057,688120,华海清科,关于华海清科股份有限公司向特定对象发行股票申请文件的审核问询函的回复,2026-06-24,1782230400000,http://static.cninfo.com.cn/finalpage/2026-06-24/1225383057.PDF,finalpage/2026-06-24/1225383057.PDF,szse,010109||010123||0129,9900044315,75b661812ad7c6609b360209779b878f17b238b1,2026-06-24T12:35:13.854091+00:00
1225383072,688120,华海清科,关于向特定对象发行股票申请文件的审核问询函回复及募集说明书等申请文件更新的提示性公告,2026-06-24,1782230400000,http://static.cninfo.com.cn/finalpage/2026-06-24/1225383072.PDF,finalpage/2026-06-24/1225383072.PDF,szse,01010503||010123||010799||012399,9900044315,12b28bfc559685253c9c9abb2864fd01c41d4875,2026-06-24T12:35:13.853092+00:00
1225383033,688120,华海清科,华海清科股份有限公司向特定对象发行股票证券募集说明书（修订稿）,2026-06-24,1782230400000,http://static.cninfo.com.cn/finalpage/2026-06-24/1225383033.PDF,finalpage/2026-06-24/1225383033.PDF,szse,01010501||010123||010705,9900044315,ee3c4ab79f13b8c15dba344f081ad58b98166d26,2026-06-24T12:35:15.299640+00:00
1225383052,688120,华海清科,立信会计师事务所（特殊普通合伙）关于华海清科股份有限公司向特定对象发行股票申请文件的审核问询函的回复,2026-06-24,1782230400000,http://static.cninfo.com.cn/finalpage/2026-06-24/1225383052.PDF,finalpage/2026-06-24/1225383052.PDF,szse,010109||01010903||010123||0129,9900044315,2c99090c34892986ef8e334894d9b7680051bba1,2026-06-24T12:35:15.298635+00:00
1225383552,688129,东来技术,关于回购股份集中竞价减持股份结果暨股份变动公告,2026-06-24,1782230400000,http://static.cninfo.com.cn/finalpage/2026-06-24/1225383552.PDF,finalpage/2026-06-24/1225383552.PDF,szse,01010503||010123||011501||011513,nssc1000433,a9017724ece89e357118019de88b6723a1e92999,2026-06-24T12:34:54.484377+00:00
1225382857,688137,近岸蛋白,关于召开2025年度暨2026年第一季度业绩说明会的公告,2026-06-24,1782230400000,http://static.cninfo.com.cn/finalpage/2026-06-24/1225382857.PDF,finalpage/2026-06-24/1225382857.PDF,szse,01010503||010123||012399,9900052713,e46b18484d9e5dcc7a008d5a78dab682de9f52af,2026-06-24T12:35:20.088099+00:00
1225382849,688137,近岸蛋白,关于股份回购实施结果暨股份变动的公告,2026-06-24,1782230400000,http://static.cninfo.com.cn/finalpage/2026-06-24/1225382849.PDF,finalpage/2026-06-24/1225382849.PDF,szse,01010503||010123||011513,9900052713,b986031ab3f412e1495069383af8f2a4c4bf5361,2026-06-24T12:35:20.088099+00:00
1225382506,688146,中船特气,中船特气2026年第二次临时股东会会议资料,2026-06-24,1782230400000,http://static.cninfo.com.cn/finalpage/2026-06-24/1225382506.PDF,finalpage/2026-06-24/1225382506.PDF,szse,01010503||010123||011906,9900056077,341c7b0109f1330272f230f88a78a31d109c391d,2026-06-24T12:35:28.450468+00:00
1225384243,688147,微导纳米,中信证券股份有限公司关于江苏微导纳米科技股份有限公司差异化权益分派特殊除权除息事项的核查意见,2026-06-24,1782230400000,http://static.cninfo.com.cn/finalpage/2026-06-24/1225384243.PDF,finalpage/2026-06-24/1225384243.PDF,szse,010109||010123||0129,nssc1000585,6a594168750a3cd6c5562fa179509c981a09f6a7,2026-06-24T12:34:33.204719+00:00
1225384249,688147,微导纳米,江苏微导纳米科技股份有限公司2025年年度权益分派实施公告,2026-06-24,1782230400000,http://static.cninfo.com.cn/finalpage/2026-06-24/1225384249.PDF,finalpage/2026-06-24/1225384249.PDF,szse,01010503||010123||011301,nssc1000585,c05da65eed09252832e4e765c387156a3a517a9d,2026-06-24T12:34:30.956175+00:00
1225384255,688147,微导纳米,江苏微导纳米科技股份有限公司关于实施2025年年度权益分派调整可转债转股价格的公告,2026-06-24,1782230400000,http://static.cninfo.com.cn/finalpage/2026-06-24/1225384255.PDF,finalpage/2026-06-24/1225384255.PDF,szse,01010503||010123||010915||010999,nssc1000585,f6469b92336fb11d202ad6c44e0797bc31eb719d,2026-06-24T12:34:30.956175+00:00
1225384259,688147,微导纳米,江苏微导纳米科技股份有限公司关于调整2025年年度利润分配现金分红总额的公告,2026-06-24,1782230400000,http://static.cninfo.com.cn/finalpage/2026-06-24/1225384259.PDF,finalpage/2026-06-24/1225384259.PDF,szse,01010503||010123||011301,nssc1000585,34b748c5a5c0fc5e90825f29a80654a8d8ddea14,2026-06-24T12:34:30.956175+00:00
1225383392,688152,麒麟信安,麒麟信安：关于与专业机构共同投资设立产业基金的进展公告,2026-06-24,1782230400000,http://static.cninfo.com.cn/finalpage/2026-06-24/1225383392.PDF,finalpage/2026-06-24/1225383392.PDF,szse,01010503||010123||011705,9900048785,28770189e57644e833800d021b74ac7b91b0cf6d,2026-06-24T12:35:02.748452+00:00
1225383391,688152,麒麟信安,麒麟信安：第二届董事会第三十一次会议决议的公告,2026-06-24,1782230400000,http://static.cninfo.com.cn/finalpage/2026-06-24/1225383391.PDF,finalpage/2026-06-24/1225383391.PDF,szse,01010503||010123||01239901,9900048785,3581d0b1aa0384008614b8edd73d2bae39665dd7,2026-06-24T12:35:02.748452+00:00
1225383235,688153,唯捷创芯,2025年年度股东会决议公告,2026-06-24,1782230400000,http://static.cninfo.com.cn/finalpage/2026-06-24/1225383235.PDF,finalpage/2026-06-24/1225383235.PDF,szse,01010503||010123||011905,gfbj0834550,2393059f1dd6cd041759e97a299455fe426203ec,2026-06-24T12:35:09.580577+00:00
1225383236,688153,唯捷创芯,上海市锦天城（深圳）律师事务所关于唯捷创芯（天津）电子技术股份有限公司2025年年度股东会的法律意见书,2026-06-24,1782230400000,http://static.cninfo.com.cn/finalpage/2026-06-24/1225383236.PDF,finalpage/2026-06-24/1225383236.PDF,szse,01010901||010123||011999||012903,gfbj0834550,534d7bcc2b1f9d12c6f27fa8cd98572168617a57,2026-06-24T12:35:08.313770+00:00
1225383655,688156,路德科技,关于2026年股票期权激励计划内幕信息知情人及激励对象买卖公司股票情况的自查报告,2026-06-24,1782230400000,http://static.cninfo.com.cn/finalpage/2026-06-24/1225383655.PDF,finalpage/2026-06-24/1225383655.PDF,szse,01010503||010123||012317||012325,gfbj0833601,e7f9606cba76f6acca4cdea545de0066e01f10a9,2026-06-24T12:34:53.354865+00:00
1225383823,688159,有方科技,有方科技：关于2023年限制性股票激励计划部分第一类限制性股票回购注销实施公告,2026-06-24,1782230400000,http://static.cninfo.com.cn/finalpage/2026-06-24/1225383823.PDF,finalpage/2026-06-24/1225383823.PDF,szse,01010503||010123||011513||012325,gfbj0835770,6d192c139fb69e4498d42f900e39ecc0d0c86b8f,2026-06-24T12:34:47.965430+00:00
1225384212,688176,亚虹医药,中信证券股份有限公司关于江苏亚虹医药科技股份有限公司首次公开发行部分限售股上市流通的核查意见,2026-06-24,1782230400000,http://static.cninfo.com.cn/finalpage/2026-06-24/1225384212.PDF,finalpage/2026-06-24/1225384212.PDF,szse,010109||010123||0129,9900048081,e12280e842fd81635b8bba517217835754453244,2026-06-24T12:34:33.205725+00:00
1225384209,688176,亚虹医药,江苏亚虹医药科技股份有限公司首次公开发行部分限售股上市流通公告,2026-06-24,1782230400000,http://static.cninfo.com.cn/finalpage/2026-06-24/1225384209.PDF,finalpage/2026-06-24/1225384209.PDF,szse,01010503||010123||011303,9900048081,cce47b89e5189c4193a65a1c4ad753f0f17fa3c1,2026-06-24T12:34:33.205725+00:00
1225384040,688178,万德斯,南京万德斯环保科技股份有限公司关于持股 5%以上股东权益变动触及 1%刻度的提示性公告,2026-06-24,1782230400000,http://static.cninfo.com.cn/finalpage/2026-06-24/1225384040.PDF,finalpage/2026-06-24/1225384040.PDF,szse,01010503||010123||011501,9900039218,e5372b960d1a5eb14ef2b68c790dce03b0833596,2026-06-24T12:34:40.991934+00:00
1225384041,688178,万德斯,南京万德斯环保科技股份有限公司股东减持股份结果公告,2026-06-24,1782230400000,http://static.cninfo.com.cn/finalpage/2026-06-24/1225384041.PDF,finalpage/2026-06-24/1225384041.PDF,szse,01010503||010123||011501,9900039218,1d5ff721e7c0d67de1d4988a0daa6b4622ce3d75,2026-06-24T12:34:40.991934+00:00
1225383401,688187,时代电气,H股公告,2026-06-24,1782230400000,http://static.cninfo.com.cn/finalpage/2026-06-24/1225383401.PDF,finalpage/2026-06-24/1225383401.PDF,szse,01010503||010123||012399,gshk0003898,e9e5834fbeb566273c97481533acce0be13a507a,2026-06-24T12:35:02.748452+00:00
1225384160,688200,华峰测控,北京华峰测控技术股份有限公司向不特定对象发行可转换公司债券网上中签率及优先配售结果公告,2026-06-24,1782230400000,http://static.cninfo.com.cn/finalpage/2026-06-24/1225384160.PDF,finalpage/2026-06-24/1225384160.PDF,szse,01010503||010123||01091110||010999,9900040164,6f9697207f1d059ce4cccf659eebc36f2635b6fd,2026-06-24T12:34:35.334695+00:00
1225383924,688206,概伦电子,2025年年度股东会决议公告,2026-06-24,1782230400000,http://static.cninfo.com.cn/finalpage/2026-06-24/1225383924.PDF,finalpage/2026-06-24/1225383924.PDF,szse,01010503||010123||011905,9900048370,2f620ffaa7387a3f1c811a24e18b915b8cc6a201,2026-06-24T12:34:45.829939+00:00
1225383925,688206,概伦电子,上海市锦天城律师事务所关于上海概伦电子股份有限公司2025年年度股东会的法律意见书,2026-06-24,1782230400000,http://static.cninfo.com.cn/finalpage/2026-06-24/1225383925.PDF,finalpage/2026-06-24/1225383925.PDF,szse,01010901||010123||011999||012903,9900048370,2ffa36ff57fecef16ad6c3696f91f2dbb7713733,2026-06-24T12:34:45.829939+00:00
1225383936,688207,格灵深瞳,北京国枫律师事务所关于北京格灵深瞳信息技术股份有限公司2025年年度股东会的法律意见书,2026-06-24,1782230400000,http://static.cninfo.com.cn/finalpage/2026-06-24/1225383936.PDF,finalpage/2026-06-24/1225383936.PDF,szse,01010901||010123||011999||012903,9900047656,5e00e397fbd1a390b74cf78cbae713753eab0c9a,2026-06-24T12:34:45.828932+00:00
1225383916,688207,格灵深瞳,格灵深瞳2025年年度股东会决议公告,2026-06-24,1782230400000,http://static.cninfo.com.cn/finalpage/2026-06-24/1225383916.PDF,finalpage/2026-06-24/1225383916.PDF,szse,01010503||010123||011905,9900047656,fd2aaefe09518e65282f7a832cdce794a5e2dbfc,2026-06-24T12:34:45.829939+00:00
1225382507,688217,睿昂基因,睿昂基因2026年第一次临时股东会会议资料,2026-06-24,1782230400000,http://static.cninfo.com.cn/finalpage/2026-06-24/1225382507.PDF,finalpage/2026-06-24/1225382507.PDF,szse,01010503||010123||011906,9900041746,ba7556b9537e502c3703cb2f3411362561cff52c,2026-06-24T12:35:28.450468+00:00
1225383530,688219,会通股份,会通新材料股份有限公司2026年第二次临时股东会会议资料,2026-06-24,1782230400000,http://static.cninfo.com.cn/finalpage/2026-06-24/1225383530.PDF,finalpage/2026-06-24/1225383530.PDF,szse,01010503||010123||011906,9900041353,faacfd66145cd1d724aa18369b0a761d7bc2d548,2026-06-24T12:34:58.878887+00:00
1225383921,688220,翱捷科技,关于首次公开发行部分限售股票上市流通公告,2026-06-24,1782230400000,http://static.cninfo.com.cn/finalpage/2026-06-24/1225383921.PDF,finalpage/2026-06-24/1225383921.PDF,szse,01010503||010123||011303,9900046396,b49d5d0a5cd1933b987549d6b1b5e6fac375ed53,2026-06-24T12:34:45.829939+00:00
1225383923,688220,翱捷科技,国泰海通证券股份有限公司关于翱捷科技股份有限公司首次公开发行部分限售股上市流通的核查意见,2026-06-24,1782230400000,http://static.cninfo.com.cn/finalpage/2026-06-24/1225383923.PDF,finalpage/2026-06-24/1225383923.PDF,szse,010109||010123||0129,9900046396,971ba26226fb0784a5c1b64d42d97ced3979678d,2026-06-24T12:34:45.829939+00:00
1225383302,688258,卓易信息,江苏卓易信息科技股份有限公司2026年第一次临时股东会决议公告,2026-06-24,1782230400000,http://static.cninfo.com.cn/finalpage/2026-06-24/1225383302.PDF,finalpage/2026-06-24/1225383302.PDF,szse,01010503||010123||011905,9900039137,d84826ff736aa9cb95567ba2fdb99c85988ac38d,2026-06-24T12:35:08.312771+00:00
1225383304,688258,卓易信息,江苏漫修（无锡）律师事务所关于江苏卓易信息科技股份有限公司2026年第一次临时股东会之法律意见书,2026-06-24,1782230400000,http://static.cninfo.com.cn/finalpage/2026-06-24/1225383304.PDF,finalpage/2026-06-24/1225383304.PDF,szse,01010901||010123||011999||012903,9900039137,9432721e754fec7de7248f886855fae7fd4d650c,2026-06-24T12:35:08.311766+00:00
1225382550,688260,昀冢科技,董事会提名、薪酬与考核委员会关于公司2026年限制性股票激励计划激励对象名单的公示情况说明及核查意见,2026-06-24,1782230400000,http://static.cninfo.com.cn/finalpage/2026-06-24/1225382550.PDF,finalpage/2026-06-24/1225382550.PDF,szse,01010503||010123||012325||01239901,nssc1000568,9c5539f25d824f8c0b9dff94d6f3a26c88c88ab2,2026-06-24T12:35:26.367156+00:00
1225384223,688268,华特气体,广东华特气体股份有限公司股票交易异常波动公告,2026-06-24,1782230400000,http://static.cninfo.com.cn/finalpage/2026-06-24/1225384223.PDF,finalpage/2026-06-24/1225384223.PDF,szse,01010503||010123||012103,gfbj0870865,415ce59a9ab1a36f34a9c955f56b4c41e83f7dd2,2026-06-24T12:34:33.204719+00:00
1225383385,688270,ST臻镭,北京德恒（杭州）律师事务所关于浙江臻镭科技股份有限公司2026年第一次临时股东会的法律意见书,2026-06-24,1782230400000,http://static.cninfo.com.cn/finalpage/2026-06-24/1225383385.PDF,finalpage/2026-06-24/1225383385.PDF,szse,01010901||010123||011999||012903,9900052539,bc703d777feb217e1c4ef62bd3fa3fd88d5911ad,2026-06-24T12:35:02.749451+00:00
1225383390,688270,ST臻镭,浙江臻镭科技股份有限公司2026年第一次临时股东会决议公告,2026-06-24,1782230400000,http://static.cninfo.com.cn/finalpage/2026-06-24/1225383390.PDF,finalpage/2026-06-24/1225383390.PDF,szse,01010503||010123||011905,9900052539,47ac1f1d2a0a4031988b5ff8ec8e68ee32fab3dc,2026-06-24T12:35:02.748452+00:00
1225383934,688271,联影医疗,上海市通力律师事务所关于联影医疗2026年限制性股票激励计划首次授予事项的法律意见书,2026-06-24,1782230400000,http://static.cninfo.com.cn/finalpage/2026-06-24/1225383934.PDF,finalpage/2026-06-24/1225383934.PDF,szse,01010503||01010901||010123||012325||012903,9900048090,a50e8bec8f4010a5212bc51d2380087f137b9ffe,2026-06-24T12:34:45.828932+00:00
1225383929,688271,联影医疗,联影医疗2026年限制性股票激励计划首次授予激励对象名单（首次授予日）,2026-06-24,1782230400000,http://static.cninfo.com.cn/finalpage/2026-06-24/1225383929.PDF,finalpage/2026-06-24/1225383929.PDF,szse,01010503||010123||012325,9900048090,ac22bcd0a4448bd14e6789dcd0c578bc6190a973,2026-06-24T12:34:45.829939+00:00
1225383930,688271,联影医疗,联影医疗关于向公司2026年限制性股票激励计划激励对象首次授予限制性股票的公告,2026-06-24,1782230400000,http://static.cninfo.com.cn/finalpage/2026-06-24/1225383930.PDF,finalpage/2026-06-24/1225383930.PDF,szse,01010503||010123||012325,9900048090,f8f5f75f3dea443cb5c6222deca15c5f672e6e3c,2026-06-24T12:34:45.829939+00:00
1225383917,688271,联影医疗,联影医疗第二届董事会第三十二次会议决议公告,2026-06-24,1782230400000,http://static.cninfo.com.cn/finalpage/2026-06-24/1225383917.PDF,finalpage/2026-06-24/1225383917.PDF,szse,01010503||010123||01239901,9900048090,e5bdd09af3191831d9c74583140813c9ab4ce8c2,2026-06-24T12:34:45.829939+00:00
1225383931,688271,联影医疗,联影医疗董事会薪酬与考核委员会关于公司2025年限制性股票激励计划首次授予激励对象名单（首次授予日）的核查意见,2026-06-24,1782230400000,http://static.cninfo.com.cn/finalpage/2026-06-24/1225383931.PDF,finalpage/2026-06-24/1225383931.PDF,szse,01010503||010123||012325||01239901,9900048090,996a98001ee445101920dbe06fd9d834a5adb0ad,2026-06-24T12:34:45.829939+00:00
1225382515,688272,富吉瑞,2026年第一次临时股东会会议资料,2026-06-24,1782230400000,http://static.cninfo.com.cn/finalpage/2026-06-24/1225382515.PDF,finalpage/2026-06-24/1225382515.PDF,szse,01010503||010123||011906,9900046529,49beb228f5d7e335df36c641df280e7012f8576b,2026-06-24T12:35:28.449462+00:00
1225384254,688289,圣湘生物,圣湘生物科技股份有限公司关于以集中竞价交易方式回购股份方案的公告,2026-06-24,1782230400000,http://static.cninfo.com.cn/finalpage/2026-06-24/1225384254.PDF,finalpage/2026-06-24/1225384254.PDF,szse,01010503||010123||011513,nssc1000305,4ea5ee266cccd7a4875c97a3d5a10b914b4bcb65,2026-06-24T12:34:30.956175+00:00
1225384256,688289,圣湘生物,圣湘生物科技股份有限公司关于变更部分回购股份用途并注销暨减少注册资本的公告,2026-06-24,1782230400000,http://static.cninfo.com.cn/finalpage/2026-06-24/1225384256.PDF,finalpage/2026-06-24/1225384256.PDF,szse,01010503||010123||011513||012301,nssc1000305,5893179e39258e21684b20591331a2ab278182d9,2026-06-24T12:34:30.956175+00:00
1225384252,688289,圣湘生物,圣湘生物科技股份有限公司关于召开2026年第三次临时股东会的通知,2026-06-24,1782230400000,http://static.cninfo.com.cn/finalpage/2026-06-24/1225384252.PDF,finalpage/2026-06-24/1225384252.PDF,szse,01010503||010123||011901,nssc1000305,eea6c6e81daad3c095446ae19c6335ffebb69227,2026-06-24T12:34:30.956175+00:00
1225384258,688289,圣湘生物,圣湘生物科技股份有限公司关于自愿披露相关产品取得医疗器械注册证的公告,2026-06-24,1782230400000,http://static.cninfo.com.cn/finalpage/2026-06-24/1225384258.PDF,finalpage/2026-06-24/1225384258.PDF,szse,01010503||010123||012305,nssc1000305,94c01c7b142f1b2acf52426f85f7a2cbec670c6c,2026-06-24T12:34:30.956175+00:00
1225384253,688289,圣湘生物,圣湘生物科技股份有限公司第三届董事会2026年第六次临时会议决议公告,2026-06-24,1782230400000,http://static.cninfo.com.cn/finalpage/2026-06-24/1225384253.PDF,finalpage/2026-06-24/1225384253.PDF,szse,01010503||010123||01239901,nssc1000305,7113a9c0e4c605e444298525807941f11cb06f4c,2026-06-24T12:34:30.956175+00:00
1225383757,688301,奕瑞科技,奕瑞科技关于实施“奕瑞转债”赎回暨摘牌的第二次提示性公告,2026-06-24,1782230400000,http://static.cninfo.com.cn/finalpage/2026-06-24/1225383757.PDF,finalpage/2026-06-24/1225383757.PDF,szse,01010503||010123||010919||010999,9900037040,3fcade5fb342a818ee7b2757d215564d4c2cadc8,2026-06-24T12:34:49.316380+00:00
1225383032,688313,仕佳光子,关于持股5%以上股东部分股份质押的公告,2026-06-24,1782230400000,http://static.cninfo.com.cn/finalpage/2026-06-24/1225383032.PDF,finalpage/2026-06-24/1225383032.PDF,szse,01010503||010123||012307,9900041526,4a5d1693dd614d91205e0b172ef77ea494ae7959,2026-06-24T12:35:15.299640+00:00
1225383998,688322,奥比中光,2025年度向特定对象发行A股股票上市公告书,2026-06-24,1782230400000,http://static.cninfo.com.cn/finalpage/2026-06-24/1225383998.PDF,finalpage/2026-06-24/1225383998.PDF,szse,01010503||010123||010713,9900048777,8846ebd2835f6bd1d9a0432ffc014b0a7a0cc82c,2026-06-24T12:34:44.622624+00:00
1225384007,688322,奥比中光,中国国际金融股份有限公司关于奥比中光2025年度向特定对象发行A股股票之上市保荐书,2026-06-24,1782230400000,http://static.cninfo.com.cn/finalpage/2026-06-24/1225384007.PDF,finalpage/2026-06-24/1225384007.PDF,szse,01010701||010123||012911,9900048777,b736f665df50f93b4a10ea49fa2f3f26e960c00d,2026-06-24T12:34:42.414761+00:00
1225383995,688322,奥比中光,关于2025年度向特定对象发行股票发行结果暨股本变动公告,2026-06-24,1782230400000,http://static.cninfo.com.cn/finalpage/2026-06-24/1225383995.PDF,finalpage/2026-06-24/1225383995.PDF,szse,01010501||010123||012399,9900048777,7da7b10785130129ed960741f246b52d00e560bb,2026-06-24T12:34:44.622624+00:00
1225383868,688323,瑞华泰,深圳瑞华泰薄膜科技股份有限公司相关债券2026年跟踪评级报告,2026-06-24,1782230400000,http://static.cninfo.com.cn/finalpage/2026-06-24/1225383868.PDF,finalpage/2026-06-24/1225383868.PDF,szse,01010501||010123||013999,9900041792,921004b0209890cdc2c446602c89ccc8d8ccf839,2026-06-24T12:34:46.804580+00:00
1225383875,688323,瑞华泰,瑞华泰关于“瑞科转债”跟踪信用评级结果的公告,2026-06-24,1782230400000,http://static.cninfo.com.cn/finalpage/2026-06-24/1225383875.PDF,finalpage/2026-06-24/1225383875.PDF,szse,01010503||010123||010999,9900041792,c63a885348ba51db41e8a06429c45134101f052f,2026-06-24T12:34:46.803581+00:00
1225383872,688323,瑞华泰,瑞华泰关于实施“瑞科转债”赎回暨摘牌的第九次提示性公告,2026-06-24,1782230400000,http://static.cninfo.com.cn/finalpage/2026-06-24/1225383872.PDF,finalpage/2026-06-24/1225383872.PDF,szse,01010503||010123||010919||010999,9900041792,86bf3158c83631abe355bcb9b6b699573227a6e0,2026-06-24T12:34:46.803581+00:00
1225384247,688328,深科达,关于使用暂时闲置募集资金临时补充流动资金的公告,2026-06-24,1782230400000,http://static.cninfo.com.cn/finalpage/2026-06-24/1225384247.PDF,finalpage/2026-06-24/1225384247.PDF,szse,01010503||010123||012315,gfbj0831314,f51c370e6d723da1135a9fbf720e156ef5610511,2026-06-24T12:34:30.956175+00:00
1225384245,688328,深科达,关于使用暂时闲置募集资金和部分自有资金进行现金管理的公告,2026-06-24,1782230400000,http://static.cninfo.com.cn/finalpage/2026-06-24/1225384245.PDF,finalpage/2026-06-24/1225384245.PDF,szse,01010503||010123||011705||012315,gfbj0831314,f6f5b5fd438dac1b603619828270d35337780a7b,2026-06-24T12:34:30.956175+00:00
1225384251,688328,深科达,国投证券股份有限公司关于深圳市深科达智能装备股份有限公司使用暂时闲置募集资金临时补充流动资金的核查意见,2026-06-24,1782230400000,http://static.cninfo.com.cn/finalpage/2026-06-24/1225384251.PDF,finalpage/2026-06-24/1225384251.PDF,szse,010109||010123||0129,gfbj0831314,8deb793d8200b9fa362e2b204f1bdecd88b7c422,2026-06-24T12:34:30.956175+00:00
1225384242,688328,深科达,国投证券股份有限公司关于深圳市深科达智能装备股份有限公司使用暂时闲置募集资金和部分自有资金进行现金管理的核查意见,2026-06-24,1782230400000,http://static.cninfo.com.cn/finalpage/2026-06-24/1225384242.PDF,finalpage/2026-06-24/1225384242.PDF,szse,010109||010123||0129,gfbj0831314,ce4284df96a105506faae7f272bcff147df5ae00,2026-06-24T12:34:33.204719+00:00
1225384168,688329,艾隆科技,立信会计师事务所（特殊普通合伙）对《关于苏州艾隆科技股份有限公司2025年年度报告的信息披露监管问询函》的回复,2026-06-24,1782230400000,http://static.cninfo.com.cn/finalpage/2026-06-24/1225384168.PDF,finalpage/2026-06-24/1225384168.PDF,szse,010109||01010903||010123||0129,9900039722,ad0b9267d2eceb6fe527b11dd552a6406eaae767,2026-06-24T12:34:35.334695+00:00
1225384155,688329,艾隆科技,艾隆科技关于2025年年度报告的信息披露监管问询函的回复公告,2026-06-24,1782230400000,http://static.cninfo.com.cn/finalpage/2026-06-24/1225384155.PDF,finalpage/2026-06-24/1225384155.PDF,szse,01010503||010123||012399,9900039722,2467ea540554f676287d4b581dc08779bd94387a,2026-06-24T12:34:35.336199+00:00
1225382529,688337,普源精电,普源精电科技股份有限公司关于香港联交所审议公司发行境外上市股份（H股）的公告,2026-06-24,1782230400000,http://static.cninfo.com.cn/finalpage/2026-06-24/1225382529.PDF,finalpage/2026-06-24/1225382529.PDF,szse,01010501||010123||012399,9900046628,6f08a4f9edb3b85e11403100360a7b5c303e942b,2026-06-24T12:35:26.368157+00:00
1225384036,688345,博力威,广东博力威科技股份有限公司关于公司仲裁进展暨达成和解的公告,2026-06-24,1782230400000,http://static.cninfo.com.cn/finalpage/2026-06-24/1225384036.PDF,finalpage/2026-06-24/1225384036.PDF,szse,01010503||010123||012311,nssc1000127,317e4527fa9f11ed7e94ce05f2044bdb741b0a61,2026-06-24T12:34:42.413458+00:00
1225383523,688350,富淼科技,江苏富淼科技股份有限公司关于持股5%以上股东减持股份计划公告,2026-06-24,1782230400000,http://static.cninfo.com.cn/finalpage/2026-06-24/1225383523.PDF,finalpage/2026-06-24/1225383523.PDF,szse,01010503||010123||011501,9900035517,3c34a9892ab9b6720d5e6a03afacf335c63a60e1,2026-06-24T12:34:58.878887+00:00
1225382495,688356,键凯科技,公司章程（2026年6月修订）,2026-06-24,1782230400000,http://static.cninfo.com.cn/finalpage/2026-06-24/1225382495.PDF,finalpage/2026-06-24/1225382495.PDF,szse,01010503||010123||013101,9900042296,7bddf7ac0b88af92eec0087a1c4327932e7cded0,2026-06-24T12:35:28.451467+00:00
1225382497,688356,键凯科技,关于变更公司住所、修订《公司章程》并办理工商登记的公告,2026-06-24,1782230400000,http://static.cninfo.com.cn/finalpage/2026-06-24/1225382497.PDF,finalpage/2026-06-24/1225382497.PDF,szse,01010503||010123||012301,9900042296,11d64a9729de4f6efce933d30172e387e3d9b37c,2026-06-24T12:35:28.451467+00:00
1225382501,688356,键凯科技,关于召开2026年第一次临时股东会的通知,2026-06-24,1782230400000,http://static.cninfo.com.cn/finalpage/2026-06-24/1225382501.PDF,finalpage/2026-06-24/1225382501.PDF,szse,01010503||010123||011901,9900042296,f3d2709931736bf9bab1113ab80b033aacb3a3f6,2026-06-24T12:35:28.450468+00:00
1225382523,688356,键凯科技,第四届董事会第三次会议决议公告,2026-06-24,1782230400000,http://static.cninfo.com.cn/finalpage/2026-06-24/1225382523.PDF,finalpage/2026-06-24/1225382523.PDF,szse,01010503||010123||01239901,9900042296,e1930b4539224cf1858a80b5be52083f5973cc38,2026-06-24T12:35:26.368157+00:00
1225382847,688358,祥生医疗,无锡祥生医疗科技股份有限公司2026年第一次临时股东会会议资料,2026-06-24,1782230400000,http://static.cninfo.com.cn/finalpage/2026-06-24/1225382847.PDF,finalpage/2026-06-24/1225382847.PDF,szse,01010503||010123||011906,9900039303,85e206109a0f3bce092f90aecd606ae5e8feb6d7,2026-06-24T12:35:20.088099+00:00
1225382798,688358,祥生医疗,祥生医疗董事会薪酬与考核委员会关于公司2026年限制性股票激励计划激励对象名单的公示情况说明及核查意见,2026-06-24,1782230400000,http://static.cninfo.com.cn/finalpage/2026-06-24/1225382798.PDF,finalpage/2026-06-24/1225382798.PDF,szse,01010503||010123||012325||01239901,9900039303,fefff93fa5852d76af39e9da70fb8f7ab3ba0e6c,2026-06-24T12:35:21.153394+00:00
1225382519,688377,迪威尔,迪威尔关于“迪威转债”预计触发转股价格向下修正条件的提示性公告,2026-06-24,1782230400000,http://static.cninfo.com.cn/finalpage/2026-06-24/1225382519.PDF,finalpage/2026-06-24/1225382519.PDF,szse,01010503||010123||010915,9900029817,28d37afdd1aecf3c10f9f79244a2ccb15b280a29,2026-06-24T12:35:26.368157+00:00
1225384166,688428,诺诚健华,诺诚健华医药有限公司关于2024年科创板限制性股票激励计划首次授予部分第一个归属期归属结果暨股份上市的公告,2026-06-24,1782230400000,http://static.cninfo.com.cn/finalpage/2026-06-24/1225384166.PDF,finalpage/2026-06-24/1225384166.PDF,szse,01010503||010123||012325,9900043455,2c50ae2d24f6d01da6a7be6e2d093eafa00f5ed7,2026-06-24T12:34:35.334695+00:00
1225384210,688439,振华风光,贵州振华风光半导体股份有限公司2025年年度权益分派实施公告,2026-06-24,1782230400000,http://static.cninfo.com.cn/finalpage/2026-06-24/1225384210.PDF,finalpage/2026-06-24/1225384210.PDF,szse,01010503||010123||011301,9900053041,edf18c6afb30fddca0049d2a5b993c3fd65449eb,2026-06-24T12:34:33.205725+00:00
1225383229,688448,磁谷科技,2026年第一次临时股东会决议公告,2026-06-24,1782230400000,http://static.cninfo.com.cn/finalpage/2026-06-24/1225383229.PDF,finalpage/2026-06-24/1225383229.PDF,szse,01010503||010123||011905,9900046626,5960f608c16a1ed4b2f5660d5a2464d42b384867,2026-06-24T12:35:09.580577+00:00
1225383274,688448,磁谷科技,江苏世纪同仁律师事务所关于南京磁谷科技股份有限公司2026年第一次临时股东会的法律意见书,2026-06-24,1782230400000,http://static.cninfo.com.cn/finalpage/2026-06-24/1225383274.PDF,finalpage/2026-06-24/1225383274.PDF,szse,01010901||010123||011999||012903,9900046626,a1e7d08b03fe4ec5e2c824bdeb7eb4fe72f80509,2026-06-24T12:35:08.312771+00:00
1225383926,688469,芯联集成,芯联集成电路制造股份有限公司对外投资进展公告,2026-06-24,1782230400000,http://static.cninfo.com.cn/finalpage/2026-06-24/1225383926.PDF,finalpage/2026-06-24/1225383926.PDF,szse,01010503||010123||011705,9900053045,d4a107ff68dfbc6c6ffe46670dc7f83ce828efeb,2026-06-24T12:34:45.829939+00:00
1225383528,688478,晶升股份,南京晶升装备股份有限公司关于持股5%以上股东权益变动至5%以下及减持计划时间届满暨减持股份结果公告,2026-06-24,1782230400000,http://static.cninfo.com.cn/finalpage/2026-06-24/1225383528.PDF,finalpage/2026-06-24/1225383528.PDF,szse,01010503||010123||011501,9900053817,f04f576b48ccd5e864e4654eb07ade4b762cde65,2026-06-24T12:34:58.878887+00:00
1225383867,688485,九州一轨,北京九州一轨环境科技股份有限公司关于召开2026年第三次临时股东会的通知,2026-06-24,1782230400000,http://static.cninfo.com.cn/finalpage/2026-06-24/1225383867.PDF,finalpage/2026-06-24/1225383867.PDF,szse,01010503||010123||011901,9900048106,1cf25e68b82c1f320f3961e191b0794c514e8841,2026-06-24T12:34:46.804580+00:00
1225383861,688485,九州一轨,北京九州一轨环境科技股份有限公司关于签订租赁协议暨关联交易的公告,2026-06-24,1782230400000,http://static.cninfo.com.cn/finalpage/2026-06-24/1225383861.PDF,finalpage/2026-06-24/1225383861.PDF,szse,01010503||010123||011719,9900048106,89e558a3bec1ace72c98dfbd911bbb4e1c3b2f1e,2026-06-24T12:34:46.804580+00:00
1225383863,688485,九州一轨,北京九州一轨环境科技股份有限公司关于签订金刚石芯片基板建设项目（一期）总承包合同暨关联交易的公告,2026-06-24,1782230400000,http://static.cninfo.com.cn/finalpage/2026-06-24/1225383863.PDF,finalpage/2026-06-24/1225383863.PDF,szse,01010503||010123||011719||012327,9900048106,9bb54a6459af951605144c008a6bd5b4c16bfe38,2026-06-24T12:34:46.804580+00:00
1225383871,688485,九州一轨,北京九州一轨环境科技股份有限公司关于选举非独立董事的公告,2026-06-24,1782230400000,http://static.cninfo.com.cn/finalpage/2026-06-24/1225383871.PDF,finalpage/2026-06-24/1225383871.PDF,szse,01010503||010123||012303,9900048106,7649592a1430d91df6c9698fddbbd2b6d69ed25d,2026-06-24T12:34:46.803581+00:00
1225383869,688485,九州一轨,北京九州一轨环境科技股份有限公司关于部分募投项目增加实施主体与实施地点、变更实施方式与募集资金用途的公告,2026-06-24,1782230400000,http://static.cninfo.com.cn/finalpage/2026-06-24/1225383869.PDF,finalpage/2026-06-24/1225383869.PDF,szse,01010503||010123||012315,9900048106,5bc9bb8c54cb37ab34d06970f68025684f7c1203,2026-06-24T12:34:46.804580+00:00
1225383874,688485,九州一轨,北京九州一轨环境科技股份有限公司拟资产出租涉及位于北京市房山区广茂路32号院部分房地产租赁价值评估项目资产评估报告,2026-06-24,1782230400000,http://static.cninfo.com.cn/finalpage/2026-06-24/1225383874.PDF,finalpage/2026-06-24/1225383874.PDF,szse,01010909||010123||012905,9900048106,5d9b99aeb076b9f5c08db4a0976ce946b100aa8f,2026-06-24T12:34:46.803581+00:00
1225383865,688485,九州一轨,国金证券股份有限公司关于北京九州一轨环境科技股份有限公司签订租赁协议暨关联交易的核查意见,2026-06-24,1782230400000,http://static.cninfo.com.cn/finalpage/2026-06-24/1225383865.PDF,finalpage/2026-06-24/1225383865.PDF,szse,010109||010123||0129,9900048106,0d49ecd0654bfa33f2588bef6062dc1b11b8b362,2026-06-24T12:34:46.804580+00:00
1225383870,688485,九州一轨,国金证券股份有限公司关于北京九州一轨环境科技股份有限公司签订金刚石芯片基板建设项目（一期）总承包合同暨关联交易的核查意见,2026-06-24,1782230400000,http://static.cninfo.com.cn/finalpage/2026-06-24/1225383870.PDF,finalpage/2026-06-24/1225383870.PDF,szse,01010503||010109||010123||012327||0129,9900048106,ca5ddd745be8a2a980761fe05a8a30683d635022,2026-06-24T12:34:46.803581+00:00
1225383876,688485,九州一轨,国金证券股份有限公司关于北京九州一轨环境科技股份有限公司首次公开发行股票部分募投项目增加实施主体与实施地点、变更实施方式与募集资金用途的核查意见,2026-06-24,1782230400000,http://static.cninfo.com.cn/finalpage/2026-06-24/1225383876.PDF,finalpage/2026-06-24/1225383876.PDF,szse,010109||010123||0129,9900048106,54117e7a5bd3cbcc731bb43701723ea56f7aa3ae,2026-06-24T12:34:46.803581+00:00
1225382569,688486,龙迅股份,龙迅股份2026年第二次临时股东会会议资料,2026-06-24,1782230400000,http://static.cninfo.com.cn/finalpage/2026-06-24/1225382569.PDF,finalpage/2026-06-24/1225382569.PDF,szse,01010503||010123||011906,nssc1000599,968dc5cd4ead14620e45338ece06ec3fbad0e014,2026-06-24T12:35:26.366151+00:00
1225383389,688499,利元亨,北京国枫律师事务所关于广东利元亨智能装备股份有限公司向特定对象发行股票之法律意见书,2026-06-24,1782230400000,http://static.cninfo.com.cn/finalpage/2026-06-24/1225383389.PDF,finalpage/2026-06-24/1225383389.PDF,szse,01010901||010123||012903,9900038933,fa944fadc5622dbe33dca5e9dd09057a645b8dff,2026-06-24T12:35:02.749451+00:00
1225383395,688499,利元亨,国联民生证券承销保荐有限公司关于广东利元亨智能装备股份有限公司向特定对象发行股票之上市保荐书,2026-06-24,1782230400000,http://static.cninfo.com.cn/finalpage/2026-06-24/1225383395.PDF,finalpage/2026-06-24/1225383395.PDF,szse,01010701||010123||012911,9900038933,d49762db23b701799bf8cd01e937ff3e4068ffe4,2026-06-24T12:35:02.748452+00:00
1225383384,688499,利元亨,国联民生证券承销保荐有限公司关于广东利元亨智能装备股份有限公司向特定对象发行股票之发行保荐书,2026-06-24,1782230400000,http://static.cninfo.com.cn/finalpage/2026-06-24/1225383384.PDF,finalpage/2026-06-24/1225383384.PDF,szse,01010701||010123||012911,9900038933,ecf5e7d082f5ce79b97ae4115cba92e2d533e680,2026-06-24T12:35:02.749451+00:00
1225383403,688499,利元亨,安永华明会计师事务所（特殊普通合伙）关于广东利元亨智能装备股份有限公司向特定对象发行股票的财务报告及审计报告,2026-06-24,1782230400000,http://static.cninfo.com.cn/finalpage/2026-06-24/1225383403.PDF,finalpage/2026-06-24/1225383403.PDF,szse,01010903||010123||012913,9900038933,dc2dcde1d829c653b7c488a211f7cc2c52372430,2026-06-24T12:35:02.747446+00:00
1225383396,688499,利元亨,广东利元亨智能装备股份有限公司关于2026年度向特定对象发行A股股票获得上海证券交易所受理的公告,2026-06-24,1782230400000,http://static.cninfo.com.cn/finalpage/2026-06-24/1225383396.PDF,finalpage/2026-06-24/1225383396.PDF,szse,01010503||010123||010799,9900038933,614b7944c80eb4c3e3acc5f5cf56620073e7b470,2026-06-24T12:35:02.748452+00:00
1225383388,688499,利元亨,广东利元亨智能装备股份有限公司向特定对象发行股票证券募集说明书（申报稿）,2026-06-24,1782230400000,http://static.cninfo.com.cn/finalpage/2026-06-24/1225383388.PDF,finalpage/2026-06-24/1225383388.PDF,szse,01010501||010123||010705,9900038933,c845e8e450242321bf2d7f6ead75cfd1286e165b,2026-06-24T12:35:02.749451+00:00
1225382492,688500,慧辰股份,2026年第二次临时股东会会议资料,2026-06-24,1782230400000,http://static.cninfo.com.cn/finalpage/2026-06-24/1225382492.PDF,finalpage/2026-06-24/1225382492.PDF,szse,01010503||010123||011906,gfbj0833309,51546607a22aae3f137ce10e30ad4a2e7c446f16,2026-06-24T12:35:28.451467+00:00
1225383466,688502,茂莱光学,南京茂莱光学科技股份有限公司向不特定对象发行可转换公司债券受托管理事务报告（2025年度）,2026-06-24,1782230400000,http://static.cninfo.com.cn/finalpage/2026-06-24/1225383466.PDF,finalpage/2026-06-24/1225383466.PDF,szse,01010503||010123||010999,gfbj0833673,8a6bcc61bafd39863b4801e8e64ccd853c50dfeb,2026-06-24T12:34:59.896546+00:00
1225382566,688509,正元地信,正元地信2025年年度股东会会议资料,2026-06-24,1782230400000,http://static.cninfo.com.cn/finalpage/2026-06-24/1225382566.PDF,finalpage/2026-06-24/1225382566.PDF,szse,01010503||010123||011906,9900041382,73fc1949035771bf574190fcbaa48bad698bd0a1,2026-06-24T12:35:26.367156+00:00
1225383164,688510,航亚科技,公证天业会计师事务所（特殊普通合伙）关于无锡航亚科技股份有限公司向不特定对象发行可转换公司债券的财务报告及审计报告,2026-06-24,1782230400000,http://static.cninfo.com.cn/finalpage/2026-06-24/1225383164.PDF,finalpage/2026-06-24/1225383164.PDF,szse,01010503||01010903||010123||010999||012913,gfbj0870269,f05d8a6fd6bd51719d00d12cf6bb5378830d7068,2026-06-24T12:35:10.760708+00:00
1225383170,688510,航亚科技,北京植德律师事务所关于无锡航亚科技股份有限公司申请向不特定对象发行可转换公司债券的法律意见书,2026-06-24,1782230400000,http://static.cninfo.com.cn/finalpage/2026-06-24/1225383170.PDF,finalpage/2026-06-24/1225383170.PDF,szse,01010901||010123||012903,gfbj0870269,435f0e7937011aa0ce21c27dbb674266f4e77ddc,2026-06-24T12:35:10.759677+00:00
1225383160,688510,航亚科技,华泰联合证券有限责任公司关于无锡航亚科技股份有限公司向不特定对象发行可转换公司债券之上市保荐书,2026-06-24,1782230400000,http://static.cninfo.com.cn/finalpage/2026-06-24/1225383160.PDF,finalpage/2026-06-24/1225383160.PDF,szse,01010701||010123||012911,gfbj0870269,fbdc96716d65b7dca18f550306a1c2a3f203d865,2026-06-24T12:35:12.012690+00:00
1225383177,688510,航亚科技,华泰联合证券有限责任公司关于无锡航亚科技股份有限公司向不特定对象发行可转换公司债券之发行保荐书,2026-06-24,1782230400000,http://static.cninfo.com.cn/finalpage/2026-06-24/1225383177.PDF,finalpage/2026-06-24/1225383177.PDF,szse,01010701||010123||012911,gfbj0870269,4d4041d8f072af75880b17d9348ae43e3ac16d95,2026-06-24T12:35:10.759677+00:00
1225383184,688510,航亚科技,无锡航亚科技股份有限公司关于向不特定对象发行可转换公司债券申请获得上海证券交易所受理的公告,2026-06-24,1782230400000,http://static.cninfo.com.cn/finalpage/2026-06-24/1225383184.PDF,finalpage/2026-06-24/1225383184.PDF,szse,01010503||010123||010999,gfbj0870269,c30be2b5b8213ddd2f5c3f5b8e4c23b3dd446ddb,2026-06-24T12:35:10.758672+00:00
1225383162,688510,航亚科技,无锡航亚科技股份有限公司向不特定对象发行可转换公司债券证券募集说明书（申报稿）,2026-06-24,1782230400000,http://static.cninfo.com.cn/finalpage/2026-06-24/1225383162.PDF,finalpage/2026-06-24/1225383162.PDF,szse,01010501||010123||010905,gfbj0870269,213e6b9bdb70503d6ddc3df21ea928fa873854ee,2026-06-24T12:35:12.012690+00:00
1225384339,688512,慧智微,股东减持股份结果公告,2026-06-24,1782230400000,http://static.cninfo.com.cn/finalpage/2026-06-24/1225384339.PDF,finalpage/2026-06-24/1225384339.PDF,szse,01010503||010123||011501,9900053938,d131743940f084ab896134ab816e8be049c46d9d,2026-06-24T12:34:29.576800+00:00
1225384387,688525,佰维存储,关于调整2026年度综合授信的公告,2026-06-24,1782230400000,http://static.cninfo.com.cn/finalpage/2026-06-24/1225384387.PDF,finalpage/2026-06-24/1225384387.PDF,szse,01010503||010123||011709,9900047412,f56f92c892f72465a9d874ba9933b01805c31bc3,2026-06-24T12:34:28.347492+00:00
1225382502,688533,上声电子,苏州上声电子股份有限公司关于可转债投资者适当性要求的风险提示性公告,2026-06-24,1782230400000,http://static.cninfo.com.cn/finalpage/2026-06-24/1225382502.PDF,finalpage/2026-06-24/1225382502.PDF,szse,01010503||010123||010999||012109,9900041606,658d08dfb13dd1e5adc39cd630b95c03b73b664a,2026-06-24T12:35:28.450468+00:00
1225383736,688559,海目星,中信证券股份有限公司关于海目星激光科技集团股份有限公司2025年年度报告的信息披露监管问询函回复的核查意见,2026-06-24,1782230400000,http://static.cninfo.com.cn/finalpage/2026-06-24/1225383736.PDF,finalpage/2026-06-24/1225383736.PDF,szse,010109||010123||0129,9900041799,8b1ec01ec7d3fe025967cf003161fdbb74c02f66,2026-06-24T12:34:50.547402+00:00
1225383739,688559,海目星,海目星：关于2025年年度报告的信息披露监管问询函回复公告,2026-06-24,1782230400000,http://static.cninfo.com.cn/finalpage/2026-06-24/1225383739.PDF,finalpage/2026-06-24/1225383739.PDF,szse,01010503||010123||012399,9900041799,6310d459560687d77be498b3100fb0d9f499f1d3,2026-06-24T12:34:50.547402+00:00
1225383733,688559,海目星,海目星：关于参与投资设立的产业基金完成私募投资基金备案的进展公告,2026-06-24,1782230400000,http://static.cninfo.com.cn/finalpage/2026-06-24/1225383733.PDF,finalpage/2026-06-24/1225383733.PDF,szse,01010503||010123||011705,9900041799,132ec6a5fd022f4d6bc9da5cee2a586dd43250a9,2026-06-24T12:34:50.548403+00:00
1225383738,688559,海目星,立信会计师事务所关于海目星激光科技集团股份有限公司2025年年度报告的信息披露监管问询函的回复说明,2026-06-24,1782230400000,http://static.cninfo.com.cn/finalpage/2026-06-24/1225383738.PDF,finalpage/2026-06-24/1225383738.PDF,szse,01010503||01010903||010123||012399||0129,9900041799,2e2daef1698a0f7331501c2bcf0eebae60bd0baf,2026-06-24T12:34:50.547402+00:00
1225383493,688579,地纬智能,北京市康达律师事务所关于地纬智能科技股份有限公司2026年第二次临时股东会的法律意见书1,2026-06-24,1782230400000,http://static.cninfo.com.cn/finalpage/2026-06-24/1225383493.PDF,finalpage/2026-06-24/1225383493.PDF,szse,01010901||010123||011999||012903,gfbj0831688,7b05f6c264a0f662cc17adf38bf84df1dd988def,2026-06-24T12:34:58.879887+00:00
1225383489,688579,地纬智能,地纬智能2025年年度权益分派实施公告,2026-06-24,1782230400000,http://static.cninfo.com.cn/finalpage/2026-06-24/1225383489.PDF,finalpage/2026-06-24/1225383489.PDF,szse,01010503||010123||011301,gfbj0831688,1e8ab8d88fcf233901d300e699ccf0675db475cf,2026-06-24T12:34:59.895392+00:00
1225383487,688579,地纬智能,地纬智能2026年第二次临时股东会决议公告,2026-06-24,1782230400000,http://static.cninfo.com.cn/finalpage/2026-06-24/1225383487.PDF,finalpage/2026-06-24/1225383487.PDF,szse,01010503||010123||011905,gfbj0831688,f1a318773eecd6c7fb2246539bb7126d6c2c2581,2026-06-24T12:34:59.895392+00:00
1225383831,688584,上海合晶,上海合晶2025年年度股东会决议公告,2026-06-24,1782230400000,http://static.cninfo.com.cn/finalpage/2026-06-24/1225383831.PDF,finalpage/2026-06-24/1225383831.PDF,szse,01010503||010123||011905,nssc1000610,ea17bf94a69341db98f612a0573922d068ca5a83,2026-06-24T12:34:47.964423+00:00
1225383827,688584,上海合晶,北京市金杜律师事务所关于上海合晶硅材料股份有限公司2025年年度股东会之法律意见书,2026-06-24,1782230400000,http://static.cninfo.com.cn/finalpage/2026-06-24/1225383827.PDF,finalpage/2026-06-24/1225383827.PDF,szse,01010901||010123||011999||012903,nssc1000610,c8184c2c452d290592d2db27c21d6fd7d7fd717f,2026-06-24T12:34:47.964423+00:00
1225384034,688595,芯海科技,芯海科技（深圳）股份有限公司向不特定对象发行可转换公司债券受托管理事务报告（2025年度）,2026-06-24,1782230400000,http://static.cninfo.com.cn/finalpage/2026-06-24/1225384034.PDF,finalpage/2026-06-24/1225384034.PDF,szse,01010503||010123||010999,gfbj0837517,0def2855089946b2b38e8280536f834403e687a0,2026-06-24T12:34:42.413458+00:00
1225383970,688608,恒玄科技,2025年年度权益分派实施公告,2026-06-24,1782230400000,http://static.cninfo.com.cn/finalpage/2026-06-24/1225383970.PDF,finalpage/2026-06-24/1225383970.PDF,szse,01010503||010123||011301,nssc1000367,0a24dfac9da96bb52d7b4be5834314f911c7d3f9,2026-06-24T12:34:44.622624+00:00
1225382572,688639,华恒生物,安徽华恒生物科技股份有限公司关于刊发境外上市股份（H股）发行聆讯后资料集的公告,2026-06-24,1782230400000,http://static.cninfo.com.cn/finalpage/2026-06-24/1225382572.PDF,finalpage/2026-06-24/1225382572.PDF,szse,01010501||010123||012399,gfbj0831088,ddae3b39de914dcfa6698f58cca686947f58d9ae,2026-06-24T12:35:25.195044+00:00
1225383560,688656,浩欧博,江苏浩欧博生物医药股份有限公司2023年限制性股票激励计划首次授予部分第一类激励对象第一个归属期归属结果暨股票上市公告,2026-06-24,1782230400000,http://static.cninfo.com.cn/finalpage/2026-06-24/1225383560.PDF,finalpage/2026-06-24/1225383560.PDF,szse,01010503||010123||012325,9900039221,9368542613bd8f3451b72b3e91df708ee77b64d8,2026-06-24T12:34:54.484377+00:00
1225382925,688668,鼎通科技,向不特定对象发行可转换公司债券发行提示性公告,2026-06-24,1782230400000,http://static.cninfo.com.cn/finalpage/2026-06-24/1225382925.PDF,finalpage/2026-06-24/1225382925.PDF,szse,01010503||010123||010909||010999,9900041452,40ef861b760e40656821891f6c52e14bee966a5f,2026-06-24T12:35:17.790269+00:00
1225383305,688687,凯因科技,凯因科技关于控股股东及其一致行动人权益变动触及1%整数倍的提示性公告,2026-06-24,1782230400000,http://static.cninfo.com.cn/finalpage/2026-06-24/1225383305.PDF,finalpage/2026-06-24/1225383305.PDF,szse,01010503||010123||011501,9900023505,6e9c07ed96940fb62191ce310cd572cc5ca996cd,2026-06-24T12:35:08.311766+00:00
1225384122,688710,益诺思,2026年第一次临时股东会会议资料,2026-06-24,1782230400000,http://static.cninfo.com.cn/finalpage/2026-06-24/1225384122.PDF,finalpage/2026-06-24/1225384122.PDF,szse,01010503||010123||011906,9900057434,89b19794a5f8e56366390ba40a8aebf5b50c933f,2026-06-24T12:34:39.704403+00:00
1225384246,688726,拉普拉斯,关于股东权益变动至5%以下的提示性公告,2026-06-24,1782230400000,http://static.cninfo.com.cn/finalpage/2026-06-24/1225384246.PDF,finalpage/2026-06-24/1225384246.PDF,szse,01010503||010123||011501,9900059088,dc2bffc06d5b43d48c191b5b08701b344b0d3766,2026-06-24T12:34:30.956175+00:00
1225384244,688726,拉普拉斯,简式权益变动报告书,2026-06-24,1782230400000,http://static.cninfo.com.cn/finalpage/2026-06-24/1225384244.PDF,finalpage/2026-06-24/1225384244.PDF,szse,01011101||010123||011501,9900059088,7978640e52bade7fd0145ffc7b24ef1120c56817,2026-06-24T12:34:30.956175+00:00
1225384035,688729,屹唐股份,股票交易异常波动公告,2026-06-24,1782230400000,http://static.cninfo.com.cn/finalpage/2026-06-24/1225384035.PDF,finalpage/2026-06-24/1225384035.PDF,szse,01010503||010123||012103,9900052123,5b922f8253fe0af888aa63c1b0118d344a38ee2e,2026-06-24T12:34:42.413458+00:00
1225382799,688737,中自科技,中自科技股份有限公司关于择期召开股东会的公告,2026-06-24,1782230400000,http://static.cninfo.com.cn/finalpage/2026-06-24/1225382799.PDF,finalpage/2026-06-24/1225382799.PDF,szse,01010503||010123||011901,gfbj0836497,178e6309c7d69d908a74e11ba8e1f65864dd8c14,2026-06-24T12:35:21.153394+00:00
1225382793,688737,中自科技,中自科技股份有限公司第四届董事会第十五次临时会议决议公告,2026-06-24,1782230400000,http://static.cninfo.com.cn/finalpage/2026-06-24/1225382793.PDF,finalpage/2026-06-24/1225382793.PDF,szse,01010503||010123||01239901,gfbj0836497,876da59571aba6b37058c3ca1d2e4e9a9eeffadc,2026-06-24T12:35:21.153394+00:00
1225382803,688737,中自科技,中自科技股份有限公司董事及高级管理人员薪酬管理制度,2026-06-24,1782230400000,http://static.cninfo.com.cn/finalpage/2026-06-24/1225382803.PDF,finalpage/2026-06-24/1225382803.PDF,szse,01010503||010123||013105||013199,gfbj0836497,64c1035eec833f31094388d62824c36d1c84edbe,2026-06-24T12:35:21.153394+00:00
1225382624,688755,汉邦科技,汉邦科技：关于与专业机构共同投资的进展公告,2026-06-24,1782230400000,http://static.cninfo.com.cn/finalpage/2026-06-24/1225382624.PDF,finalpage/2026-06-24/1225382624.PDF,szse,01010503||010123||011705,9900060336,b51a37250ab77e5a7ff90a330633c924d04ee806,2026-06-24T12:35:25.193039+00:00
1225383910,688758,赛分科技,北京海润天睿律师事务所关于苏州赛分科技股份有限公司2025年年度股东会的法律意见书,2026-06-24,1782230400000,http://static.cninfo.com.cn/finalpage/2026-06-24/1225383910.PDF,finalpage/2026-06-24/1225383910.PDF,szse,01010901||010123||011999||012903,9900057459,f5f217bc41aa42de6697a4e56dc362e7cb0438e8,2026-06-24T12:34:46.803581+00:00
1225383907,688758,赛分科技,苏州赛分科技股份有限公司2025年年度股东会决议公告,2026-06-24,1782230400000,http://static.cninfo.com.cn/finalpage/2026-06-24/1225383907.PDF,finalpage/2026-06-24/1225383907.PDF,szse,01010503||010123||011905,9900057459,1d4288e1fdccf6136d6e1eee9fa4bb7ca6dc12c0,2026-06-24T12:34:46.803581+00:00
1225383079,688766,普冉股份,普冉半导体（上海）股份有限公司关于注销剩余募集资金专项账户的公告,2026-06-24,1782230400000,http://static.cninfo.com.cn/finalpage/2026-06-24/1225383079.PDF,finalpage/2026-06-24/1225383079.PDF,szse,01010503||010123||012315,nssc1000720,b1cd60dc013b83f9b5861ce34850c12111d2f807,2026-06-24T12:35:13.853092+00:00
1225383525,688772,珠海冠宇,关于“冠宇转债”跟踪信用评级结果的公告,2026-06-24,1782230400000,http://static.cninfo.com.cn/finalpage/2026-06-24/1225383525.PDF,finalpage/2026-06-24/1225383525.PDF,szse,01010503||010123||010999,9900046634,89d187ec0a15ad8ece091cf70aec42d8439c010f,2026-06-24T12:34:58.878887+00:00
1225383527,688772,珠海冠宇,珠海冠宇电池股份有限公司向不特定对象发行可转换公司债券受托管理事务报告（2025年度）,2026-06-24,1782230400000,http://static.cninfo.com.cn/finalpage/2026-06-24/1225383527.PDF,finalpage/2026-06-24/1225383527.PDF,szse,01010503||010123||010999,9900046634,f66a5f6082fd327368943338607e3430601b7e7b,2026-06-24T12:34:58.878887+00:00
1225383531,688772,珠海冠宇,珠海冠宇电池股份有限公司相关债券2026年跟踪评级报告,2026-06-24,1782230400000,http://static.cninfo.com.cn/finalpage/2026-06-24/1225383531.PDF,finalpage/2026-06-24/1225383531.PDF,szse,01010501||010123||013999,9900046634,cc01fd6bf4ea57a8e4c9547d9c24a4373f3bc94e,2026-06-24T12:34:58.878887+00:00
1225383043,688783,西安奕材,关于对外投资暨关联交易的进展公告,2026-06-24,1782230400000,http://static.cninfo.com.cn/finalpage/2026-06-24/1225383043.PDF,finalpage/2026-06-24/1225383043.PDF,szse,01010503||010123||011705||011719,9900061680,98452d698cac9fa4502c1821522b5c7f51798c55,2026-06-24T12:35:15.299640+00:00
1225383464,688802,沐曦股份,沐曦股份2026年第一次临时股东会会议材料,2026-06-24,1782230400000,http://static.cninfo.com.cn/finalpage/2026-06-24/1225383464.PDF,finalpage/2026-06-24/1225383464.PDF,szse,01010503||010123||011906,9900063219,eb1635340a953ff4d2e607bfe3014a9625f68754,2026-06-24T12:34:59.897108+00:00
1225384524,688813,泰金新能,西安泰金新能科技股份有限公司2025年年度股东会会议资料,2026-06-24,1782230400000,http://static.cninfo.com.cn/finalpage/2026-06-24/1225384524.PDF,finalpage/2026-06-24/1225384524.PDF,szse,01010503||010123||011906,9900061070,f5c3e1a8f2b103ee46ef5957eaa5b23812a738b4,2026-06-24T12:34:25.046822+00:00
1225385096,920047,诺思兰德,关于全资子公司完成工商登记并取得营业执照的公告,2026-06-24,1782230400000,http://static.cninfo.com.cn/finalpage/2026-06-24/1225385096.PDF,finalpage/2026-06-24/1225385096.PDF,szse,01010503||010129||012399,9900006121,c2023eb1adec41671cce2edd8db691d42b6846cf,2026-06-24T12:34:25.046294+00:00
1225385443,920061,西磁科技,自有闲置资金委托理财进展公告,2026-06-24,1782230400000,http://static.cninfo.com.cn/finalpage/2026-06-24/1225385443.PDF,finalpage/2026-06-24/1225385443.PDF,szse,01010503||010129||011705,gfbj0836961,b74828cbb856c587828f6a9cc50f7b5238cf513c,2026-06-24T12:34:23.729636+00:00
1225385560,920077,吉林碳谷,获得政府补助公告,2026-06-24,1782230400000,http://static.cninfo.com.cn/finalpage/2026-06-24/1225385560.PDF,finalpage/2026-06-24/1225385560.PDF,szse,01010503||010129||012305,gfbj0836077,f559b6747df7ff36024dd71bcf6a204bbd1b23c6,2026-06-24T12:34:23.729636+00:00
1225386318,920083,金戈新材,关于签署募集资金专户三方监管协议的公告,2026-06-24,1782230400000,http://static.cninfo.com.cn/finalpage/2026-06-24/1225386318.PDF,finalpage/2026-06-24/1225386318.PDF,szse,01010503||010129||012315,gfbj0873524,0d8d45672acaffa631e422d844eabedb7272d4d6,2026-06-24T12:34:22.213097+00:00
1225384949,920087,秋乐种业,关于使用部分闲置募集资金进行现金管理的进展公告,2026-06-24,1782230400000,http://static.cninfo.com.cn/finalpage/2026-06-24/1225384949.PDF,finalpage/2026-06-24/1225384949.PDF,szse,01010503||010129||012315,gfbj0831087,6e599821cf45d13a1f35b2c27a9df0a12c96b02c,2026-06-24T12:34:25.046294+00:00
1225384950,920087,秋乐种业,关于使用闲置自有资金购买理财产品进展的公告,2026-06-24,1782230400000,http://static.cninfo.com.cn/finalpage/2026-06-24/1225384950.PDF,finalpage/2026-06-24/1225384950.PDF,szse,01010503||010129||011705,gfbj0831087,12334b344c7caffd5394824597bf69a81d3c8521,2026-06-24T12:34:25.046294+00:00
1225385559,920089,禾昌聚合,为全资子公司提供担保的公告,2026-06-24,1782230400000,http://static.cninfo.com.cn/finalpage/2026-06-24/1225385559.PDF,finalpage/2026-06-24/1225385559.PDF,szse,01010503||010129||011711,gfbj0832089,505443a80811637a13bc9d22972e10fc82408e1c,2026-06-24T12:34:23.729636+00:00
1225385518,920111,聚星科技,2026年第二次临时股东会决议公告,2026-06-24,1782230400000,http://static.cninfo.com.cn/finalpage/2026-06-24/1225385518.PDF,finalpage/2026-06-24/1225385518.PDF,szse,01010503||010129||011905,nssc1000327,36b4030af5a2fbdbf614fde326addc1ab1d1c1b6,2026-06-24T12:34:23.729636+00:00
1225385517,920111,聚星科技,上海市锦天城律师事务所关于温州聚星科技股份有限公司2026年第二次临时股东会的法律意见书,2026-06-24,1782230400000,http://static.cninfo.com.cn/finalpage/2026-06-24/1225385517.PDF,finalpage/2026-06-24/1225385517.PDF,szse,01010901||010129||011999||012903,nssc1000327,d82af51858fe18e4c5f107b0dc21667b381e857e,2026-06-24T12:34:23.729636+00:00
1225386176,920118,太湖远大,投资者关系活动记录表,2026-06-24,1782230400000,http://static.cninfo.com.cn/finalpage/2026-06-24/1225386176.PDF,finalpage/2026-06-24/1225386176.PDF,szse,01010501||010129||012329,9900041895,daaa3590a296ab2c52b4f950377d5c18efe5a94f,2026-06-24T12:34:22.214098+00:00
1225386177,920118,太湖远大,解除股权质押的公告,2026-06-24,1782230400000,http://static.cninfo.com.cn/finalpage/2026-06-24/1225386177.PDF,finalpage/2026-06-24/1225386177.PDF,szse,01010503||010129||012307,9900041895,999985ab334b45f8c5bcf7fef1040b3a59950960,2026-06-24T12:34:22.214098+00:00
1225385349,920119,美德乐,关于使用闲置募集资金进行现金管理的进展公告,2026-06-24,1782230400000,http://static.cninfo.com.cn/finalpage/2026-06-24/1225385349.PDF,finalpage/2026-06-24/1225385349.PDF,szse,01010503||010129||012315,gfbj0874489,88247c80847303e3a6ce66f9c5fc61356e2d36f5,2026-06-24T12:34:25.046294+00:00
1225385347,920119,美德乐,关于使用闲置自有资金进行现金管理的进展公告,2026-06-24,1782230400000,http://static.cninfo.com.cn/finalpage/2026-06-24/1225385347.PDF,finalpage/2026-06-24/1225385347.PDF,szse,01010503||010129||011705,gfbj0874489,c9109eddd9e06a4759ad4cc0cd93ecb55e364b9a,2026-06-24T12:34:25.046294+00:00
1225385986,920178,锐翔智能,2026年第一次临时股东会决议公告,2026-06-24,1782230400000,http://static.cninfo.com.cn/finalpage/2026-06-24/1225385986.PDF,finalpage/2026-06-24/1225385986.PDF,szse,01010503||010129||011905,gfbj0874580,46484168b7cd0c2523fc83c0747171a5e89e1cd9,2026-06-24T12:34:23.728630+00:00
1225385984,920178,锐翔智能,上海市锦天城（深圳）律师事务所关于珠海锐翔智能科技股份有限公司2026年第一次临时股东会之法律意见书,2026-06-24,1782230400000,http://static.cninfo.com.cn/finalpage/2026-06-24/1225385984.PDF,finalpage/2026-06-24/1225385984.PDF,szse,01010901||010129||011999||012903,gfbj0874580,d77ee74320485b32e99447d95e44eff68e6f59c1,2026-06-24T12:34:23.728630+00:00
1225385979,920178,锐翔智能,公司章程,2026-06-24,1782230400000,http://static.cninfo.com.cn/finalpage/2026-06-24/1225385979.PDF,finalpage/2026-06-24/1225385979.PDF,szse,01010503||010129||013101,gfbj0874580,a708238579389dc079ca886b3b815a39ebca3669,2026-06-24T12:34:23.728630+00:00
1225385980,920178,锐翔智能,股票解除限售公告,2026-06-24,1782230400000,http://static.cninfo.com.cn/finalpage/2026-06-24/1225385980.PDF,finalpage/2026-06-24/1225385980.PDF,szse,01010503||010129||011303,gfbj0874580,6477817923c85c6ec0088ecefc06408b684c085a,2026-06-24T12:34:23.728630+00:00
1225385351,920220,朗信电气,股票解除限售公告,2026-06-24,1782230400000,http://static.cninfo.com.cn/finalpage/2026-06-24/1225385351.PDF,finalpage/2026-06-24/1225385351.PDF,szse,01010503||010129||011303,gfbj0874326,853a0c66acb90eccb5f8bc2db20b1a2494db1457,2026-06-24T12:34:25.046294+00:00
1225385516,920222,益坤电气,向不特定合格投资者公开发行股票并在北京证券交易所上市发行结果公告,2026-06-24,1782230400000,http://static.cninfo.com.cn/finalpage/2026-06-24/1225385516.PDF,finalpage/2026-06-24/1225385516.PDF,szse,01010503||010129||010211||010215,nssc1000269,347c97c259cf5984dc7daec753b065a9ce4c5595,2026-06-24T12:34:23.729636+00:00
1225385742,920273,一致魔芋,关于变更持续督导保荐代表人的公告,2026-06-24,1782230400000,http://static.cninfo.com.cn/finalpage/2026-06-24/1225385742.PDF,finalpage/2026-06-24/1225385742.PDF,szse,01010503||010129||012301,gfbj0839273,486fcfbee9da7714238b2b78fd042513d8f57a80,2026-06-24T12:34:23.728630+00:00
1225384994,920392,佳合科技,关于取得发明专利证书的公告,2026-06-24,1782230400000,http://static.cninfo.com.cn/finalpage/2026-06-24/1225384994.PDF,finalpage/2026-06-24/1225384994.PDF,szse,01010503||010129||012305,gfbj0872392,59d7b06fe2353a47c30d4a9a1ca2ed8fa00c071a,2026-06-24T12:34:25.046294+00:00
1225385690,920395,朗鸿科技,股东拟减持股份的预披露公告（再次披露）,2026-06-24,1782230400000,http://static.cninfo.com.cn/finalpage/2026-06-24/1225385690.PDF,finalpage/2026-06-24/1225385690.PDF,szse,01010503||010129||012399,gfbj0836395,7472047a79da312320eeb5ac30148636603696a5,2026-06-24T12:34:23.728630+00:00
1225385481,920438,戈碧迦,中信建投证券股份有限公司关于湖北戈碧迦光电科技股份有限公司募集资金投资项目结项并将节余募集资金永久补充流动资金的核查意见,2026-06-24,1782230400000,http://static.cninfo.com.cn/finalpage/2026-06-24/1225385481.PDF,finalpage/2026-06-24/1225385481.PDF,szse,010109||010129||0129,gfbj0835438,b43b4ca10363e51b1dcf2765c19df63107e04c9b,2026-06-24T12:34:23.729636+00:00
1225385482,920438,戈碧迦,关于募投项目结项并将节余募集资金永久补充流动资金的公告,2026-06-24,1782230400000,http://static.cninfo.com.cn/finalpage/2026-06-24/1225385482.PDF,finalpage/2026-06-24/1225385482.PDF,szse,01010503||010129||012315,gfbj0835438,63ea45b18a3cd415c4796a585492057aa3ff0f40,2026-06-24T12:34:23.729636+00:00
1225385265,920475,三友科技,关于取得发明专利证书的公告,2026-06-24,1782230400000,http://static.cninfo.com.cn/finalpage/2026-06-24/1225385265.PDF,finalpage/2026-06-24/1225385265.PDF,szse,01010503||010129||012305,gfbj0834475,3a5735d14ab7fa46989d4b0af2e5f8e52a24375c,2026-06-24T12:34:25.046294+00:00
1225385692,920578,巨能股份,关于使用自有闲置资金购买理财产品进展的公告,2026-06-24,1782230400000,http://static.cninfo.com.cn/finalpage/2026-06-24/1225385692.PDF,finalpage/2026-06-24/1225385692.PDF,szse,01010503||010129||011705,gfbj0871478,1708166d504801d6f52c5a0c8dc6e7bbd3ec8f93,2026-06-24T12:34:23.728630+00:00
1225385691,920578,巨能股份,关于使用部分闲置募集资金进行现金管理的进展公告,2026-06-24,1782230400000,http://static.cninfo.com.cn/finalpage/2026-06-24/1225385691.PDF,finalpage/2026-06-24/1225385691.PDF,szse,01010503||010129||012315,gfbj0871478,53fd06f06e7c15e10dc50d0d4a1851b76bab9215,2026-06-24T12:34:23.728630+00:00
1225385929,920608,丰安股份,关于注销募集资金专项账户的公告,2026-06-24,1782230400000,http://static.cninfo.com.cn/finalpage/2026-06-24/1225385929.PDF,finalpage/2026-06-24/1225385929.PDF,szse,01010503||010129||012315,9900034486,3df358bb02596d8f9e4718f76190b32be1ce1bc7,2026-06-24T12:34:23.728630+00:00
1225386127,920679,前进科技,关于变更公司经营范围暨修订《公司章程》公告,2026-06-24,1782230400000,http://static.cninfo.com.cn/finalpage/2026-06-24/1225386127.PDF,finalpage/2026-06-24/1225386127.PDF,szse,01010503||010129||012301,nssc1000287,4433fc9cae991602aaf87f89f664e413f0047de4,2026-06-24T12:34:22.214098+00:00
1225386129,920679,前进科技,关于召开2026年第一次临时股东会通知公告（提供网络投票）,2026-06-24,1782230400000,http://static.cninfo.com.cn/finalpage/2026-06-24/1225386129.PDF,finalpage/2026-06-24/1225386129.PDF,szse,01010503||010129||011901,nssc1000287,d8e53e67a1d35b9df26b37dce7ca8d930857d37a,2026-06-24T12:34:22.214098+00:00
1225386120,920679,前进科技,关于向金融机构申请授信提供资产抵押、质押的公告,2026-06-24,1782230400000,http://static.cninfo.com.cn/finalpage/2026-06-24/1225386120.PDF,finalpage/2026-06-24/1225386120.PDF,szse,01010503||010129||011709||012307,nssc1000287,7d6f6e939fab2c54057f5b2a54107677f70a0204,2026-06-24T12:34:22.214098+00:00
1225386123,920679,前进科技,关于开展外汇套期保值业务的公告,2026-06-24,1782230400000,http://static.cninfo.com.cn/finalpage/2026-06-24/1225386123.PDF,finalpage/2026-06-24/1225386123.PDF,szse,01010503||010129||011799||012399,nssc1000287,868d5c14b738d9d433f1f032eab72bfa11d8293e,2026-06-24T12:34:22.214098+00:00
1225386124,920679,前进科技,关于开展外汇套期保值业务的可行性分析报告,2026-06-24,1782230400000,http://static.cninfo.com.cn/finalpage/2026-06-24/1225386124.PDF,finalpage/2026-06-24/1225386124.PDF,szse,01010503||010129||012399,nssc1000287,9f71f82d8681dc0bd2af506c74fc205935d25281,2026-06-24T12:34:22.214098+00:00
1225386118,920679,前进科技,国投证券股份有限公司关于浙江前进暖通科技股份有限公司开展外汇套期保值业务的核查意见,2026-06-24,1782230400000,http://static.cninfo.com.cn/finalpage/2026-06-24/1225386118.PDF,finalpage/2026-06-24/1225386118.PDF,szse,010109||010129||0129,nssc1000287,7dadc433c06679210139a9659ebd63b3733be4d6,2026-06-24T12:34:22.214098+00:00
1225386126,920679,前进科技,外汇套期保值业务管理制度,2026-06-24,1782230400000,http://static.cninfo.com.cn/finalpage/2026-06-24/1225386126.PDF,finalpage/2026-06-24/1225386126.PDF,szse,01010503||010129||013199,nssc1000287,a58849c953d92638c3d25733cdfb5f27c99b4422,2026-06-24T12:34:22.214098+00:00
1225386128,920679,前进科技,第四届董事会第八次会议决议公告,2026-06-24,1782230400000,http://static.cninfo.com.cn/finalpage/2026-06-24/1225386128.PDF,finalpage/2026-06-24/1225386128.PDF,szse,01010503||010129||01239901,nssc1000287,c1b9d1916c0837d0410556cb69b902889eb5250c,2026-06-24T12:34:22.214098+00:00
1225386122,920679,前进科技,高级管理人员任命公告,2026-06-24,1782230400000,http://static.cninfo.com.cn/finalpage/2026-06-24/1225386122.PDF,finalpage/2026-06-24/1225386122.PDF,szse,01010503||010129||012303,nssc1000287,4f38c8a647fa1fae980d08e6ae8274ca5ce05cf0,2026-06-24T12:34:22.214098+00:00
1225386125,920679,前进科技,高级管理人员离任公告,2026-06-24,1782230400000,http://static.cninfo.com.cn/finalpage/2026-06-24/1225386125.PDF,finalpage/2026-06-24/1225386125.PDF,szse,01010503||010129||012303,nssc1000287,45ac5526ea56af74d365bf0aa99e55bd23193a79,2026-06-24T12:34:22.214098+00:00
1225386448,920693,阿为特,中汇会计师事务所（特殊普通合伙）关于对上海阿为特精密机械股份有限公司2025年年报问询函的回复,2026-06-24,1782230400000,http://static.cninfo.com.cn/finalpage/2026-06-24/1225386448.PDF,finalpage/2026-06-24/1225386448.PDF,szse,010109||01010903||010129||0129,nssc1000029,f9a8559e0275cefb1a074a1fc3a7e8a6931bbd0b,2026-06-24T12:34:22.213097+00:00
1225386447,920693,阿为特,关于对北京证券交易所2025年年报问询函的回复公告,2026-06-24,1782230400000,http://static.cninfo.com.cn/finalpage/2026-06-24/1225386447.PDF,finalpage/2026-06-24/1225386447.PDF,szse,01010503||010129||012399,nssc1000029,6a8389727620b4dfef850d4b0b9958bafc92f341,2026-06-24T12:34:22.213097+00:00
1225385798,920694,中裕科技,关于重要合同的进展公告,2026-06-24,1782230400000,http://static.cninfo.com.cn/finalpage/2026-06-24/1225385798.PDF,finalpage/2026-06-24/1225385798.PDF,szse,01010503||010129||012327,9900035499,7d47f7a5b6f421fcfc85b7c11e09085549ef0507,2026-06-24T12:34:23.728630+00:00
1225385480,920726,朱老六,回购股份注销完成暨股份变动公告,2026-06-24,1782230400000,http://static.cninfo.com.cn/finalpage/2026-06-24/1225385480.PDF,finalpage/2026-06-24/1225385480.PDF,szse,01010503||010129||011513,gfbj0831726,1c7eada9f755ec89e9bdfbbe9830596b2d712c3b,2026-06-24T12:34:23.729636+00:00
1225385406,920748,路桥信息,董事、董事会秘书、内部审计部门负责人任命公告（更正公告）,2026-06-24,1782230400000,http://static.cninfo.com.cn/finalpage/2026-06-24/1225385406.PDF,finalpage/2026-06-24/1225385406.PDF,szse,01010503||010129||012303||012703,gfbj0837748,3047d2f1c8cf1bd59520d637175dc8ddfe3161cd,2026-06-24T12:34:23.729636+00:00
1225385405,920748,路桥信息,董事、董事会秘书、内部审计部门负责人任命公告（更正后）,2026-06-24,1782230400000,http://static.cninfo.com.cn/finalpage/2026-06-24/1225385405.PDF,finalpage/2026-06-24/1225385405.PDF,szse,01010503||010129||012303,gfbj0837748,c5cdc2ac1679199cc2406c74156849c71f4d0ab0,2026-06-24T12:34:25.045774+00:00
1225385442,920751,惠同新材,股东拟减持股份的预披露公告,2026-06-24,1782230400000,http://static.cninfo.com.cn/finalpage/2026-06-24/1225385442.PDF,finalpage/2026-06-24/1225385442.PDF,szse,01010503||010129||011501||012399,gfbj0833751,014831f5eb3a110060aa0ea780cc6d188efe467e,2026-06-24T12:34:23.729636+00:00
1225385877,920799,艾融软件,关于完成工商变更登记及公司章程备案并取得营业执照的公告,2026-06-24,1782230400000,http://static.cninfo.com.cn/finalpage/2026-06-24/1225385877.PDF,finalpage/2026-06-24/1225385877.PDF,szse,01010503||010129||012301||012399,gfbj0830799,12fe5cfabde6e702af85ace4fc59e8ecb1020a16,2026-06-24T12:34:23.728630+00:00
1225385407,920809,安达科技,关于子公司拟开展融资租赁业务的进展公告,2026-06-24,1782230400000,http://static.cninfo.com.cn/finalpage/2026-06-24/1225385407.PDF,finalpage/2026-06-24/1225385407.PDF,szse,01010503||010129||011707,gfbj0830809,9428f2a2beafbc42ec5c60cc960200da6333c8bd,2026-06-24T12:34:23.729636+00:00
1225386319,920826,盖世食品,关于公司牵头起草行业标准获国家工信部批准发布的公告,2026-06-24,1782230400000,http://static.cninfo.com.cn/finalpage/2026-06-24/1225386319.PDF,finalpage/2026-06-24/1225386319.PDF,szse,01010501||010129||012399,gfbj0836826,bb1292c473d832e5a097daaacd245016745c8b59,2026-06-24T12:34:22.213097+00:00
1225386321,920826,盖世食品,关于北京证券交易所恢复审核公司2025年度向特定对象发行可转换公司债券审查的公告,2026-06-24,1782230400000,http://static.cninfo.com.cn/finalpage/2026-06-24/1225386321.PDF,finalpage/2026-06-24/1225386321.PDF,szse,01010503||010129||010999,gfbj0836826,44a973c61e9a0cd6ae08a3e8cf8cd537fa974d33,2026-06-24T12:34:22.213097+00:00
1225386320,920826,盖世食品,关于对外投资设立控股子公司的进展公告,2026-06-24,1782230400000,http://static.cninfo.com.cn/finalpage/2026-06-24/1225386320.PDF,finalpage/2026-06-24/1225386320.PDF,szse,01010503||010129||011705,gfbj0836826,7d87603433d7809bc9a2225da60ed4cf329f7097,2026-06-24T12:34:22.213097+00:00
1225385689,920856,浩淼科技,股东减持股份结果公告,2026-06-24,1782230400000,http://static.cninfo.com.cn/finalpage/2026-06-24/1225385689.PDF,finalpage/2026-06-24/1225385689.PDF,szse,01010503||010129||011501,gfbj0831856,6833b0acf9b351504775c126297561d232b8f2e5,2026-06-24T12:34:23.729636+00:00
1225385445,920871,派特尔,关于控股股东、实际控制人及其一致行动人权益变动触及5%整数倍的提示性公告,2026-06-24,1782230400000,http://static.cninfo.com.cn/finalpage/2026-06-24/1225385445.PDF,finalpage/2026-06-24/1225385445.PDF,szse,01010503||010129||011501,gfbj0836871,4fa1121a7127cb55ead15243f396f711d381a4b5,2026-06-24T12:34:23.729636+00:00
1225385444,920871,派特尔,回购股份注销完成暨股份变动公告,2026-06-24,1782230400000,http://static.cninfo.com.cn/finalpage/2026-06-24/1225385444.PDF,finalpage/2026-06-24/1225385444.PDF,szse,01010503||010129||011513,gfbj0836871,72ea33c7188cbdc2eba5109ba14d51b775c9df03,2026-06-24T12:34:23.729636+00:00
1225386040,920885,星辰科技,2025年年度权益分派实施公告,2026-06-24,1782230400000,http://static.cninfo.com.cn/finalpage/2026-06-24/1225386040.PDF,finalpage/2026-06-24/1225386040.PDF,szse,01010503||010129||011301,gfbj0832885,5bb2f6e57435f740476e0e998db667ff4813843d,2026-06-24T12:34:23.728630+00:00
1225385346,920914,远航精密,关于取得发明专利证书的公告,2026-06-24,1782230400000,http://static.cninfo.com.cn/finalpage/2026-06-24/1225385346.PDF,finalpage/2026-06-24/1225385346.PDF,szse,01010503||010129||012305,gfbj0833914,c07bce291a5c5ffe29ece7c93e65fe9002f6af94,2026-06-24T12:34:25.046294+00:00
1225386188,920931,无锡鼎邦,东吴证券股份有限公司关于无锡鼎邦换热设备股份有限公司收购控股子公司少数股东股权暨关联交易的核查意见,2026-06-24,1782230400000,http://static.cninfo.com.cn/finalpage/2026-06-24/1225386188.PDF,finalpage/2026-06-24/1225386188.PDF,szse,010109||010129||0129,gfbj0872931,c2ae0e15c0fccfc381047169e56c4278c27ae972,2026-06-24T12:34:22.214098+00:00
1225386189,920931,无锡鼎邦,关于收购控股子公司少数股东股权暨关联交易的公告,2026-06-24,1782230400000,http://static.cninfo.com.cn/finalpage/2026-06-24/1225386189.PDF,finalpage/2026-06-24/1225386189.PDF,szse,01010503||010129||011701||011719,gfbj0872931,b0b15858b74b210343c551790dfc299407627330,2026-06-24T12:34:22.214098+00:00
1225386190,920931,无锡鼎邦,第三届董事会第十九次会议决议公告,2026-06-24,1782230400000,http://static.cninfo.com.cn/finalpage/2026-06-24/1225386190.PDF,finalpage/2026-06-24/1225386190.PDF,szse,01010503||010129||01239901,gfbj0872931,ef210e617f8c53c044d8b0e23be938200e0ad34e,2026-06-24T12:34:22.213097+00:00
1225385695,920932,科达自控,独立董事辞职公告,2026-06-24,1782230400000,http://static.cninfo.com.cn/finalpage/2026-06-24/1225385695.PDF,finalpage/2026-06-24/1225385695.PDF,szse,01010503||010129||012303,gfbj0831832,46e20e8d873a0a7c569a5dffab76f2d34b7f48cf,2026-06-24T12:34:23.728630+00:00
1225385693,920932,科达自控,股票解除限售公告,2026-06-24,1782230400000,http://static.cninfo.com.cn/finalpage/2026-06-24/1225385693.PDF,finalpage/2026-06-24/1225385693.PDF,szse,01010503||010129||011303,gfbj0831832,4ee59eb9e71006356498ced062f49b25fbcacb59,2026-06-24T12:34:23.728630+00:00
1225385982,920943,优机股份,四川优机实业股份有限公司向特定对象发行可转换公司债券受托管理事务报告（2025年度）,2026-06-24,1782230400000,http://static.cninfo.com.cn/finalpage/2026-06-24/1225385982.PDF,finalpage/2026-06-24/1225385982.PDF,szse,01010503||010129||010999,9900013373,f549830abadabe9384130fb76f66da8f5ae7f71d,2026-06-24T12:34:23.728630+00:00
1225384925,920971,天马新材,关于获得河南省专利奖二等奖的公告,2026-06-24,1782230400000,http://static.cninfo.com.cn/finalpage/2026-06-24/1225384925.PDF,finalpage/2026-06-24/1225384925.PDF,szse,01010501||010129||012399,gfbj0838971,012f243eefffbad6b4318669a8a62024f9e3e872,2026-06-24T12:34:25.046294+00:00
